GID,TimePeriod,deaths_Explosions/Remote violence,deaths_Protests,deaths_Riots,deaths_Strategic developments,deaths_Violence against civilians
AGO.1.1_1,1997-2000,0.0,0.0,0.0,0.0,3.0
AGO.1.1_1,2001-2004,0.0,0.0,0.0,0.0,6.0
AGO.1.2_1,1997-2000,0.0,0.0,0.0,0.0,10.0
AGO.1.2_1,2001-2004,0.0,0.0,0.0,0.0,8.0
AGO.1.2_1,2017-2020,0.0,0.0,1.0,0.0,0.0
AGO.1.3_1,1997-2000,0.0,0.0,0.0,0.0,24.0
AGO.1.3_1,2001-2004,0.0,0.0,0.0,0.0,16.0
AGO.1.5_1,1997-2000,0.0,0.0,0.0,0.0,10.0
AGO.1.5_1,2001-2004,0.0,0.0,0.0,0.0,11.0
AGO.10.10_1,1997-2000,0.0,0.0,0.0,0.0,31.0
AGO.10.10_1,2017-2020,0.0,0.0,0.0,0.0,2.0
AGO.10.11_1,2009-2012,4.0,0.0,0.0,0.0,0.0
AGO.10.12_1,1997-2000,0.0,0.0,0.0,0.0,1.0
AGO.10.13_1,2005-2008,1.0,0.0,0.0,0.0,0.0
AGO.10.13_1,2021-2024,0.0,0.0,1.0,0.0,0.0
AGO.10.1_1,1997-2000,0.0,0.0,0.0,0.0,14.0
AGO.10.2_1,1997-2000,0.0,0.0,0.0,0.0,16.0
AGO.10.2_1,2017-2020,0.0,0.0,1.0,0.0,0.0
AGO.10.4_1,1997-2000,0.0,0.0,0.0,0.0,300.0
AGO.10.5_1,1997-2000,0.0,0.0,0.0,0.0,0.0
AGO.10.5_1,2001-2004,0.0,0.0,0.0,0.0,15.0
AGO.10.6_1,2013-2016,0.0,0.0,1.0,0.0,0.0
AGO.10.8_1,1997-2000,0.0,0.0,0.0,0.0,30.0
AGO.10.8_1,2005-2008,9.0,0.0,0.0,0.0,0.0
AGO.10.9_1,1997-2000,0.0,0.0,0.0,0.0,401.0
AGO.10.9_1,2021-2024,0.0,0.0,1.0,0.0,0.0
AGO.11.1_1,2017-2020,0.0,0.0,0.0,0.0,2.0
AGO.11.1_1,2021-2024,0.0,0.0,2.0,0.0,0.0
AGO.11.2_1,2017-2020,0.0,0.0,1.0,0.0,1.0
AGO.11.4_1,2017-2020,0.0,0.0,1.0,0.0,1.0
AGO.11.4_1,2021-2024,0.0,0.0,3.0,0.0,0.0
AGO.11.5_1,1997-2000,80.0,0.0,0.0,0.0,125.0
AGO.11.5_1,2001-2004,0.0,0.0,2.0,0.0,0.0
AGO.11.5_1,2005-2008,0.0,0.0,0.0,0.0,10.0
AGO.11.5_1,2009-2012,0.0,0.0,0.0,0.0,4.0
AGO.11.5_1,2013-2016,0.0,1.0,0.0,0.0,1.0
AGO.11.5_1,2017-2020,0.0,1.0,5.0,0.0,20.0
AGO.11.5_1,2021-2024,0.0,0.0,1.0,0.0,0.0
AGO.11.7_1,1997-2000,0.0,0.0,0.0,0.0,100.0
AGO.11.7_1,2017-2020,0.0,0.0,0.0,0.0,2.0
AGO.11.9_1,2001-2004,0.0,0.0,3.0,0.0,3.0
AGO.11.9_1,2013-2016,0.0,1.0,0.0,0.0,15.0
AGO.11.9_1,2017-2020,0.0,1.0,5.0,0.0,4.0
AGO.11.9_1,2021-2024,0.0,0.0,1.0,0.0,1.0
AGO.12.1_1,1997-2000,0.0,0.0,0.0,0.0,150.0
AGO.12.1_1,2001-2004,0.0,0.0,0.0,0.0,50.0
AGO.12.1_1,2017-2020,0.0,0.0,0.0,0.0,0.0
AGO.12.2_1,2017-2020,0.0,0.0,1.0,0.0,0.0
AGO.12.3_1,1997-2000,0.0,0.0,0.0,0.0,36.0
AGO.12.4_1,2001-2004,0.0,0.0,16.0,0.0,140.0
AGO.12.5_1,1997-2000,0.0,0.0,0.0,0.0,604.0
AGO.12.5_1,2013-2016,0.0,0.0,0.0,0.0,2.0
AGO.12.5_1,2017-2020,0.0,3.0,0.0,0.0,1.0
AGO.12.5_1,2021-2024,0.0,6.0,0.0,0.0,5.0
AGO.12.8_1,1997-2000,0.0,0.0,0.0,0.0,1.0
AGO.12.8_1,2017-2020,0.0,0.0,0.0,0.0,8.0
AGO.12.9_1,1997-2000,0.0,0.0,0.0,0.0,247.0
AGO.12.9_1,2001-2004,0.0,0.0,0.0,0.0,80.0
AGO.12.9_1,2017-2020,0.0,1.0,0.0,0.0,0.0
AGO.13.1_1,1997-2000,40.0,0.0,0.0,0.0,50.0
AGO.13.1_1,2001-2004,0.0,0.0,0.0,0.0,50.0
AGO.13.2_1,1997-2000,0.0,0.0,0.0,0.0,104.0
AGO.13.2_1,2001-2004,0.0,0.0,0.0,0.0,6.0
AGO.13.4_1,1997-2000,0.0,0.0,0.0,0.0,76.0
AGO.13.4_1,2001-2004,0.0,0.0,0.0,0.0,2.0
AGO.14.10_1,2001-2004,0.0,0.0,0.0,0.0,0.0
AGO.14.13_1,2001-2004,0.0,0.0,0.0,0.0,1.0
AGO.14.1_1,1997-2000,0.0,0.0,0.0,0.0,0.0
AGO.14.1_1,2001-2004,0.0,0.0,0.0,0.0,20.0
AGO.14.2_1,1997-2000,0.0,0.0,0.0,0.0,1.0
AGO.14.4_1,1997-2000,0.0,0.0,0.0,0.0,0.0
AGO.14.4_1,2001-2004,0.0,0.0,0.0,0.0,35.0
AGO.14.5_1,1997-2000,0.0,0.0,0.0,0.0,29.0
AGO.14.5_1,2001-2004,0.0,0.0,0.0,0.0,0.0
AGO.14.6_1,1997-2000,0.0,0.0,0.0,0.0,0.0
AGO.14.8_1,2001-2004,0.0,0.0,0.0,0.0,12.0
AGO.14.9_1,1997-2000,22.0,0.0,0.0,0.0,901.0
AGO.14.9_1,2001-2004,0.0,0.0,0.0,0.0,32.0
AGO.14.9_1,2017-2020,0.0,0.0,0.0,0.0,1.0
AGO.15.1_1,1997-2000,0.0,0.0,0.0,0.0,200.0
AGO.15.1_1,2013-2016,1.0,0.0,0.0,0.0,0.0
AGO.15.1_1,2017-2020,0.0,0.0,0.0,0.0,0.0
AGO.15.5_1,1997-2000,0.0,0.0,0.0,0.0,0.0
AGO.15.9_1,1997-2000,0.0,0.0,0.0,0.0,6.0
AGO.15.9_1,2001-2004,0.0,0.0,0.0,0.0,0.0
AGO.16.3_1,2017-2020,0.0,0.0,0.0,0.0,1.0
AGO.17.10_1,1997-2000,0.0,0.0,0.0,0.0,1.0
AGO.17.10_1,2001-2004,0.0,0.0,0.0,0.0,0.0
AGO.17.12_1,1997-2000,0.0,0.0,0.0,0.0,1.0
AGO.17.12_1,2017-2020,0.0,0.0,0.0,0.0,1.0
AGO.17.13_1,1997-2000,0.0,0.0,0.0,0.0,0.0
AGO.17.14_1,1997-2000,0.0,0.0,0.0,0.0,0.0
AGO.17.16_1,1997-2000,0.0,0.0,0.0,0.0,91.0
AGO.17.16_1,2001-2004,7.0,0.0,0.0,0.0,5.0
AGO.17.16_1,2017-2020,0.0,0.0,0.0,0.0,1.0
AGO.17.16_1,2021-2024,0.0,0.0,1.0,0.0,0.0
AGO.17.1_1,1997-2000,0.0,0.0,0.0,0.0,0.0
AGO.17.1_1,2017-2020,0.0,0.0,0.0,0.0,1.0
AGO.17.2_1,1997-2000,0.0,0.0,0.0,0.0,20.0
AGO.17.3_1,1997-2000,0.0,0.0,0.0,0.0,34.0
AGO.17.4_1,1997-2000,0.0,0.0,0.0,0.0,0.0
AGO.17.7_1,1997-2000,0.0,0.0,0.0,0.0,0.0
AGO.17.9_1,1997-2000,0.0,0.0,0.0,0.0,20.0
AGO.18.2_1,1997-2000,0.0,0.0,0.0,0.0,0.0
AGO.18.2_1,2021-2024,0.0,0.0,0.0,0.0,1.0
AGO.18.3_1,2021-2024,0.0,0.0,1.0,0.0,0.0
AGO.18.4_1,1997-2000,0.0,0.0,0.0,0.0,0.0
AGO.18.5_1,1997-2000,0.0,0.0,0.0,0.0,1.0
AGO.18.6_1,2009-2012,0.0,0.0,0.0,0.0,1.0
AGO.2.1_1,2001-2004,0.0,0.0,0.0,0.0,20.0
AGO.2.2_1,1997-2000,0.0,0.0,0.0,0.0,17.0
AGO.2.3_1,1997-2000,0.0,0.0,0.0,0.0,6.0
AGO.2.3_1,2001-2004,0.0,0.0,0.0,0.0,17.0
AGO.2.3_1,2017-2020,0.0,0.0,2.0,0.0,2.0
AGO.2.4_1,1997-2000,0.0,0.0,0.0,0.0,25.0
AGO.2.4_1,2001-2004,0.0,0.0,0.0,0.0,6.0
AGO.2.5_1,1997-2000,0.0,0.0,0.0,0.0,1.0
AGO.2.5_1,2001-2004,0.0,0.0,0.0,0.0,19.0
AGO.2.5_1,2009-2012,0.0,0.0,2.0,0.0,0.0
AGO.2.6_1,1997-2000,0.0,0.0,0.0,0.0,108.0
AGO.2.6_1,2001-2004,0.0,0.0,0.0,0.0,0.0
AGO.2.7_1,1997-2000,0.0,0.0,0.0,0.0,3.0
AGO.2.7_1,2013-2016,0.0,0.0,0.0,0.0,0.0
AGO.2.8_1,1997-2000,0.0,0.0,0.0,0.0,28.0
AGO.2.9_1,1997-2000,0.0,0.0,0.0,0.0,11.0
AGO.2.9_1,2021-2024,0.0,0.0,2.0,0.0,0.0
AGO.3.1_1,1997-2000,0.0,0.0,0.0,0.0,1.0
AGO.3.2_1,1997-2000,0.0,0.0,0.0,0.0,1133.0
AGO.3.2_1,2001-2004,0.0,0.0,0.0,0.0,20.0
AGO.3.3_1,1997-2000,0.0,0.0,0.0,0.0,200.0
AGO.3.3_1,2001-2004,0.0,0.0,0.0,0.0,0.0
AGO.3.4_1,1997-2000,0.0,0.0,0.0,0.0,240.0
AGO.3.5_1,1997-2000,0.0,0.0,0.0,0.0,100.0
AGO.3.5_1,2001-2004,0.0,0.0,0.0,0.0,6.0
AGO.3.5_1,2013-2016,1.0,0.0,0.0,0.0,0.0
AGO.3.6_1,1997-2000,0.0,0.0,0.0,0.0,0.0
AGO.3.6_1,2001-2004,0.0,0.0,0.0,0.0,0.0
AGO.3.7_1,1997-2000,0.0,0.0,0.0,0.0,2.0
AGO.3.7_1,2001-2004,0.0,0.0,0.0,0.0,0.0
AGO.3.8_1,1997-2000,5400.0,0.0,0.0,0.0,6201.0
AGO.3.8_1,2001-2004,0.0,0.0,0.0,0.0,1.0
AGO.3.9_1,1997-2000,0.0,0.0,0.0,0.0,0.0
AGO.3.9_1,2001-2004,0.0,0.0,0.0,0.0,0.0
AGO.4.1_1,1997-2000,0.0,0.0,0.0,0.0,10.0
AGO.4.1_1,2005-2008,0.0,0.0,0.0,0.0,0.0
AGO.4.2_1,1997-2000,0.0,0.0,0.0,0.0,20.0
AGO.4.2_1,2001-2004,0.0,0.0,0.0,0.0,0.0
AGO.4.2_1,2005-2008,0.0,0.0,0.0,0.0,1.0
AGO.4.2_1,2013-2016,0.0,0.0,0.0,0.0,0.0
AGO.4.2_1,2017-2020,0.0,0.0,0.0,0.0,0.0
AGO.4.3_1,1997-2000,0.0,0.0,0.0,0.0,203.0
AGO.4.3_1,2001-2004,0.0,0.0,0.0,0.0,0.0
AGO.4.3_1,2005-2008,0.0,0.0,0.0,0.0,4.0
AGO.4.4_1,1997-2000,0.0,0.0,0.0,0.0,1.0
AGO.5.1_1,1997-2000,0.0,0.0,0.0,0.0,61.0
AGO.5.1_1,2001-2004,0.0,0.0,0.0,0.0,2.0
AGO.5.2_1,1997-2000,0.0,0.0,0.0,0.0,25.0
AGO.5.3_1,1997-2000,0.0,0.0,0.0,0.0,2.0
AGO.5.5_1,1997-2000,0.0,0.0,0.0,0.0,26.0
AGO.5.6_1,2001-2004,7.0,0.0,0.0,0.0,0.0
AGO.5.6_1,2013-2016,0.0,0.0,0.0,0.0,1.0
AGO.5.9_1,1997-2000,0.0,0.0,0.0,0.0,0.0
AGO.5.9_1,2001-2004,0.0,0.0,0.0,0.0,14.0
AGO.6.12_1,1997-2000,0.0,0.0,0.0,0.0,0.0
AGO.6.13_1,1997-2000,0.0,0.0,0.0,0.0,2.0
AGO.6.13_1,2001-2004,0.0,0.0,0.0,0.0,0.0
AGO.6.2_1,1997-2000,0.0,0.0,0.0,0.0,0.0
AGO.6.4_1,1997-2000,0.0,0.0,0.0,0.0,10.0
AGO.6.5_1,2001-2004,0.0,0.0,0.0,0.0,200.0
AGO.6.6_1,1997-2000,0.0,0.0,0.0,0.0,1.0
AGO.6.6_1,2001-2004,0.0,0.0,0.0,0.0,0.0
AGO.6.7_1,1997-2000,0.0,0.0,0.0,0.0,11.0
AGO.6.7_1,2001-2004,0.0,0.0,0.0,0.0,0.0
AGO.7.10_1,1997-2000,0.0,0.0,0.0,0.0,73.0
AGO.7.10_1,2001-2004,0.0,0.0,0.0,0.0,4.0
AGO.7.12_1,2017-2020,1.0,0.0,0.0,0.0,0.0
AGO.7.2_1,1997-2000,0.0,0.0,0.0,0.0,400.0
AGO.7.3_1,1997-2000,0.0,0.0,0.0,0.0,40.0
AGO.7.5_1,1997-2000,0.0,0.0,0.0,0.0,22.0
AGO.7.8_1,1997-2000,0.0,0.0,0.0,0.0,1.0
AGO.8.2_1,2017-2020,0.0,0.0,1.0,0.0,1.0
AGO.8.5_1,2001-2004,0.0,0.0,0.0,0.0,0.0
AGO.9.10_1,1997-2000,0.0,0.0,0.0,0.0,10.0
AGO.9.11_1,2001-2004,0.0,0.0,0.0,0.0,0.0
AGO.9.1_1,1997-2000,420.0,0.0,0.0,0.0,5.0
AGO.9.1_1,2001-2004,0.0,0.0,0.0,0.0,20.0
AGO.9.1_1,2005-2008,0.0,0.0,0.0,0.0,1.0
AGO.9.1_1,2017-2020,0.0,0.0,1.0,0.0,0.0
AGO.9.2_1,1997-2000,0.0,0.0,0.0,0.0,63.0
AGO.9.2_1,2017-2020,0.0,0.0,0.0,0.0,1.0
AGO.9.3_1,2001-2004,0.0,0.0,0.0,0.0,18.0
AGO.9.4_1,1997-2000,0.0,0.0,0.0,0.0,20.0
AGO.9.5_1,1997-2000,67.0,0.0,0.0,0.0,95.0
AGO.9.5_1,2001-2004,0.0,0.0,0.0,0.0,0.0
AGO.9.5_1,2017-2020,0.0,0.0,3.0,0.0,0.0
AGO.9.6_1,1997-2000,0.0,0.0,0.0,0.0,2.0
AGO.9.6_1,2001-2004,0.0,0.0,0.0,0.0,4.0
AGO.9.6_1,2013-2016,0.0,0.0,0.0,0.0,1.0
AGO.9.6_1,2021-2024,0.0,0.0,1.0,0.0,1.0
AGO.9.7_1,1997-2000,0.0,0.0,0.0,0.0,10.0
AGO.9.7_1,2001-2004,0.0,0.0,0.0,0.0,48.0
AGO.9.8_1,2013-2016,0.0,0.0,0.0,0.0,6.0
BDI.1.1_1,1997-2000,2.0,0.0,0.0,0.0,145.0
BDI.1.1_1,2001-2004,5.0,0.0,0.0,0.0,247.0
BDI.1.1_1,2005-2008,2.0,0.0,0.0,0.0,2.0
BDI.1.1_1,2009-2012,1.0,0.0,0.0,0.0,2.0
BDI.1.1_1,2013-2016,4.0,0.0,0.0,0.0,3.0
BDI.1.1_1,2017-2020,2.0,0.0,1.0,0.0,4.0
BDI.1.2_1,1997-2000,12.0,0.0,0.0,0.0,97.0
BDI.1.2_1,2001-2004,3.0,0.0,0.0,0.0,35.0
BDI.1.2_1,2005-2008,0.0,0.0,0.0,0.0,2.0
BDI.1.2_1,2009-2012,1.0,0.0,0.0,0.0,1.0
BDI.1.2_1,2013-2016,0.0,0.0,0.0,0.0,16.0
BDI.1.2_1,2017-2020,0.0,0.0,0.0,0.0,16.0
BDI.1.2_1,2021-2024,0.0,0.0,0.0,0.0,1.0
BDI.1.3_1,1997-2000,0.0,0.0,0.0,0.0,3.0
BDI.1.3_1,2001-2004,0.0,0.0,0.0,0.0,12.0
BDI.1.3_1,2005-2008,5.0,0.0,0.0,0.0,3.0
BDI.1.3_1,2009-2012,0.0,0.0,0.0,0.0,2.0
BDI.1.3_1,2013-2016,1.0,0.0,0.0,0.0,32.0
BDI.1.3_1,2017-2020,0.0,0.0,0.0,0.0,4.0
BDI.1.3_1,2021-2024,0.0,0.0,0.0,0.0,3.0
BDI.1.4_1,1997-2000,0.0,0.0,0.0,0.0,7.0
BDI.1.4_1,2001-2004,0.0,0.0,0.0,0.0,6.0
BDI.1.4_1,2005-2008,0.0,0.0,0.0,0.0,6.0
BDI.1.4_1,2013-2016,0.0,0.0,0.0,0.0,4.0
BDI.1.4_1,2017-2020,1.0,0.0,0.0,0.0,2.0
BDI.1.5_1,1997-2000,3.0,0.0,5.0,0.0,15.0
BDI.1.5_1,2001-2004,0.0,0.0,0.0,0.0,20.0
BDI.1.5_1,2005-2008,0.0,0.0,0.0,0.0,0.0
BDI.1.5_1,2009-2012,0.0,0.0,0.0,0.0,1.0
BDI.1.5_1,2013-2016,4.0,0.0,0.0,0.0,2.0
BDI.1.5_1,2017-2020,0.0,0.0,0.0,0.0,2.0
BDI.10.1_1,2013-2016,0.0,0.0,0.0,0.0,2.0
BDI.10.1_1,2017-2020,0.0,0.0,0.0,0.0,4.0
BDI.10.2_1,2009-2012,3.0,0.0,0.0,0.0,0.0
BDI.10.2_1,2013-2016,3.0,0.0,0.0,0.0,1.0
BDI.10.2_1,2017-2020,2.0,0.0,1.0,0.0,4.0
BDI.10.2_1,2021-2024,0.0,0.0,1.0,0.0,0.0
BDI.10.3_1,1997-2000,0.0,0.0,0.0,0.0,0.0
BDI.10.3_1,2009-2012,0.0,0.0,6.0,0.0,0.0
BDI.10.3_1,2017-2020,0.0,0.0,2.0,0.0,7.0
BDI.10.4_1,1997-2000,0.0,0.0,0.0,0.0,9.0
BDI.10.4_1,2013-2016,0.0,0.0,0.0,0.0,7.0
BDI.10.4_1,2017-2020,0.0,0.0,0.0,0.0,1.0
BDI.10.5_1,1997-2000,0.0,0.0,0.0,0.0,1.0
BDI.10.5_1,2009-2012,0.0,0.0,0.0,0.0,8.0
BDI.10.5_1,2013-2016,4.0,0.0,0.0,0.0,6.0
BDI.10.5_1,2017-2020,10.0,0.0,2.0,0.0,9.0
BDI.10.5_1,2021-2024,0.0,0.0,1.0,0.0,2.0
BDI.10.6_1,2009-2012,0.0,0.0,0.0,0.0,2.0
BDI.10.6_1,2013-2016,0.0,0.0,0.0,0.0,3.0
BDI.10.6_1,2017-2020,1.0,0.0,1.0,0.0,8.0
BDI.10.6_1,2021-2024,0.0,0.0,0.0,0.0,0.0
BDI.10.7_1,2013-2016,0.0,0.0,0.0,0.0,2.0
BDI.10.7_1,2017-2020,0.0,0.0,2.0,0.0,5.0
BDI.11.1_1,1997-2000,0.0,0.0,0.0,0.0,24.0
BDI.11.1_1,2001-2004,1.0,0.0,0.0,0.0,17.0
BDI.11.1_1,2009-2012,0.0,0.0,0.0,0.0,1.0
BDI.11.1_1,2013-2016,0.0,0.0,0.0,0.0,3.0
BDI.11.1_1,2017-2020,0.0,0.0,0.0,0.0,5.0
BDI.11.2_1,1997-2000,0.0,0.0,0.0,0.0,32.0
BDI.11.2_1,2001-2004,0.0,0.0,0.0,0.0,5.0
BDI.11.2_1,2013-2016,0.0,0.0,0.0,0.0,1.0
BDI.11.2_1,2017-2020,0.0,0.0,0.0,0.0,1.0
BDI.11.2_1,2021-2024,0.0,0.0,0.0,0.0,1.0
BDI.11.4_1,1997-2000,0.0,0.0,0.0,0.0,114.0
BDI.11.4_1,2001-2004,0.0,0.0,0.0,0.0,5.0
BDI.11.4_1,2013-2016,0.0,0.0,0.0,0.0,2.0
BDI.11.4_1,2021-2024,0.0,0.0,0.0,0.0,1.0
BDI.11.5_1,1997-2000,0.0,0.0,0.0,0.0,340.0
BDI.11.5_1,2001-2004,0.0,0.0,0.0,0.0,28.0
BDI.11.5_1,2017-2020,0.0,0.0,0.0,0.0,3.0
BDI.11.6_1,1997-2000,0.0,0.0,0.0,0.0,71.0
BDI.11.6_1,2001-2004,0.0,0.0,0.0,0.0,26.0
BDI.11.6_1,2005-2008,0.0,0.0,0.0,0.0,0.0
BDI.11.6_1,2013-2016,0.0,0.0,0.0,0.0,6.0
BDI.11.6_1,2017-2020,0.0,0.0,0.0,0.0,5.0
BDI.11.6_1,2021-2024,0.0,0.0,1.0,0.0,0.0
BDI.11.7_1,1997-2000,0.0,0.0,0.0,0.0,0.0
BDI.11.7_1,2001-2004,0.0,0.0,0.0,0.0,3.0
BDI.11.7_1,2009-2012,0.0,0.0,0.0,0.0,0.0
BDI.11.7_1,2013-2016,0.0,0.0,0.0,0.0,4.0
BDI.11.7_1,2017-2020,0.0,0.0,0.0,0.0,1.0
BDI.12.1_1,1997-2000,0.0,0.0,0.0,0.0,0.0
BDI.12.1_1,2001-2004,0.0,0.0,0.0,0.0,7.0
BDI.12.2_1,1997-2000,0.0,0.0,0.0,0.0,0.0
BDI.12.2_1,2001-2004,0.0,0.0,0.0,0.0,0.0
BDI.12.2_1,2009-2012,0.0,0.0,0.0,0.0,2.0
BDI.12.2_1,2013-2016,0.0,0.0,0.0,0.0,2.0
BDI.12.2_1,2017-2020,0.0,0.0,0.0,0.0,2.0
BDI.12.2_1,2021-2024,2.0,0.0,0.0,0.0,0.0
BDI.12.3_1,1997-2000,0.0,0.0,0.0,0.0,52.0
BDI.12.3_1,2001-2004,0.0,0.0,0.0,0.0,0.0
BDI.12.3_1,2009-2012,1.0,0.0,0.0,0.0,0.0
BDI.12.3_1,2017-2020,0.0,0.0,0.0,0.0,1.0
BDI.12.4_1,1997-2000,9.0,0.0,0.0,0.0,490.0
BDI.12.4_1,2001-2004,0.0,0.0,0.0,0.0,11.0
BDI.12.4_1,2005-2008,0.0,0.0,0.0,0.0,10.0
BDI.12.4_1,2009-2012,0.0,0.0,0.0,0.0,2.0
BDI.12.4_1,2013-2016,1.0,0.0,0.0,0.0,2.0
BDI.12.4_1,2017-2020,1.0,0.0,0.0,0.0,3.0
BDI.12.5_1,1997-2000,0.0,0.0,0.0,0.0,83.0
BDI.12.5_1,2001-2004,0.0,0.0,0.0,0.0,0.0
BDI.12.5_1,2017-2020,0.0,0.0,0.0,0.0,1.0
BDI.12.5_1,2021-2024,0.0,0.0,0.0,0.0,15.0
BDI.13.1_1,2001-2004,0.0,0.0,0.0,0.0,0.0
BDI.13.1_1,2005-2008,0.0,0.0,0.0,0.0,3.0
BDI.13.1_1,2009-2012,1.0,0.0,0.0,0.0,0.0
BDI.13.1_1,2017-2020,0.0,0.0,0.0,0.0,6.0
BDI.13.2_1,1997-2000,0.0,0.0,0.0,0.0,124.0
BDI.13.2_1,2017-2020,0.0,0.0,2.0,0.0,4.0
BDI.13.3_1,2017-2020,0.0,0.0,2.0,0.0,1.0
BDI.13.4_1,2013-2016,0.0,0.0,0.0,0.0,1.0
BDI.13.4_1,2017-2020,0.0,0.0,6.0,0.0,2.0
BDI.13.4_1,2021-2024,0.0,0.0,0.0,0.0,1.0
BDI.13.5_1,1997-2000,1.0,0.0,0.0,0.0,2.0
BDI.13.5_1,2001-2004,0.0,0.0,0.0,0.0,0.0
BDI.13.5_1,2009-2012,1.0,0.0,1.0,0.0,0.0
BDI.13.5_1,2013-2016,0.0,0.0,0.0,0.0,2.0
BDI.13.5_1,2017-2020,0.0,0.0,0.0,0.0,5.0
BDI.13.6_1,1997-2000,0.0,0.0,0.0,0.0,249.0
BDI.13.6_1,2001-2004,0.0,0.0,0.0,0.0,5.0
BDI.13.6_1,2009-2012,3.0,0.0,0.0,0.0,3.0
BDI.13.6_1,2013-2016,0.0,0.0,0.0,0.0,1.0
BDI.13.6_1,2017-2020,3.0,0.0,0.0,0.0,7.0
BDI.13.6_1,2021-2024,0.0,0.0,0.0,0.0,1.0
BDI.13.7_1,2001-2004,0.0,0.0,0.0,0.0,3.0
BDI.13.7_1,2017-2020,0.0,0.0,0.0,0.0,3.0
BDI.14.1_1,1997-2000,0.0,0.0,0.0,0.0,11.0
BDI.14.1_1,2013-2016,0.0,0.0,0.0,0.0,1.0
BDI.14.2_1,2005-2008,0.0,0.0,0.0,0.0,4.0
BDI.14.2_1,2013-2016,0.0,1.0,0.0,0.0,4.0
BDI.14.3_1,1997-2000,3.0,0.0,0.0,0.0,0.0
BDI.14.3_1,2001-2004,0.0,0.0,0.0,0.0,2.0
BDI.14.3_1,2013-2016,0.0,0.0,0.0,0.0,2.0
BDI.14.3_1,2017-2020,0.0,0.0,0.0,0.0,3.0
BDI.14.4_1,2001-2004,0.0,0.0,0.0,0.0,1.0
BDI.14.4_1,2013-2016,0.0,0.0,0.0,0.0,3.0
BDI.14.4_1,2017-2020,0.0,0.0,0.0,0.0,4.0
BDI.14.5_1,2001-2004,0.0,0.0,0.0,0.0,2.0
BDI.14.5_1,2013-2016,0.0,0.0,0.0,0.0,2.0
BDI.14.5_1,2017-2020,0.0,0.0,0.0,0.0,3.0
BDI.14.6_1,2001-2004,0.0,0.0,0.0,0.0,3.0
BDI.14.6_1,2017-2020,1.0,0.0,0.0,0.0,6.0
BDI.14.6_1,2021-2024,0.0,0.0,0.0,0.0,2.0
BDI.15.1_1,1997-2000,0.0,0.0,0.0,0.0,10.0
BDI.15.1_1,2009-2012,3.0,0.0,0.0,0.0,0.0
BDI.15.1_1,2017-2020,0.0,0.0,0.0,0.0,0.0
BDI.15.2_1,1997-2000,0.0,0.0,0.0,0.0,20.0
BDI.15.3_1,2001-2004,0.0,0.0,0.0,0.0,4.0
BDI.15.3_1,2017-2020,0.0,0.0,0.0,0.0,3.0
BDI.15.4_1,2013-2016,1.0,0.0,0.0,0.0,2.0
BDI.15.4_1,2017-2020,0.0,0.0,0.0,0.0,2.0
BDI.15.5_1,2017-2020,0.0,0.0,3.0,0.0,4.0
BDI.15.6_1,2001-2004,0.0,0.0,0.0,0.0,10.0
BDI.15.6_1,2009-2012,0.0,0.0,0.0,0.0,18.0
BDI.15.6_1,2013-2016,3.0,0.0,0.0,0.0,4.0
BDI.15.6_1,2017-2020,4.0,0.0,0.0,0.0,2.0
BDI.15.7_1,2009-2012,0.0,0.0,0.0,0.0,1.0
BDI.15.7_1,2017-2020,0.0,0.0,0.0,0.0,1.0
BDI.15.7_1,2021-2024,0.0,0.0,0.0,0.0,1.0
BDI.15.8_1,2017-2020,0.0,0.0,0.0,0.0,2.0
BDI.15.9_1,2013-2016,0.0,0.0,0.0,0.0,1.0
BDI.15.9_1,2017-2020,0.0,0.0,0.0,0.0,2.0
BDI.16.1_1,1997-2000,0.0,0.0,0.0,0.0,0.0
BDI.16.2_1,1997-2000,26.0,0.0,0.0,0.0,36.0
BDI.16.2_1,2001-2004,0.0,0.0,0.0,0.0,5.0
BDI.16.2_1,2013-2016,0.0,0.0,0.0,0.0,3.0
BDI.16.2_1,2017-2020,0.0,0.0,0.0,0.0,9.0
BDI.16.2_1,2021-2024,0.0,0.0,0.0,0.0,2.0
BDI.16.3_1,1997-2000,0.0,0.0,0.0,0.0,19.0
BDI.16.3_1,2001-2004,0.0,0.0,0.0,0.0,5.0
BDI.16.3_1,2013-2016,1.0,0.0,0.0,0.0,0.0
BDI.16.3_1,2017-2020,0.0,0.0,0.0,0.0,2.0
BDI.16.4_1,1997-2000,8.0,0.0,0.0,0.0,12.0
BDI.16.4_1,2001-2004,0.0,0.0,0.0,0.0,4.0
BDI.16.4_1,2017-2020,0.0,0.0,0.0,0.0,1.0
BDI.16.5_1,1997-2000,0.0,0.0,0.0,0.0,12.0
BDI.16.5_1,2001-2004,0.0,0.0,0.0,0.0,4.0
BDI.16.5_1,2013-2016,0.0,0.0,0.0,0.0,2.0
BDI.16.5_1,2017-2020,0.0,0.0,0.0,0.0,1.0
BDI.16.6_1,1997-2000,2.0,0.0,0.0,0.0,172.0
BDI.16.6_1,2001-2004,0.0,0.0,0.0,0.0,13.0
BDI.16.6_1,2009-2012,1.0,0.0,0.0,0.0,1.0
BDI.16.6_1,2013-2016,0.0,0.0,0.0,0.0,1.0
BDI.16.6_1,2017-2020,0.0,0.0,0.0,0.0,3.0
BDI.16.6_1,2021-2024,0.0,0.0,1.0,0.0,2.0
BDI.17.1_1,1997-2000,0.0,0.0,0.0,0.0,62.0
BDI.17.1_1,2001-2004,3.0,0.0,0.0,0.0,5.0
BDI.17.1_1,2013-2016,1.0,0.0,0.0,0.0,6.0
BDI.17.1_1,2017-2020,0.0,0.0,2.0,0.0,3.0
BDI.17.2_1,1997-2000,0.0,0.0,0.0,0.0,1.0
BDI.17.2_1,2013-2016,0.0,0.0,0.0,0.0,5.0
BDI.17.2_1,2017-2020,0.0,0.0,2.0,0.0,3.0
BDI.17.3_1,1997-2000,0.0,0.0,0.0,0.0,0.0
BDI.17.3_1,2001-2004,0.0,0.0,0.0,0.0,3.0
BDI.17.3_1,2013-2016,0.0,0.0,1.0,0.0,10.0
BDI.17.3_1,2017-2020,0.0,0.0,1.0,0.0,3.0
BDI.17.4_1,1997-2000,3.0,0.0,0.0,0.0,4.0
BDI.17.4_1,2001-2004,0.0,0.0,0.0,0.0,35.0
BDI.17.4_1,2005-2008,0.0,0.0,0.0,0.0,2.0
BDI.17.4_1,2013-2016,1.0,0.0,0.0,0.0,7.0
BDI.17.4_1,2017-2020,2.0,0.0,3.0,0.0,7.0
BDI.17.5_1,1997-2000,0.0,0.0,0.0,0.0,27.0
BDI.17.5_1,2001-2004,0.0,0.0,0.0,0.0,0.0
BDI.17.5_1,2013-2016,3.0,0.0,1.0,0.0,2.0
BDI.17.5_1,2017-2020,1.0,0.0,0.0,0.0,4.0
BDI.17.6_1,1997-2000,0.0,0.0,0.0,0.0,7.0
BDI.17.6_1,2001-2004,0.0,0.0,0.0,0.0,8.0
BDI.17.6_1,2013-2016,2.0,0.0,0.0,0.0,7.0
BDI.17.6_1,2017-2020,2.0,0.0,2.0,0.0,1.0
BDI.17.7_1,1997-2000,0.0,0.0,0.0,0.0,48.0
BDI.17.7_1,2001-2004,0.0,0.0,0.0,0.0,42.0
BDI.17.7_1,2005-2008,0.0,0.0,0.0,0.0,2.0
BDI.17.7_1,2009-2012,1.0,0.0,2.0,0.0,3.0
BDI.17.7_1,2013-2016,0.0,0.0,0.0,0.0,6.0
BDI.17.7_1,2017-2020,0.0,0.0,1.0,0.0,3.0
BDI.17.7_1,2021-2024,0.0,0.0,0.0,0.0,2.0
BDI.2.10_1,1997-2000,0.0,0.0,0.0,0.0,0.0
BDI.2.10_1,2013-2016,0.0,0.0,0.0,0.0,4.0
BDI.2.10_1,2017-2020,0.0,0.0,1.0,0.0,1.0
BDI.2.10_1,2021-2024,0.0,0.0,0.0,0.0,1.0
BDI.2.11_1,1997-2000,0.0,0.0,0.0,0.0,49.0
BDI.2.11_1,2001-2004,0.0,0.0,0.0,0.0,2.0
BDI.2.11_1,2009-2012,0.0,0.0,0.0,0.0,0.0
BDI.2.11_1,2013-2016,7.0,2.0,10.0,0.0,63.0
BDI.2.11_1,2017-2020,5.0,0.0,0.0,0.0,6.0
BDI.2.12_1,2001-2004,1.0,0.0,0.0,0.0,3.0
BDI.2.12_1,2005-2008,8.0,0.0,0.0,0.0,0.0
BDI.2.12_1,2013-2016,5.0,2.0,0.0,0.0,20.0
BDI.2.12_1,2017-2020,0.0,0.0,0.0,0.0,5.0
BDI.2.12_1,2021-2024,0.0,0.0,0.0,0.0,1.0
BDI.2.13_1,2009-2012,0.0,0.0,0.0,0.0,1.0
BDI.2.13_1,2013-2016,0.0,0.0,2.0,0.0,30.0
BDI.2.13_1,2017-2020,0.0,0.0,0.0,0.0,1.0
BDI.2.14_1,2001-2004,2.0,0.0,0.0,0.0,9.0
BDI.2.14_1,2005-2008,1.0,0.0,0.0,0.0,0.0
BDI.2.14_1,2013-2016,0.0,0.0,0.0,0.0,14.0
BDI.2.14_1,2017-2020,0.0,0.0,1.0,0.0,7.0
BDI.2.1_1,2001-2004,0.0,0.0,0.0,0.0,6.0
BDI.2.1_1,2005-2008,0.0,0.0,0.0,0.0,2.0
BDI.2.1_1,2009-2012,0.0,0.0,0.0,0.0,4.0
BDI.2.1_1,2013-2016,5.0,1.0,4.0,1.0,22.0
BDI.2.1_1,2017-2020,1.0,0.0,0.0,0.0,2.0
BDI.2.1_1,2021-2024,0.0,0.0,0.0,0.0,1.0
BDI.2.2_1,1997-2000,49.0,1.0,0.0,0.0,764.0
BDI.2.2_1,2001-2004,388.0,0.0,0.0,0.0,655.0
BDI.2.2_1,2005-2008,35.0,0.0,0.0,0.0,13.0
BDI.2.2_1,2009-2012,7.0,0.0,0.0,0.0,15.0
BDI.2.2_1,2013-2016,8.0,2.0,2.0,0.0,29.0
BDI.2.2_1,2017-2020,4.0,0.0,1.0,0.0,3.0
BDI.2.2_1,2021-2024,1.0,0.0,0.0,0.0,0.0
BDI.2.3_1,2009-2012,2.0,0.0,0.0,0.0,0.0
BDI.2.3_1,2013-2016,8.0,0.0,1.0,0.0,33.0
BDI.2.3_1,2017-2020,7.0,0.0,0.0,0.0,0.0
BDI.2.3_1,2021-2024,1.0,0.0,0.0,0.0,0.0
BDI.2.4_1,1997-2000,0.0,0.0,0.0,0.0,26.0
BDI.2.4_1,2001-2004,0.0,0.0,0.0,0.0,0.0
BDI.2.4_1,2009-2012,0.0,0.0,0.0,0.0,2.0
BDI.2.4_1,2013-2016,7.0,1.0,4.0,0.0,91.0
BDI.2.4_1,2017-2020,3.0,0.0,0.0,0.0,1.0
BDI.2.5_1,1997-2000,0.0,0.0,0.0,0.0,193.0
BDI.2.5_1,2001-2004,1.0,0.0,0.0,0.0,38.0
BDI.2.5_1,2005-2008,1.0,0.0,0.0,0.0,8.0
BDI.2.5_1,2009-2012,0.0,0.0,0.0,0.0,1.0
BDI.2.5_1,2013-2016,8.0,0.0,3.0,2.0,16.0
BDI.2.5_1,2017-2020,3.0,0.0,0.0,0.0,7.0
BDI.2.5_1,2021-2024,2.0,0.0,0.0,0.0,2.0
BDI.2.7_1,1997-2000,0.0,0.0,0.0,0.0,9.0
BDI.2.7_1,2001-2004,0.0,0.0,0.0,0.0,16.0
BDI.2.7_1,2005-2008,0.0,0.0,0.0,0.0,0.0
BDI.2.7_1,2009-2012,4.0,0.0,0.0,0.0,0.0
BDI.2.7_1,2013-2016,0.0,0.0,0.0,0.0,5.0
BDI.2.7_1,2017-2020,0.0,0.0,0.0,0.0,3.0
BDI.2.8_1,1997-2000,8.0,0.0,0.0,0.0,56.0
BDI.2.8_1,2001-2004,0.0,0.0,0.0,0.0,18.0
BDI.2.8_1,2005-2008,3.0,0.0,0.0,0.0,3.0
BDI.2.8_1,2009-2012,2.0,0.0,0.0,0.0,2.0
BDI.2.8_1,2013-2016,3.0,0.0,1.0,0.0,12.0
BDI.2.8_1,2017-2020,0.0,0.0,0.0,0.0,7.0
BDI.2.8_1,2021-2024,0.0,0.0,0.0,0.0,1.0
BDI.2.9_1,2013-2016,1.0,0.0,0.0,0.0,1.0
BDI.2.9_1,2017-2020,0.0,0.0,0.0,0.0,2.0
BDI.3.10_1,1997-2000,0.0,0.0,0.0,0.0,10.0
BDI.3.10_1,2001-2004,0.0,0.0,0.0,0.0,4.0
BDI.3.10_1,2005-2008,0.0,0.0,0.0,0.0,2.0
BDI.3.10_1,2013-2016,0.0,0.0,0.0,0.0,0.0
BDI.3.11_1,1997-2000,18.0,0.0,0.0,0.0,126.0
BDI.3.11_1,2001-2004,100.0,0.0,0.0,0.0,193.0
BDI.3.11_1,2005-2008,0.0,0.0,0.0,0.0,18.0
BDI.3.11_1,2009-2012,0.0,0.0,0.0,0.0,50.0
BDI.3.11_1,2013-2016,0.0,0.0,0.0,0.0,18.0
BDI.3.11_1,2017-2020,0.0,0.0,0.0,0.0,15.0
BDI.3.11_1,2021-2024,0.0,0.0,0.0,0.0,1.0
BDI.3.12_1,1997-2000,0.0,0.0,0.0,0.0,8.0
BDI.3.12_1,2001-2004,3.0,0.0,0.0,0.0,26.0
BDI.3.12_1,2005-2008,0.0,0.0,0.0,0.0,7.0
BDI.3.12_1,2013-2016,0.0,0.0,0.0,0.0,1.0
BDI.3.12_1,2017-2020,0.0,0.0,0.0,0.0,1.0
BDI.3.1_1,1997-2000,0.0,0.0,0.0,0.0,17.0
BDI.3.1_1,2001-2004,0.0,0.0,0.0,0.0,1.0
BDI.3.1_1,2005-2008,0.0,0.0,0.0,0.0,4.0
BDI.3.1_1,2013-2016,3.0,0.0,0.0,0.0,5.0
BDI.3.1_1,2017-2020,0.0,0.0,0.0,0.0,3.0
BDI.3.1_1,2021-2024,0.0,0.0,0.0,0.0,1.0
BDI.3.2_1,1997-2000,0.0,0.0,0.0,0.0,87.0
BDI.3.2_1,2001-2004,0.0,0.0,0.0,0.0,19.0
BDI.3.2_1,2005-2008,0.0,0.0,0.0,0.0,10.0
BDI.3.2_1,2013-2016,0.0,0.0,0.0,0.0,7.0
BDI.3.2_1,2017-2020,0.0,0.0,1.0,0.0,3.0
BDI.3.3_1,1997-2000,1.0,0.0,0.0,0.0,47.0
BDI.3.3_1,2001-2004,0.0,0.0,0.0,0.0,50.0
BDI.3.3_1,2005-2008,0.0,0.0,0.0,0.0,15.0
BDI.3.3_1,2009-2012,0.0,0.0,0.0,0.0,1.0
BDI.3.3_1,2013-2016,0.0,0.0,0.0,0.0,1.0
BDI.3.3_1,2017-2020,0.0,0.0,0.0,0.0,1.0
BDI.3.4_1,1997-2000,0.0,0.0,0.0,0.0,140.0
BDI.3.4_1,2001-2004,0.0,0.0,0.0,0.0,112.0
BDI.3.4_1,2005-2008,2.0,0.0,0.0,0.0,5.0
BDI.3.4_1,2009-2012,1.0,0.0,0.0,0.0,0.0
BDI.3.4_1,2013-2016,5.0,0.0,8.0,0.0,73.0
BDI.3.4_1,2017-2020,3.0,0.0,1.0,0.0,4.0
BDI.3.6_1,1997-2000,1.0,0.0,0.0,0.0,12.0
BDI.3.6_1,2001-2004,1.0,0.0,0.0,0.0,19.0
BDI.3.6_1,2005-2008,0.0,0.0,0.0,0.0,8.0
BDI.3.6_1,2017-2020,0.0,0.0,0.0,0.0,2.0
BDI.3.7_1,1997-2000,0.0,0.0,0.0,0.0,0.0
BDI.3.7_1,2001-2004,0.0,0.0,0.0,0.0,20.0
BDI.3.7_1,2013-2016,0.0,0.0,0.0,0.0,8.0
BDI.3.7_1,2017-2020,0.0,0.0,0.0,0.0,0.0
BDI.3.8_1,1997-2000,0.0,0.0,0.0,0.0,84.0
BDI.3.8_1,2001-2004,0.0,0.0,0.0,0.0,38.0
BDI.3.8_1,2005-2008,0.0,0.0,0.0,0.0,12.0
BDI.3.8_1,2009-2012,0.0,0.0,0.0,0.0,2.0
BDI.3.8_1,2013-2016,0.0,0.0,2.0,0.0,3.0
BDI.3.8_1,2017-2020,0.0,0.0,0.0,0.0,1.0
BDI.3.9_1,1997-2000,0.0,0.0,0.0,0.0,13.0
BDI.3.9_1,2001-2004,0.0,0.0,0.0,0.0,5.0
BDI.3.9_1,2013-2016,0.0,1.0,0.0,0.0,19.0
BDI.3.9_1,2017-2020,0.0,0.0,0.0,0.0,6.0
BDI.4.10_1,2017-2020,0.0,0.0,2.0,0.0,0.0
BDI.4.1_1,1997-2000,0.0,0.0,0.0,0.0,2.0
BDI.4.1_1,2001-2004,0.0,0.0,0.0,0.0,1.0
BDI.4.1_1,2013-2016,0.0,0.0,1.0,0.0,3.0
BDI.4.1_1,2017-2020,0.0,0.0,0.0,0.0,10.0
BDI.4.1_1,2021-2024,0.0,0.0,0.0,0.0,2.0
BDI.4.2_1,1997-2000,0.0,0.0,0.0,0.0,105.0
BDI.4.2_1,2001-2004,0.0,0.0,0.0,0.0,36.0
BDI.4.2_1,2009-2012,6.0,0.0,0.0,0.0,0.0
BDI.4.2_1,2013-2016,0.0,0.0,0.0,0.0,6.0
BDI.4.2_1,2017-2020,0.0,0.0,0.0,0.0,5.0
BDI.4.2_1,2021-2024,0.0,0.0,0.0,0.0,1.0
BDI.4.3_1,1997-2000,0.0,0.0,0.0,0.0,0.0
BDI.4.3_1,2001-2004,0.0,0.0,0.0,0.0,0.0
BDI.4.3_1,2009-2012,1.0,0.0,0.0,0.0,0.0
BDI.4.3_1,2013-2016,0.0,0.0,1.0,0.0,0.0
BDI.4.3_1,2017-2020,0.0,0.0,1.0,0.0,3.0
BDI.4.3_1,2021-2024,0.0,0.0,0.0,0.0,1.0
BDI.4.5_1,2001-2004,0.0,0.0,0.0,0.0,9.0
BDI.4.5_1,2013-2016,0.0,1.0,0.0,0.0,4.0
BDI.4.5_1,2017-2020,0.0,0.0,0.0,0.0,3.0
BDI.4.6_1,2001-2004,0.0,0.0,0.0,0.0,19.0
BDI.4.6_1,2013-2016,6.0,1.0,0.0,0.0,16.0
BDI.4.6_1,2017-2020,0.0,0.0,0.0,0.0,2.0
BDI.4.6_1,2021-2024,0.0,0.0,0.0,0.0,4.0
BDI.4.7_1,1997-2000,1.0,0.0,0.0,0.0,249.0
BDI.4.7_1,2001-2004,0.0,0.0,0.0,0.0,30.0
BDI.4.7_1,2009-2012,0.0,0.0,0.0,0.0,0.0
BDI.4.7_1,2013-2016,0.0,0.0,0.0,0.0,4.0
BDI.4.7_1,2017-2020,0.0,0.0,4.0,0.0,2.0
BDI.4.7_1,2021-2024,0.0,0.0,0.0,0.0,1.0
BDI.4.8_1,1997-2000,0.0,0.0,0.0,0.0,0.0
BDI.4.8_1,2001-2004,0.0,0.0,0.0,0.0,0.0
BDI.4.8_1,2013-2016,0.0,0.0,0.0,0.0,2.0
BDI.4.9_1,1997-2000,0.0,0.0,0.0,0.0,3.0
BDI.4.9_1,2009-2012,0.0,0.0,0.0,0.0,3.0
BDI.4.9_1,2017-2020,0.0,0.0,0.0,0.0,3.0
BDI.5.1_1,1997-2000,0.0,0.0,0.0,0.0,407.0
BDI.5.1_1,2001-2004,0.0,0.0,0.0,0.0,10.0
BDI.5.1_1,2009-2012,0.0,0.0,0.0,0.0,2.0
BDI.5.1_1,2013-2016,0.0,0.0,0.0,0.0,1.0
BDI.5.1_1,2017-2020,0.0,0.0,0.0,0.0,3.0
BDI.5.2_1,1997-2000,0.0,0.0,0.0,0.0,4.0
BDI.5.2_1,2001-2004,0.0,0.0,0.0,0.0,12.0
BDI.5.2_1,2013-2016,0.0,0.0,0.0,0.0,2.0
BDI.5.2_1,2017-2020,0.0,0.0,0.0,0.0,3.0
BDI.5.3_1,1997-2000,0.0,0.0,0.0,0.0,1.0
BDI.5.3_1,2001-2004,0.0,0.0,0.0,0.0,8.0
BDI.5.3_1,2005-2008,0.0,0.0,0.0,0.0,3.0
BDI.5.3_1,2013-2016,0.0,0.0,0.0,0.0,1.0
BDI.5.3_1,2017-2020,1.0,0.0,2.0,0.0,3.0
BDI.5.4_1,1997-2000,0.0,0.0,0.0,0.0,15.0
BDI.5.4_1,2009-2012,0.0,0.0,0.0,0.0,0.0
BDI.5.4_1,2013-2016,0.0,0.0,0.0,0.0,1.0
BDI.5.5_1,2013-2016,0.0,0.0,2.0,0.0,1.0
BDI.5.5_1,2017-2020,0.0,0.0,4.0,0.0,3.0
BDI.5.5_1,2021-2024,0.0,0.0,0.0,0.0,1.0
BDI.6.1_1,1997-2000,0.0,0.0,0.0,0.0,61.0
BDI.6.1_1,2001-2004,4.0,0.0,0.0,0.0,14.0
BDI.6.1_1,2013-2016,0.0,0.0,0.0,0.0,5.0
BDI.6.1_1,2017-2020,6.0,0.0,1.0,0.0,37.0
BDI.6.1_1,2021-2024,1.0,0.0,0.0,0.0,8.0
BDI.6.2_1,1997-2000,0.0,0.0,0.0,0.0,5.0
BDI.6.2_1,2001-2004,0.0,0.0,0.0,0.0,22.0
BDI.6.2_1,2005-2008,0.0,0.0,0.0,0.0,3.0
BDI.6.2_1,2009-2012,0.0,0.0,0.0,0.0,0.0
BDI.6.2_1,2013-2016,0.0,0.0,0.0,0.0,6.0
BDI.6.2_1,2017-2020,0.0,0.0,3.0,0.0,23.0
BDI.6.3_1,1997-2000,0.0,0.0,0.0,0.0,17.0
BDI.6.3_1,2001-2004,5.0,0.0,1.0,0.0,34.0
BDI.6.3_1,2009-2012,0.0,0.0,0.0,0.0,2.0
BDI.6.3_1,2013-2016,0.0,0.0,0.0,0.0,3.0
BDI.6.3_1,2017-2020,0.0,0.0,4.0,0.0,9.0
BDI.6.3_1,2021-2024,0.0,0.0,0.0,0.0,0.0
BDI.6.4_1,2001-2004,0.0,0.0,0.0,0.0,0.0
BDI.6.4_1,2009-2012,0.0,0.0,0.0,0.0,1.0
BDI.6.4_1,2013-2016,0.0,0.0,0.0,0.0,1.0
BDI.6.4_1,2017-2020,2.0,0.0,1.0,0.0,10.0
BDI.6.4_1,2021-2024,0.0,0.0,2.0,0.0,1.0
BDI.6.5_1,1997-2000,0.0,0.0,0.0,0.0,58.0
BDI.6.5_1,2001-2004,0.0,0.0,0.0,0.0,19.0
BDI.6.5_1,2005-2008,0.0,0.0,0.0,0.0,0.0
BDI.6.5_1,2009-2012,0.0,0.0,0.0,0.0,0.0
BDI.6.5_1,2013-2016,0.0,0.0,0.0,0.0,1.0
BDI.6.5_1,2017-2020,2.0,0.0,1.0,0.0,5.0
BDI.6.5_1,2021-2024,0.0,0.0,0.0,0.0,3.0
BDI.6.6_1,1997-2000,0.0,0.0,0.0,0.0,2.0
BDI.6.6_1,2001-2004,6.0,0.0,0.0,0.0,14.0
BDI.6.6_1,2005-2008,0.0,0.0,0.0,0.0,0.0
BDI.6.6_1,2009-2012,1.0,0.0,0.0,0.0,0.0
BDI.6.6_1,2013-2016,2.0,0.0,0.0,0.0,3.0
BDI.6.6_1,2017-2020,0.0,0.0,2.0,0.0,20.0
BDI.6.6_1,2021-2024,0.0,0.0,1.0,0.0,4.0
BDI.7.10_1,1997-2000,0.0,0.0,0.0,0.0,3.0
BDI.7.10_1,2001-2004,0.0,0.0,0.0,0.0,1.0
BDI.7.10_1,2005-2008,0.0,0.0,0.0,0.0,0.0
BDI.7.10_1,2017-2020,0.0,0.0,0.0,0.0,1.0
BDI.7.10_1,2021-2024,0.0,0.0,0.0,0.0,1.0
BDI.7.11_1,1997-2000,0.0,0.0,0.0,0.0,6.0
BDI.7.11_1,2005-2008,0.0,0.0,0.0,0.0,0.0
BDI.7.11_1,2009-2012,0.0,0.0,0.0,0.0,3.0
BDI.7.11_1,2017-2020,0.0,0.0,0.0,0.0,3.0
BDI.7.1_1,1997-2000,0.0,0.0,0.0,0.0,12.0
BDI.7.1_1,2001-2004,0.0,0.0,0.0,0.0,0.0
BDI.7.1_1,2013-2016,0.0,0.0,0.0,0.0,5.0
BDI.7.1_1,2017-2020,0.0,0.0,2.0,0.0,5.0
BDI.7.2_1,1997-2000,0.0,0.0,0.0,0.0,6.0
BDI.7.2_1,2001-2004,0.0,0.0,0.0,0.0,0.0
BDI.7.2_1,2013-2016,0.0,0.0,0.0,0.0,0.0
BDI.7.2_1,2017-2020,0.0,0.0,0.0,0.0,0.0
BDI.7.3_1,1997-2000,0.0,0.0,0.0,0.0,0.0
BDI.7.3_1,2001-2004,1.0,0.0,0.0,0.0,0.0
BDI.7.3_1,2009-2012,2.0,0.0,0.0,0.0,1.0
BDI.7.3_1,2013-2016,0.0,0.0,0.0,0.0,3.0
BDI.7.4_1,2001-2004,0.0,0.0,0.0,0.0,13.0
BDI.7.4_1,2009-2012,0.0,0.0,0.0,0.0,3.0
BDI.7.4_1,2013-2016,0.0,0.0,0.0,0.0,2.0
BDI.7.4_1,2017-2020,0.0,0.0,0.0,0.0,1.0
BDI.7.5_1,1997-2000,0.0,0.0,0.0,0.0,26.0
BDI.7.5_1,2001-2004,0.0,0.0,0.0,0.0,7.0
BDI.7.5_1,2013-2016,0.0,0.0,0.0,0.0,1.0
BDI.7.5_1,2017-2020,0.0,0.0,0.0,0.0,3.0
BDI.7.6_1,1997-2000,0.0,0.0,0.0,0.0,1.0
BDI.7.6_1,2001-2004,0.0,0.0,0.0,0.0,14.0
BDI.7.6_1,2009-2012,9.0,0.0,0.0,0.0,3.0
BDI.7.6_1,2013-2016,0.0,0.0,1.0,0.0,14.0
BDI.7.6_1,2017-2020,3.0,0.0,3.0,0.0,8.0
BDI.7.6_1,2021-2024,2.0,0.0,0.0,0.0,1.0
BDI.7.7_1,2001-2004,0.0,0.0,0.0,0.0,53.0
BDI.7.7_1,2009-2012,5.0,0.0,0.0,0.0,0.0
BDI.7.7_1,2013-2016,0.0,0.0,0.0,0.0,0.0
BDI.7.7_1,2017-2020,0.0,0.0,1.0,0.0,0.0
BDI.7.8_1,1997-2000,0.0,0.0,0.0,0.0,0.0
BDI.7.8_1,2001-2004,14.0,0.0,0.0,0.0,0.0
BDI.7.8_1,2017-2020,0.0,0.0,0.0,0.0,1.0
BDI.7.9_1,1997-2000,0.0,0.0,0.0,0.0,6.0
BDI.7.9_1,2001-2004,0.0,0.0,0.0,0.0,11.0
BDI.7.9_1,2013-2016,0.0,0.0,0.0,0.0,4.0
BDI.7.9_1,2017-2020,0.0,0.0,1.0,0.0,7.0
BDI.8.1_1,2013-2016,0.0,0.0,0.0,0.0,1.0
BDI.8.1_1,2017-2020,0.0,0.0,1.0,0.0,2.0
BDI.8.2_1,1997-2000,0.0,0.0,0.0,0.0,19.0
BDI.8.2_1,2001-2004,0.0,0.0,0.0,0.0,1.0
BDI.8.2_1,2013-2016,3.0,0.0,0.0,0.0,4.0
BDI.8.2_1,2017-2020,0.0,0.0,0.0,0.0,12.0
BDI.8.2_1,2021-2024,0.0,0.0,0.0,0.0,6.0
BDI.8.3_1,1997-2000,0.0,0.0,0.0,0.0,0.0
BDI.8.3_1,2017-2020,0.0,0.0,1.0,0.0,2.0
BDI.8.4_1,2001-2004,0.0,0.0,0.0,0.0,5.0
BDI.8.4_1,2013-2016,0.0,0.0,0.0,0.0,1.0
BDI.8.4_1,2017-2020,0.0,0.0,2.0,0.0,0.0
BDI.8.4_1,2021-2024,0.0,0.0,0.0,0.0,1.0
BDI.8.5_1,1997-2000,0.0,0.0,0.0,0.0,2.0
BDI.8.5_1,2017-2020,0.0,0.0,1.0,0.0,0.0
BDI.8.6_1,2001-2004,0.0,0.0,0.0,0.0,0.0
BDI.8.6_1,2017-2020,0.0,0.0,0.0,0.0,1.0
BDI.8.7_1,2017-2020,0.0,0.0,0.0,0.0,2.0
BDI.9.1_1,2013-2016,0.0,0.0,0.0,0.0,1.0
BDI.9.1_1,2017-2020,0.0,0.0,2.0,0.0,13.0
BDI.9.2_1,1997-2000,0.0,0.0,0.0,0.0,10.0
BDI.9.2_1,2013-2016,0.0,0.0,2.0,0.0,1.0
BDI.9.2_1,2017-2020,0.0,0.0,0.0,0.0,8.0
BDI.9.2_1,2021-2024,2.0,0.0,0.0,0.0,0.0
BDI.9.3_1,1997-2000,0.0,0.0,0.0,0.0,3.0
BDI.9.3_1,2001-2004,4.0,0.0,0.0,0.0,0.0
BDI.9.3_1,2013-2016,0.0,0.0,0.0,0.0,2.0
BDI.9.3_1,2017-2020,0.0,0.0,0.0,0.0,2.0
BDI.9.4_1,2001-2004,0.0,0.0,0.0,0.0,1.0
BDI.9.4_1,2013-2016,0.0,0.0,0.0,0.0,0.0
BDI.9.4_1,2017-2020,0.0,0.0,0.0,0.0,4.0
BDI.9.4_1,2021-2024,1.0,0.0,0.0,0.0,0.0
BDI.9.5_1,1997-2000,0.0,0.0,0.0,0.0,18.0
BDI.9.5_1,2001-2004,0.0,0.0,0.0,0.0,48.0
BDI.9.5_1,2005-2008,0.0,0.0,0.0,0.0,0.0
BDI.9.5_1,2009-2012,0.0,0.0,0.0,0.0,2.0
BDI.9.5_1,2017-2020,0.0,0.0,0.0,0.0,1.0
BDI.9.6_1,1997-2000,0.0,0.0,0.0,0.0,24.0
BDI.9.6_1,2001-2004,0.0,0.0,0.0,0.0,5.0
BDI.9.6_1,2005-2008,0.0,0.0,0.0,0.0,2.0
BDI.9.6_1,2009-2012,0.0,0.0,0.0,0.0,4.0
BDI.9.6_1,2013-2016,0.0,0.0,0.0,0.0,2.0
BDI.9.6_1,2017-2020,0.0,0.0,0.0,0.0,2.0
BDI.9.7_1,2013-2016,0.0,0.0,0.0,0.0,7.0
BDI.9.7_1,2017-2020,0.0,0.0,1.0,0.0,2.0
BDI.9.8_1,1997-2000,0.0,0.0,0.0,0.0,0.0
BDI.9.8_1,2001-2004,0.0,0.0,0.0,0.0,14.0
BDI.9.8_1,2005-2008,0.0,0.0,0.0,0.0,1.0
BDI.9.8_1,2013-2016,0.0,0.0,0.0,0.0,4.0
BDI.9.8_1,2017-2020,0.0,0.0,1.0,0.0,1.0
BDI.9.9_1,2001-2004,0.0,0.0,0.0,0.0,2.0
BDI.9.9_1,2013-2016,0.0,0.0,0.0,0.0,2.0
BDI.9.9_1,2017-2020,0.0,0.0,1.0,0.0,3.0
BEN.1.1_1,2017-2020,0.0,0.0,1.0,0.0,0.0
BEN.1.3_1,2017-2020,0.0,0.0,0.0,0.0,0.0
BEN.1.4_1,2017-2020,0.0,0.0,0.0,0.0,1.0
BEN.1.4_1,2021-2024,0.0,0.0,0.0,0.0,1.0
BEN.1.5_1,2013-2016,0.0,0.0,0.0,0.0,0.0
BEN.1.5_1,2017-2020,0.0,0.0,0.0,0.0,1.0
BEN.10.2_1,2013-2016,0.0,0.0,0.0,0.0,0.0
BEN.10.5_1,2017-2020,0.0,0.0,1.0,0.0,0.0
BEN.10.6_1,2017-2020,0.0,0.0,0.0,0.0,1.0
BEN.10.7_1,2017-2020,0.0,0.0,0.0,0.0,0.0
BEN.10.8_1,2001-2004,0.0,0.0,0.0,0.0,0.0
BEN.10.9_1,2021-2024,0.0,0.0,1.0,0.0,0.0
BEN.11.3_1,2017-2020,0.0,0.0,0.0,0.0,7.0
BEN.11.4_1,2017-2020,0.0,0.0,0.0,0.0,8.0
BEN.12.1_1,2013-2016,0.0,0.0,0.0,0.0,2.0
BEN.12.1_1,2017-2020,0.0,0.0,0.0,0.0,0.0
BEN.12.3_1,2021-2024,0.0,0.0,1.0,0.0,0.0
BEN.2.2_1,2017-2020,0.0,0.0,0.0,0.0,1.0
BEN.2.3_1,2017-2020,0.0,0.0,1.0,0.0,0.0
BEN.2.3_1,2021-2024,0.0,0.0,2.0,0.0,0.0
BEN.2.5_1,2017-2020,0.0,0.0,2.0,0.0,1.0
BEN.2.5_1,2021-2024,0.0,0.0,3.0,0.0,0.0
BEN.2.7_1,2017-2020,0.0,0.0,1.0,0.0,0.0
BEN.2.8_1,2017-2020,0.0,0.0,0.0,0.0,2.0
BEN.2.8_1,2021-2024,0.0,0.0,0.0,0.0,3.0
BEN.3.1_1,2017-2020,0.0,0.0,1.0,0.0,1.0
BEN.3.1_1,2021-2024,0.0,0.0,1.0,0.0,0.0
BEN.3.4_1,2005-2008,0.0,0.0,0.0,0.0,2.0
BEN.4.1_1,2017-2020,0.0,0.0,0.0,0.0,0.0
BEN.4.2_1,2017-2020,0.0,0.0,0.0,0.0,1.0
BEN.4.3_1,2017-2020,0.0,0.0,3.0,0.0,2.0
BEN.4.4_1,2017-2020,0.0,0.0,2.0,0.0,2.0
BEN.4.4_1,2021-2024,0.0,0.0,1.0,0.0,1.0
BEN.4.5_1,2017-2020,0.0,0.0,2.0,0.0,0.0
BEN.4.5_1,2021-2024,0.0,0.0,3.0,0.0,1.0
BEN.4.6_1,2021-2024,0.0,0.0,1.0,0.0,0.0
BEN.4.8_1,2017-2020,0.0,0.0,3.0,0.0,3.0
BEN.4.8_1,2021-2024,0.0,0.0,0.0,0.0,0.0
BEN.5.1_1,2013-2016,0.0,1.0,0.0,0.0,0.0
BEN.5.1_1,2017-2020,0.0,0.0,1.0,0.0,0.0
BEN.5.1_1,2021-2024,0.0,0.0,0.0,0.0,5.0
BEN.5.2_1,2017-2020,0.0,0.0,0.0,0.0,4.0
BEN.5.2_1,2021-2024,0.0,0.0,1.0,0.0,0.0
BEN.5.3_1,2017-2020,0.0,0.0,0.0,0.0,1.0
BEN.5.4_1,2017-2020,0.0,0.0,1.0,0.0,1.0
BEN.5.6_1,2001-2004,0.0,0.0,0.0,0.0,2.0
BEN.5.6_1,2017-2020,0.0,0.0,0.0,0.0,0.0
BEN.5.6_1,2021-2024,0.0,0.0,2.0,0.0,0.0
BEN.6.1_1,2021-2024,0.0,0.0,2.0,0.0,0.0
BEN.6.2_1,2021-2024,0.0,0.0,3.0,0.0,0.0
BEN.6.4_1,2013-2016,0.0,0.0,8.0,0.0,0.0
BEN.6.5_1,2013-2016,0.0,0.0,0.0,0.0,2.0
BEN.6.5_1,2017-2020,0.0,0.0,0.0,0.0,1.0
BEN.7.1_1,2021-2024,0.0,0.0,1.0,0.0,0.0
BEN.8.1_1,1997-2000,0.0,0.0,0.0,0.0,1.0
BEN.8.1_1,2013-2016,0.0,0.0,0.0,0.0,0.0
BEN.8.1_1,2017-2020,0.0,0.0,3.0,0.0,0.0
BEN.9.2_1,2021-2024,0.0,0.0,1.0,0.0,0.0
BEN.9.7_1,1997-2000,0.0,0.0,1.0,0.0,0.0
BFA.1.1_1,2017-2020,0.0,0.0,0.0,0.0,2.0
BFA.1.2_1,2009-2012,0.0,0.0,0.0,0.0,0.0
BFA.1.2_1,2017-2020,0.0,0.0,0.0,0.0,0.0
BFA.1.3_1,2005-2008,0.0,0.0,0.0,0.0,0.0
BFA.1.3_1,2017-2020,0.0,0.0,0.0,0.0,37.0
BFA.1.3_1,2021-2024,0.0,0.0,0.0,0.0,1.0
BFA.1.6_1,2017-2020,16.0,0.0,1.0,0.0,3.0
BFA.10.1_1,2017-2020,3.0,0.0,0.0,0.0,62.0
BFA.10.1_1,2021-2024,0.0,0.0,0.0,0.0,5.0
BFA.10.3_1,2001-2004,0.0,0.0,0.0,0.0,22.0
BFA.10.3_1,2013-2016,0.0,0.0,3.0,0.0,0.0
BFA.10.3_1,2017-2020,8.0,0.0,0.0,0.0,66.0
BFA.10.3_1,2021-2024,0.0,0.0,0.0,0.0,7.0
BFA.10.4_1,2017-2020,0.0,0.0,0.0,0.0,0.0
BFA.11.1_1,2005-2008,0.0,0.0,0.0,0.0,1.0
BFA.11.1_1,2017-2020,0.0,0.0,0.0,0.0,1.0
BFA.11.2_1,1997-2000,0.0,0.0,1.0,0.0,0.0
BFA.11.3_1,2017-2020,0.0,0.0,0.0,0.0,1.0
BFA.12.1_1,2013-2016,0.0,0.0,0.0,0.0,0.0
BFA.12.1_1,2017-2020,28.0,0.0,0.0,0.0,144.0
BFA.12.1_1,2021-2024,12.0,0.0,0.0,0.0,72.0
BFA.12.2_1,2017-2020,0.0,0.0,3.0,0.0,48.0
BFA.12.2_1,2021-2024,0.0,0.0,0.0,0.0,42.0
BFA.12.3_1,2009-2012,0.0,0.0,0.0,0.0,1.0
BFA.12.3_1,2013-2016,0.0,0.0,0.0,0.0,3.0
BFA.12.3_1,2017-2020,15.0,0.0,0.0,0.0,625.0
BFA.12.3_1,2021-2024,1.0,0.0,0.0,3.0,10.0
BFA.12.4_1,2017-2020,0.0,0.0,0.0,0.0,39.0
BFA.12.4_1,2021-2024,7.0,0.0,0.0,0.0,30.0
BFA.13.1_1,2005-2008,0.0,0.0,0.0,0.0,0.0
BFA.13.1_1,2017-2020,0.0,0.0,0.0,0.0,0.0
BFA.13.3_1,2017-2020,0.0,0.0,0.0,0.0,0.0
BFA.13.4_1,2005-2008,0.0,0.0,0.0,0.0,0.0
BFA.13.4_1,2009-2012,0.0,0.0,5.0,0.0,0.0
BFA.13.4_1,2017-2020,0.0,0.0,0.0,0.0,1.0
BFA.13.4_1,2021-2024,0.0,0.0,0.0,0.0,5.0
BFA.2.1_1,1997-2000,0.0,0.0,1.0,0.0,0.0
BFA.2.1_1,2017-2020,0.0,0.0,0.0,0.0,0.0
BFA.2.1_1,2021-2024,0.0,0.0,0.0,0.0,10.0
BFA.2.2_1,2013-2016,0.0,0.0,3.0,0.0,0.0
BFA.3.1_1,2009-2012,0.0,0.0,0.0,0.0,0.0
BFA.3.1_1,2013-2016,0.0,0.0,0.0,0.0,4.0
BFA.3.1_1,2017-2020,0.0,0.0,1.0,0.0,10.0
BFA.3.1_1,2021-2024,0.0,0.0,0.0,0.0,2.0
BFA.3.2_1,2013-2016,0.0,0.0,2.0,0.0,0.0
BFA.3.2_1,2017-2020,0.0,0.0,0.0,0.0,3.0
BFA.3.2_1,2021-2024,0.0,0.0,1.0,0.0,3.0
BFA.3.3_1,2001-2004,0.0,0.0,0.0,0.0,3.0
BFA.4.1_1,2017-2020,0.0,0.0,0.0,0.0,83.0
BFA.4.1_1,2021-2024,0.0,0.0,0.0,0.0,14.0
BFA.4.2_1,2001-2004,0.0,0.0,0.0,0.0,21.0
BFA.4.2_1,2017-2020,0.0,0.0,0.0,0.0,34.0
BFA.4.2_1,2021-2024,0.0,0.0,0.0,0.0,4.0
BFA.4.3_1,2001-2004,0.0,0.0,0.0,0.0,21.0
BFA.4.3_1,2005-2008,0.0,0.0,1.0,0.0,0.0
BFA.4.3_1,2013-2016,0.0,0.0,0.0,0.0,1.0
BFA.4.3_1,2017-2020,4.0,0.0,0.0,0.0,191.0
BFA.4.3_1,2021-2024,5.0,0.0,0.0,0.0,8.0
BFA.5.1_1,2009-2012,0.0,0.0,3.0,0.0,0.0
BFA.5.1_1,2013-2016,0.0,0.0,0.0,0.0,1.0
BFA.5.2_1,2009-2012,0.0,0.0,2.0,0.0,0.0
BFA.5.2_1,2017-2020,0.0,0.0,6.0,0.0,4.0
BFA.5.2_1,2021-2024,0.0,0.0,0.0,0.0,0.0
BFA.5.3_1,2017-2020,0.0,0.0,0.0,0.0,1.0
BFA.6.2_1,2017-2020,0.0,0.0,0.0,0.0,1.0
BFA.6.2_1,2021-2024,0.0,0.0,2.0,0.0,4.0
BFA.6.3_1,2009-2012,0.0,0.0,0.0,0.0,0.0
BFA.7.1_1,1997-2000,0.0,0.0,0.0,0.0,6.0
BFA.7.1_1,2001-2004,0.0,0.0,0.0,0.0,22.0
BFA.7.1_1,2005-2008,0.0,0.0,0.0,0.0,0.0
BFA.7.1_1,2009-2012,0.0,0.0,1.0,0.0,1.0
BFA.7.1_1,2013-2016,0.0,4.0,31.0,0.0,31.0
BFA.7.1_1,2017-2020,0.0,0.0,2.0,0.0,33.0
BFA.7.1_1,2021-2024,0.0,1.0,0.0,0.0,1.0
BFA.8.1_1,2017-2020,0.0,0.0,0.0,0.0,3.0
BFA.8.2_1,2017-2020,3.0,0.0,0.0,0.0,67.0
BFA.8.2_1,2021-2024,0.0,0.0,0.0,0.0,17.0
BFA.8.3_1,2001-2004,0.0,0.0,0.0,0.0,0.0
BFA.8.3_1,2017-2020,0.0,0.0,0.0,0.0,40.0
BFA.8.3_1,2021-2024,0.0,0.0,0.0,0.0,9.0
BFA.8.4_1,2017-2020,0.0,0.0,1.0,0.0,54.0
BFA.8.4_1,2021-2024,0.0,0.0,0.0,0.0,6.0
BFA.8.5_1,2009-2012,0.0,0.0,0.0,0.0,1.0
BFA.8.5_1,2013-2016,0.0,0.0,1.0,0.0,0.0
BFA.8.5_1,2017-2020,2.0,0.0,0.0,0.0,24.0
BFA.8.5_1,2021-2024,3.0,0.0,0.0,0.0,9.0
BFA.9.1_1,2001-2004,0.0,0.0,0.0,0.0,21.0
BFA.9.1_1,2009-2012,0.0,0.0,1.0,0.0,0.0
BFA.9.1_1,2013-2016,0.0,0.0,4.0,0.0,0.0
BFA.9.1_1,2017-2020,2.0,0.0,1.0,0.0,0.0
BFA.9.2_1,2013-2016,0.0,0.0,0.0,0.0,0.0
BFA.9.2_1,2017-2020,0.0,0.0,5.0,0.0,1.0
BFA.9.3_1,2017-2020,0.0,0.0,1.0,0.0,0.0
BWA.12.1_1,2009-2012,0.0,0.0,0.0,0.0,0.0
BWA.3.1_1,2005-2008,0.0,0.0,0.0,0.0,1.0
BWA.4.1_1,2017-2020,0.0,0.0,3.0,0.0,0.0
CAF.1.1_1,2009-2012,0.0,0.0,0.0,0.0,0.0
CAF.1.1_1,2013-2016,0.0,0.0,1.0,0.0,0.0
CAF.1.1_1,2017-2020,0.0,0.0,0.0,0.0,0.0
CAF.1.1_1,2021-2024,0.0,0.0,0.0,0.0,14.0
CAF.1.2_1,2009-2012,0.0,0.0,0.0,0.0,8.0
CAF.1.2_1,2013-2016,0.0,0.0,1.0,0.0,2.0
CAF.1.2_1,2017-2020,0.0,0.0,0.0,0.0,4.0
CAF.1.2_1,2021-2024,0.0,0.0,0.0,0.0,1.0
CAF.10.1_1,2001-2004,0.0,0.0,0.0,0.0,0.0
CAF.10.1_1,2005-2008,0.0,0.0,0.0,0.0,6.0
CAF.10.1_1,2009-2012,0.0,0.0,0.0,0.0,0.0
CAF.10.1_1,2013-2016,0.0,0.0,1.0,0.0,69.0
CAF.10.1_1,2017-2020,0.0,0.0,0.0,0.0,46.0
CAF.10.1_1,2021-2024,0.0,0.0,0.0,0.0,19.0
CAF.10.2_1,2013-2016,1.0,0.0,0.0,0.0,50.0
CAF.10.2_1,2017-2020,0.0,0.0,0.0,0.0,0.0
CAF.10.2_1,2021-2024,0.0,0.0,0.0,0.0,3.0
CAF.11.1_1,2005-2008,0.0,0.0,0.0,0.0,0.0
CAF.11.1_1,2009-2012,0.0,0.0,0.0,0.0,0.0
CAF.11.1_1,2013-2016,0.0,0.0,0.0,0.0,4.0
CAF.11.1_1,2017-2020,0.0,0.0,0.0,0.0,3.0
CAF.11.1_1,2021-2024,9.0,0.0,0.0,0.0,10.0
CAF.11.2_1,2013-2016,0.0,0.0,1.0,0.0,190.0
CAF.11.2_1,2021-2024,0.0,0.0,0.0,0.0,12.0
CAF.11.3_1,2013-2016,22.0,0.0,1.0,0.0,71.0
CAF.11.3_1,2017-2020,0.0,0.0,0.0,0.0,32.0
CAF.11.3_1,2021-2024,0.0,0.0,1.0,0.0,3.0
CAF.12.1_1,2009-2012,0.0,0.0,0.0,0.0,4.0
CAF.12.1_1,2013-2016,67.0,0.0,10.0,0.0,56.0
CAF.12.1_1,2017-2020,2.0,0.0,2.0,0.0,39.0
CAF.12.1_1,2021-2024,0.0,0.0,3.0,0.0,12.0
CAF.12.2_1,2009-2012,0.0,0.0,0.0,0.0,0.0
CAF.12.2_1,2013-2016,0.0,0.0,0.0,0.0,46.0
CAF.12.2_1,2017-2020,0.0,0.0,0.0,0.0,0.0
CAF.12.2_1,2021-2024,0.0,0.0,0.0,0.0,4.0
CAF.12.3_1,2001-2004,0.0,0.0,0.0,0.0,0.0
CAF.12.3_1,2009-2012,0.0,0.0,0.0,0.0,0.0
CAF.12.3_1,2013-2016,0.0,0.0,11.0,0.0,39.0
CAF.12.3_1,2021-2024,0.0,0.0,0.0,0.0,1.0
CAF.12.4_1,2001-2004,0.0,0.0,0.0,0.0,21.0
CAF.12.4_1,2005-2008,0.0,0.0,0.0,0.0,2.0
CAF.12.4_1,2013-2016,0.0,0.0,6.0,0.0,244.0
CAF.12.4_1,2017-2020,0.0,0.0,0.0,0.0,0.0
CAF.12.4_1,2021-2024,0.0,0.0,0.0,0.0,0.0
CAF.13.1_1,2013-2016,0.0,0.0,0.0,0.0,34.0
CAF.13.1_1,2017-2020,0.0,0.0,0.0,0.0,3.0
CAF.13.2_1,1997-2000,0.0,0.0,0.0,0.0,2.0
CAF.13.2_1,2005-2008,0.0,0.0,0.0,0.0,0.0
CAF.13.2_1,2009-2012,0.0,0.0,0.0,0.0,0.0
CAF.13.2_1,2013-2016,5.0,1.0,6.0,0.0,211.0
CAF.13.2_1,2017-2020,0.0,0.0,0.0,0.0,68.0
CAF.13.2_1,2021-2024,0.0,0.0,0.0,0.0,47.0
CAF.13.3_1,2009-2012,0.0,0.0,0.0,0.0,0.0
CAF.13.3_1,2013-2016,0.0,0.0,0.0,0.0,12.0
CAF.13.3_1,2017-2020,0.0,0.0,0.0,0.0,3.0
CAF.13.3_1,2021-2024,0.0,0.0,0.0,0.0,0.0
CAF.13.4_1,2009-2012,0.0,0.0,0.0,0.0,0.0
CAF.13.4_1,2013-2016,0.0,0.0,1.0,0.0,0.0
CAF.13.4_1,2017-2020,6.0,0.0,0.0,0.0,54.0
CAF.13.4_1,2021-2024,0.0,0.0,0.0,0.0,2.0
CAF.13.5_1,2013-2016,0.0,0.0,0.0,0.0,86.0
CAF.13.5_1,2017-2020,0.0,0.0,0.0,0.0,5.0
CAF.13.5_1,2021-2024,0.0,0.0,0.0,0.0,1.0
CAF.14.1_1,2001-2004,0.0,0.0,0.0,0.0,10.0
CAF.14.1_1,2005-2008,0.0,0.0,0.0,0.0,2.0
CAF.14.1_1,2013-2016,0.0,0.0,0.0,0.0,205.0
CAF.14.1_1,2017-2020,0.0,0.0,0.0,0.0,23.0
CAF.14.1_1,2021-2024,4.0,0.0,0.0,0.0,51.0
CAF.14.2_1,2001-2004,0.0,0.0,0.0,0.0,2.0
CAF.14.2_1,2009-2012,0.0,0.0,0.0,0.0,3.0
CAF.14.2_1,2013-2016,0.0,0.0,2.0,0.0,97.0
CAF.14.2_1,2017-2020,0.0,0.0,2.0,0.0,0.0
CAF.14.2_1,2021-2024,0.0,0.0,0.0,0.0,0.0
CAF.14.3_1,1997-2000,0.0,0.0,0.0,0.0,0.0
CAF.14.3_1,2001-2004,0.0,0.0,0.0,0.0,11.0
CAF.14.3_1,2005-2008,0.0,0.0,0.0,0.0,149.0
CAF.14.3_1,2009-2012,0.0,0.0,0.0,0.0,27.0
CAF.14.3_1,2013-2016,0.0,0.0,1.0,0.0,45.0
CAF.14.3_1,2017-2020,0.0,0.0,1.0,0.0,62.0
CAF.14.3_1,2021-2024,0.0,0.0,0.0,0.0,4.0
CAF.15.1_1,2001-2004,0.0,0.0,0.0,0.0,0.0
CAF.15.1_1,2005-2008,0.0,0.0,0.0,0.0,5.0
CAF.15.1_1,2009-2012,0.0,0.0,0.0,0.0,3.0
CAF.15.1_1,2013-2016,0.0,0.0,0.0,0.0,70.0
CAF.15.1_1,2017-2020,0.0,0.0,5.0,0.0,37.0
CAF.15.1_1,2021-2024,0.0,0.0,0.0,0.0,4.0
CAF.15.2_1,2001-2004,0.0,0.0,0.0,0.0,0.0
CAF.15.2_1,2005-2008,0.0,0.0,0.0,0.0,1.0
CAF.15.2_1,2009-2012,0.0,0.0,0.0,0.0,18.0
CAF.15.2_1,2013-2016,1.0,0.0,0.0,0.0,167.0
CAF.15.2_1,2021-2024,0.0,0.0,0.0,0.0,19.0
CAF.15.3_1,1997-2000,0.0,0.0,40.0,0.0,0.0
CAF.15.3_1,2005-2008,0.0,0.0,0.0,0.0,0.0
CAF.15.3_1,2013-2016,0.0,0.0,0.0,0.0,35.0
CAF.15.3_1,2017-2020,0.0,0.0,5.0,0.0,0.0
CAF.15.4_1,2001-2004,0.0,0.0,0.0,0.0,10.0
CAF.15.5_1,2013-2016,0.0,0.0,0.0,0.0,114.0
CAF.15.5_1,2017-2020,0.0,0.0,0.0,0.0,0.0
CAF.15.5_1,2021-2024,0.0,0.0,0.0,0.0,3.0
CAF.16.2_1,2013-2016,0.0,0.0,1.0,0.0,10.0
CAF.16.2_1,2017-2020,0.0,0.0,0.0,0.0,1.0
CAF.17.1_1,2001-2004,0.0,0.0,0.0,0.0,62.0
CAF.17.1_1,2005-2008,0.0,0.0,0.0,0.0,0.0
CAF.17.1_1,2009-2012,0.0,0.0,0.0,0.0,2.0
CAF.17.1_1,2013-2016,0.0,0.0,0.0,0.0,6.0
CAF.17.1_1,2017-2020,0.0,0.0,0.0,0.0,15.0
CAF.17.1_1,2021-2024,0.0,0.0,0.0,0.0,0.0
CAF.17.2_1,2005-2008,0.0,0.0,0.0,0.0,0.0
CAF.17.2_1,2009-2012,0.0,0.0,0.0,0.0,2.0
CAF.17.2_1,2017-2020,1.0,0.0,0.0,0.0,0.0
CAF.2.1_1,1997-2000,0.0,0.0,1.0,0.0,0.0
CAF.2.1_1,2001-2004,1.0,1.0,53.0,0.0,122.0
CAF.2.1_1,2005-2008,0.0,0.0,2.0,0.0,3.0
CAF.2.1_1,2009-2012,3.0,0.0,18.0,0.0,19.0
CAF.2.1_1,2013-2016,19.0,16.0,167.0,0.0,500.0
CAF.2.1_1,2017-2020,4.0,2.0,3.0,0.0,6.0
CAF.2.1_1,2021-2024,0.0,0.0,0.0,0.0,10.0
CAF.3.1_1,2009-2012,0.0,0.0,0.0,0.0,1.0
CAF.3.1_1,2017-2020,0.0,0.0,8.0,0.0,109.0
CAF.3.1_1,2021-2024,0.0,0.0,0.0,0.0,10.0
CAF.3.2_1,1997-2000,0.0,0.0,0.0,0.0,1.0
CAF.3.2_1,2013-2016,0.0,0.0,0.0,0.0,10.0
CAF.3.2_1,2017-2020,0.0,0.0,0.0,0.0,20.0
CAF.3.4_1,2013-2016,0.0,0.0,1.0,1.0,202.0
CAF.3.4_1,2017-2020,0.0,0.0,0.0,0.0,7.0
CAF.4.1_1,2009-2012,0.0,0.0,0.0,0.0,34.0
CAF.4.1_1,2017-2020,0.0,0.0,0.0,0.0,0.0
CAF.4.2_1,2009-2012,0.0,0.0,0.0,0.0,39.0
CAF.4.2_1,2013-2016,0.0,0.0,5.0,0.0,4.0
CAF.4.2_1,2017-2020,0.0,0.0,0.0,0.0,11.0
CAF.4.2_1,2021-2024,0.0,0.0,0.0,0.0,0.0
CAF.4.3_1,2009-2012,0.0,0.0,0.0,0.0,5.0
CAF.4.3_1,2013-2016,0.0,0.0,0.0,0.0,6.0
CAF.4.3_1,2017-2020,0.0,0.0,0.0,0.0,20.0
CAF.5.1_1,2005-2008,0.0,0.0,0.0,0.0,0.0
CAF.5.1_1,2009-2012,0.0,0.0,0.0,0.0,1.0
CAF.5.1_1,2013-2016,0.0,0.0,1.0,0.0,3.0
CAF.5.1_1,2017-2020,0.0,0.0,4.0,0.0,36.0
CAF.5.1_1,2021-2024,0.0,0.0,0.0,0.0,23.0
CAF.5.2_1,2005-2008,0.0,0.0,0.0,0.0,0.0
CAF.5.2_1,2017-2020,0.0,0.0,0.0,0.0,1.0
CAF.5.2_1,2021-2024,0.0,0.0,0.0,0.0,0.0
CAF.5.3_1,2009-2012,0.0,0.0,0.0,0.0,0.0
CAF.5.3_1,2017-2020,0.0,0.0,0.0,0.0,12.0
CAF.6.1_1,2009-2012,0.0,0.0,0.0,0.0,0.0
CAF.6.1_1,2013-2016,0.0,0.0,0.0,0.0,25.0
CAF.6.1_1,2017-2020,0.0,0.0,0.0,0.0,0.0
CAF.6.2_1,2013-2016,0.0,0.0,3.0,0.0,44.0
CAF.6.2_1,2017-2020,0.0,0.0,1.0,0.0,3.0
CAF.7.1_1,2009-2012,0.0,0.0,0.0,0.0,0.0
CAF.7.1_1,2013-2016,0.0,0.0,1.0,0.0,5.0
CAF.7.1_1,2017-2020,0.0,0.0,0.0,0.0,2.0
CAF.7.1_1,2021-2024,0.0,0.0,0.0,0.0,1.0
CAF.7.2_1,2009-2012,0.0,0.0,0.0,0.0,1.0
CAF.7.2_1,2013-2016,0.0,0.0,5.0,0.0,2.0
CAF.7.2_1,2017-2020,0.0,0.0,0.0,0.0,0.0
CAF.7.3_1,2013-2016,0.0,0.0,0.0,0.0,0.0
CAF.8.1_1,2013-2016,0.0,0.0,1.0,0.0,21.0
CAF.8.1_1,2017-2020,0.0,0.0,0.0,0.0,0.0
CAF.8.1_1,2021-2024,0.0,0.0,0.0,0.0,0.0
CAF.8.2_1,2013-2016,0.0,0.0,0.0,0.0,20.0
CAF.8.2_1,2017-2020,0.0,0.0,4.0,0.0,0.0
CAF.8.3_1,2013-2016,0.0,0.0,0.0,0.0,31.0
CAF.8.3_1,2017-2020,0.0,0.0,3.0,0.0,12.0
CAF.8.3_1,2021-2024,0.0,0.0,0.0,0.0,5.0
CAF.9.1_1,2009-2012,0.0,0.0,0.0,0.0,17.0
CAF.9.1_1,2013-2016,0.0,0.0,0.0,0.0,4.0
CAF.9.1_1,2017-2020,0.0,0.0,0.0,0.0,20.0
CAF.9.1_1,2021-2024,0.0,0.0,0.0,0.0,1.0
CAF.9.2_1,1997-2000,0.0,0.0,0.0,0.0,0.0
CAF.9.2_1,2009-2012,0.0,0.0,0.0,0.0,18.0
CAF.9.2_1,2013-2016,0.0,0.0,15.0,0.0,14.0
CAF.9.2_1,2017-2020,0.0,0.0,0.0,0.0,22.0
CAF.9.2_1,2021-2024,0.0,0.0,0.0,0.0,0.0
CAF.9.3_1,2017-2020,0.0,0.0,1.0,0.0,0.0
CAF.9.3_1,2021-2024,0.0,0.0,0.0,0.0,1.0
CAF.9.4_1,2009-2012,0.0,0.0,0.0,0.0,41.0
CAF.9.4_1,2013-2016,0.0,0.0,0.0,0.0,11.0
CAF.9.4_1,2017-2020,0.0,0.0,0.0,0.0,15.0
CIV.1.1_1,1997-2000,4.0,4.0,17.0,0.0,67.0
CIV.1.1_1,2001-2004,0.0,1.0,14.0,0.0,150.0
CIV.1.1_1,2005-2008,0.0,0.0,1.0,0.0,34.0
CIV.1.1_1,2009-2012,41.0,29.0,9.0,0.0,297.0
CIV.1.1_1,2013-2016,0.0,0.0,25.0,0.0,1.0
CIV.1.1_1,2017-2020,0.0,0.0,21.0,0.0,6.0
CIV.1.1_1,2021-2024,0.0,0.0,5.0,0.0,1.0
CIV.10.1_1,2013-2016,0.0,0.0,0.0,0.0,0.0
CIV.10.1_1,2017-2020,0.0,0.0,5.0,0.0,1.0
CIV.10.2_1,1997-2000,0.0,0.0,0.0,0.0,0.0
CIV.10.2_1,2001-2004,0.0,0.0,0.0,0.0,150.0
CIV.10.2_1,2017-2020,0.0,0.0,0.0,0.0,1.0
CIV.10.3_1,2013-2016,0.0,0.0,0.0,0.0,0.0
CIV.10.3_1,2017-2020,0.0,0.0,0.0,0.0,0.0
CIV.10.3_1,2021-2024,0.0,0.0,0.0,0.0,0.0
CIV.11.1_1,1997-2000,0.0,0.0,0.0,0.0,5.0
CIV.11.1_1,2001-2004,20.0,0.0,1.0,0.0,72.0
CIV.11.1_1,2005-2008,0.0,0.0,0.0,0.0,3.0
CIV.11.1_1,2009-2012,0.0,0.0,0.0,0.0,1.0
CIV.11.1_1,2013-2016,0.0,0.0,2.0,0.0,0.0
CIV.11.1_1,2017-2020,0.0,2.0,4.0,0.0,0.0
CIV.11.1_1,2021-2024,0.0,0.0,1.0,0.0,0.0
CIV.11.2_1,2009-2012,0.0,0.0,0.0,0.0,1.0
CIV.11.2_1,2013-2016,0.0,0.0,1.0,0.0,0.0
CIV.11.2_1,2017-2020,0.0,0.0,0.0,0.0,2.0
CIV.11.2_1,2021-2024,0.0,0.0,1.0,0.0,0.0
CIV.12.1_1,2013-2016,0.0,0.0,1.0,0.0,0.0
CIV.12.2_1,2013-2016,0.0,0.0,0.0,0.0,0.0
CIV.12.3_1,2005-2008,0.0,0.0,0.0,0.0,0.0
CIV.13.1_1,2001-2004,4.0,0.0,0.0,0.0,0.0
CIV.13.1_1,2009-2012,0.0,1.0,0.0,0.0,0.0
CIV.13.1_1,2013-2016,0.0,0.0,0.0,0.0,1.0
CIV.13.1_1,2017-2020,0.0,0.0,1.0,0.0,0.0
CIV.14.1_1,2013-2016,0.0,0.0,2.0,0.0,0.0
CIV.14.1_1,2017-2020,0.0,0.0,0.0,0.0,0.0
CIV.14.1_1,2021-2024,0.0,0.0,0.0,0.0,0.0
CIV.14.2_1,2001-2004,0.0,0.0,0.0,0.0,2.0
CIV.14.2_1,2005-2008,0.0,0.0,0.0,0.0,0.0
CIV.14.2_1,2013-2016,0.0,0.0,2.0,0.0,0.0
CIV.14.2_1,2017-2020,0.0,0.0,0.0,0.0,0.0
CIV.14.2_1,2021-2024,0.0,0.0,0.0,0.0,0.0
CIV.2.2_1,2013-2016,0.0,0.0,0.0,0.0,2.0
CIV.2.2_1,2017-2020,0.0,0.0,1.0,0.0,0.0
CIV.2.2_1,2021-2024,0.0,0.0,0.0,0.0,1.0
CIV.2.3_1,1997-2000,0.0,0.0,0.0,0.0,11.0
CIV.2.3_1,2001-2004,15.0,0.0,0.0,0.0,25.0
CIV.2.3_1,2009-2012,0.0,0.0,0.0,0.0,2.0
CIV.2.3_1,2013-2016,5.0,0.0,0.0,0.0,1.0
CIV.2.3_1,2017-2020,0.0,0.0,0.0,0.0,1.0
CIV.3.1_1,2013-2016,0.0,0.0,0.0,0.0,0.0
CIV.3.1_1,2017-2020,0.0,0.0,0.0,0.0,1.0
CIV.3.2_1,2005-2008,0.0,0.0,0.0,0.0,0.0
CIV.3.2_1,2009-2012,0.0,0.0,0.0,0.0,0.0
CIV.3.2_1,2013-2016,0.0,0.0,2.0,0.0,19.0
CIV.3.2_1,2017-2020,0.0,0.0,3.0,0.0,0.0
CIV.4.2_1,2013-2016,0.0,0.0,0.0,0.0,0.0
CIV.4.2_1,2017-2020,0.0,0.0,1.0,0.0,0.0
CIV.5.1_1,1997-2000,0.0,0.0,0.0,0.0,0.0
CIV.5.1_1,2001-2004,0.0,0.0,0.0,0.0,23.0
CIV.5.1_1,2009-2012,0.0,5.0,0.0,0.0,1.0
CIV.5.1_1,2013-2016,0.0,0.0,2.0,0.0,0.0
CIV.5.1_1,2017-2020,0.0,0.0,1.0,0.0,0.0
CIV.5.2_1,1997-2000,0.0,0.0,1.0,0.0,0.0
CIV.5.2_1,2009-2012,0.0,0.0,0.0,0.0,24.0
CIV.5.2_1,2017-2020,0.0,0.0,0.0,0.0,1.0
CIV.6.1_1,2001-2004,0.0,0.0,0.0,0.0,2.0
CIV.6.1_1,2013-2016,0.0,0.0,0.0,0.0,0.0
CIV.6.1_1,2017-2020,0.0,0.0,7.0,0.0,1.0
CIV.6.2_1,2009-2012,0.0,0.0,0.0,0.0,0.0
CIV.6.2_1,2017-2020,0.0,0.0,10.0,0.0,0.0
CIV.6.3_1,2017-2020,0.0,0.0,2.0,0.0,6.0
CIV.6.4_1,2017-2020,0.0,1.0,0.0,0.0,0.0
CIV.7.1_1,2001-2004,0.0,0.0,0.0,0.0,0.0
CIV.7.1_1,2005-2008,0.0,0.0,0.0,0.0,0.0
CIV.7.1_1,2009-2012,0.0,0.0,2.0,0.0,0.0
CIV.7.1_1,2013-2016,0.0,0.0,0.0,0.0,1.0
CIV.7.1_1,2017-2020,0.0,0.0,2.0,0.0,0.0
CIV.7.2_1,2009-2012,0.0,0.0,0.0,0.0,0.0
CIV.7.2_1,2017-2020,0.0,1.0,0.0,0.0,0.0
CIV.7.2_1,2021-2024,0.0,0.0,1.0,0.0,0.0
CIV.7.3_1,2009-2012,0.0,0.0,0.0,0.0,1.0
CIV.7.3_1,2013-2016,0.0,0.0,2.0,0.0,0.0
CIV.7.3_1,2017-2020,0.0,0.0,3.0,0.0,0.0
CIV.8.1_1,1997-2000,0.0,0.0,0.0,0.0,0.0
CIV.8.1_1,2001-2004,0.0,0.0,0.0,0.0,4.0
CIV.8.1_1,2005-2008,0.0,0.0,0.0,0.0,20.0
CIV.8.1_1,2009-2012,0.0,0.0,0.0,0.0,189.0
CIV.8.1_1,2013-2016,0.0,0.0,1.0,0.0,0.0
CIV.8.1_1,2017-2020,0.0,0.0,2.0,0.0,1.0
CIV.8.1_1,2021-2024,0.0,0.0,1.0,0.0,0.0
CIV.8.2_1,2001-2004,0.0,0.0,0.0,0.0,303.0
CIV.8.2_1,2005-2008,0.0,0.0,0.0,0.0,109.0
CIV.8.2_1,2009-2012,0.0,0.0,0.0,0.0,127.0
CIV.8.2_1,2013-2016,0.0,0.0,0.0,0.0,10.0
CIV.8.2_1,2017-2020,0.0,0.0,0.0,0.0,1.0
CIV.8.3_1,2001-2004,60.0,0.0,0.0,0.0,35.0
CIV.8.3_1,2005-2008,0.0,0.0,0.0,0.0,0.0
CIV.8.3_1,2009-2012,0.0,0.0,0.0,0.0,10.0
CIV.8.3_1,2017-2020,0.0,0.0,2.0,0.0,1.0
CIV.9.1_1,1997-2000,0.0,1.0,0.0,0.0,0.0
CIV.9.1_1,2001-2004,18.0,0.0,1.0,0.0,151.0
CIV.9.1_1,2005-2008,0.0,0.0,0.0,0.0,0.0
CIV.9.1_1,2009-2012,0.0,0.0,0.0,0.0,3.0
CIV.9.1_1,2013-2016,0.0,0.0,0.0,0.0,7.0
CIV.9.1_1,2017-2020,0.0,0.0,2.0,0.0,0.0
CIV.9.1_1,2021-2024,0.0,0.0,1.0,0.0,0.0
CIV.9.2_1,2013-2016,0.0,0.0,0.0,0.0,0.0
CIV.9.2_1,2017-2020,0.0,0.0,0.0,0.0,1.0
CMR.1.1_1,2017-2020,0.0,0.0,0.0,0.0,1.0
CMR.1.1_1,2021-2024,0.0,0.0,0.0,0.0,0.0
CMR.1.2_1,2017-2020,0.0,0.0,0.0,0.0,5.0
CMR.1.4_1,2005-2008,0.0,0.0,0.0,0.0,3.0
CMR.1.4_1,2017-2020,0.0,0.0,0.0,0.0,11.0
CMR.1.5_1,2013-2016,0.0,0.0,0.0,0.0,0.0
CMR.1.5_1,2017-2020,0.0,0.0,1.0,0.0,1.0
CMR.10.3_1,2009-2012,0.0,0.0,0.0,0.0,1.0
CMR.2.2_1,2017-2020,0.0,0.0,0.0,0.0,1.0
CMR.2.3_1,2013-2016,0.0,0.0,1.0,0.0,0.0
CMR.2.3_1,2017-2020,0.0,0.0,0.0,0.0,1.0
CMR.2.5_1,2017-2020,0.0,0.0,0.0,0.0,1.0
CMR.2.7_1,2001-2004,0.0,0.0,0.0,0.0,1.0
CMR.2.7_1,2005-2008,0.0,0.0,0.0,0.0,1.0
CMR.2.7_1,2013-2016,0.0,0.0,0.0,0.0,2.0
CMR.2.7_1,2017-2020,0.0,1.0,3.0,0.0,3.0
CMR.2.7_1,2021-2024,0.0,0.0,1.0,0.0,0.0
CMR.2.9_1,2005-2008,0.0,0.0,0.0,0.0,0.0
CMR.3.1_1,1997-2000,0.0,0.0,0.0,0.0,1.0
CMR.3.2_1,2005-2008,0.0,0.0,0.0,0.0,1.0
CMR.3.3_1,2013-2016,0.0,0.0,0.0,0.0,0.0
CMR.3.4_1,2005-2008,0.0,0.0,0.0,0.0,0.0
CMR.3.4_1,2009-2012,0.0,0.0,0.0,0.0,0.0
CMR.3.4_1,2013-2016,0.0,0.0,0.0,0.0,0.0
CMR.3.4_1,2017-2020,0.0,0.0,3.0,0.0,7.0
CMR.4.1_1,1997-2000,0.0,0.0,0.0,0.0,0.0
CMR.4.1_1,2013-2016,41.0,0.0,0.0,0.0,1.0
CMR.4.1_1,2017-2020,1.0,0.0,0.0,0.0,5.0
CMR.4.1_1,2021-2024,0.0,0.0,3.0,0.0,0.0
CMR.4.2_1,2005-2008,1.0,0.0,0.0,0.0,0.0
CMR.4.2_1,2013-2016,90.0,0.0,0.0,0.0,24.0
CMR.4.2_1,2017-2020,53.0,0.0,0.0,0.0,101.0
CMR.4.2_1,2021-2024,0.0,0.0,1.0,0.0,6.0
CMR.4.3_1,2013-2016,0.0,0.0,0.0,0.0,3.0
CMR.4.3_1,2017-2020,0.0,0.0,0.0,0.0,6.0
CMR.4.3_1,2021-2024,0.0,0.0,1.0,0.0,0.0
CMR.4.4_1,2017-2020,0.0,0.0,0.0,0.0,4.0
CMR.4.5_1,2013-2016,121.0,0.0,0.0,0.0,104.0
CMR.4.5_1,2017-2020,177.0,0.0,0.0,2.0,223.0
CMR.4.5_1,2021-2024,0.0,0.0,0.0,0.0,20.0
CMR.4.6_1,2001-2004,0.0,0.0,0.0,0.0,9.0
CMR.4.6_1,2013-2016,26.0,0.0,0.0,0.0,47.0
CMR.4.6_1,2017-2020,51.0,0.0,0.0,0.0,82.0
CMR.4.6_1,2021-2024,1.0,0.0,1.0,0.0,13.0
CMR.5.1_1,2017-2020,0.0,0.0,3.0,0.0,1.0
CMR.5.1_1,2021-2024,0.0,0.0,1.0,0.0,0.0
CMR.5.3_1,2021-2024,0.0,0.0,0.0,0.0,1.0
CMR.5.4_1,1997-2000,0.0,0.0,0.0,0.0,16.0
CMR.5.4_1,2001-2004,0.0,0.0,1.0,0.0,5.0
CMR.5.4_1,2005-2008,0.0,0.0,100.0,0.0,2.0
CMR.5.4_1,2009-2012,0.0,0.0,2.0,0.0,8.0
CMR.5.4_1,2013-2016,0.0,0.0,0.0,0.0,0.0
CMR.5.4_1,2017-2020,0.0,1.0,5.0,0.0,3.0
CMR.5.4_1,2021-2024,0.0,0.0,1.0,1.0,1.0
CMR.6.1_1,2005-2008,0.0,0.0,0.0,0.0,0.0
CMR.6.1_1,2017-2020,0.0,2.0,1.0,0.0,9.0
CMR.6.1_1,2021-2024,3.0,0.0,0.0,0.0,0.0
CMR.6.2_1,1997-2000,0.0,0.0,0.0,0.0,0.0
CMR.6.2_1,2001-2004,0.0,3.0,0.0,0.0,0.0
CMR.6.2_1,2017-2020,0.0,2.0,0.0,0.0,32.0
CMR.6.2_1,2021-2024,11.0,0.0,0.0,0.0,15.0
CMR.6.3_1,2017-2020,0.0,1.0,0.0,0.0,25.0
CMR.6.3_1,2021-2024,0.0,0.0,0.0,0.0,1.0
CMR.6.4_1,2013-2016,0.0,0.0,0.0,0.0,0.0
CMR.6.4_1,2017-2020,0.0,0.0,0.0,0.0,57.0
CMR.6.4_1,2021-2024,0.0,0.0,0.0,0.0,2.0
CMR.6.5_1,1997-2000,0.0,0.0,0.0,0.0,0.0
CMR.6.5_1,2005-2008,0.0,3.0,2.0,0.0,0.0
CMR.6.5_1,2013-2016,0.0,0.0,6.0,0.0,0.0
CMR.6.5_1,2017-2020,1.0,4.0,6.0,0.0,158.0
CMR.6.5_1,2021-2024,7.0,0.0,2.0,0.0,67.0
CMR.6.6_1,2017-2020,0.0,1.0,0.0,0.0,81.0
CMR.6.6_1,2021-2024,4.0,0.0,0.0,0.0,5.0
CMR.6.7_1,2001-2004,0.0,0.0,0.0,0.0,1.0
CMR.6.7_1,2013-2016,0.0,0.0,0.0,0.0,0.0
CMR.6.7_1,2017-2020,0.0,3.0,2.0,0.0,55.0
CMR.6.7_1,2021-2024,0.0,0.0,0.0,0.0,12.0
CMR.7.1_1,2013-2016,0.0,0.0,4.0,0.0,0.0
CMR.7.1_1,2017-2020,0.0,0.0,1.0,0.0,1.0
CMR.7.1_1,2021-2024,0.0,0.0,1.0,0.0,0.0
CMR.7.4_1,2005-2008,0.0,0.0,0.0,0.0,1.0
CMR.7.4_1,2013-2016,0.0,0.0,0.0,0.0,1.0
CMR.7.4_1,2017-2020,0.0,0.0,0.0,0.0,0.0
CMR.7.4_1,2021-2024,0.0,0.0,0.0,0.0,0.0
CMR.8.1_1,2017-2020,0.0,0.0,0.0,0.0,12.0
CMR.8.1_1,2021-2024,0.0,0.0,0.0,0.0,0.0
CMR.8.2_1,2005-2008,0.0,0.0,1.0,0.0,0.0
CMR.8.2_1,2021-2024,0.0,0.0,0.0,0.0,1.0
CMR.8.6_1,2017-2020,0.0,0.0,1.0,0.0,3.0
CMR.8.6_1,2021-2024,0.0,0.0,1.0,0.0,0.0
CMR.8.7_1,2017-2020,0.0,0.0,5.0,0.0,3.0
CMR.8.7_1,2021-2024,0.0,0.0,4.0,0.0,0.0
CMR.8.8_1,2017-2020,0.0,0.0,7.0,0.0,2.0
CMR.8.8_1,2021-2024,0.0,0.0,2.0,0.0,0.0
CMR.9.1_1,2005-2008,0.0,0.0,0.0,0.0,2.0
CMR.9.1_1,2017-2020,5.0,8.0,3.0,0.0,164.0
CMR.9.1_1,2021-2024,0.0,0.0,1.0,0.0,13.0
CMR.9.2_1,2017-2020,0.0,2.0,0.0,0.0,55.0
CMR.9.2_1,2021-2024,2.0,0.0,0.0,0.0,5.0
CMR.9.3_1,2017-2020,0.0,0.0,0.0,0.0,0.0
CMR.9.3_1,2021-2024,0.0,0.0,0.0,0.0,0.0
CMR.9.4_1,2005-2008,0.0,0.0,0.0,0.0,0.0
CMR.9.4_1,2017-2020,5.0,5.0,2.0,0.0,34.0
CMR.9.4_1,2021-2024,0.0,0.0,0.0,4.0,4.0
CMR.9.5_1,2013-2016,0.0,0.0,0.0,0.0,1.0
CMR.9.5_1,2017-2020,0.0,3.0,0.0,0.0,113.0
CMR.9.5_1,2021-2024,3.0,0.0,0.0,0.0,27.0
CMR.9.6_1,1997-2000,0.0,0.0,0.0,0.0,0.0
CMR.9.6_1,2005-2008,0.0,0.0,2.0,0.0,121.0
CMR.9.6_1,2009-2012,0.0,0.0,0.0,0.0,17.0
CMR.9.6_1,2013-2016,0.0,0.0,0.0,0.0,5.0
CMR.9.6_1,2017-2020,0.0,2.0,1.0,0.0,61.0
CMR.9.6_1,2021-2024,1.0,0.0,0.0,0.0,2.0
COD.1.10_1,1997-2000,15.0,0.0,0.0,0.0,171.0
COD.1.10_1,2009-2012,0.0,0.0,0.0,0.0,11.0
COD.1.1_1,2001-2004,0.0,0.0,0.0,0.0,100.0
COD.1.1_1,2009-2012,0.0,0.0,0.0,0.0,1.0
COD.1.2_1,1997-2000,0.0,0.0,0.0,0.0,0.0
COD.1.3_1,2005-2008,0.0,0.0,0.0,0.0,60.0
COD.1.3_1,2009-2012,0.0,0.0,0.0,0.0,112.0
COD.1.3_1,2013-2016,0.0,0.0,0.0,0.0,12.0
COD.1.3_1,2017-2020,0.0,0.0,1.0,0.0,1.0
COD.1.4_1,2017-2020,0.0,0.0,0.0,0.0,0.0
COD.1.5_1,1997-2000,24.0,0.0,0.0,0.0,0.0
COD.1.5_1,2009-2012,0.0,0.0,0.0,0.0,101.0
COD.1.5_1,2013-2016,0.0,0.0,5.0,0.0,14.0
COD.1.8_1,1997-2000,0.0,0.0,0.0,0.0,0.0
COD.1.8_1,2013-2016,0.0,0.0,1.0,0.0,4.0
COD.10.1_1,1997-2000,126.0,4.0,18.0,0.0,501.0
COD.10.1_1,2001-2004,1.0,0.0,17.0,0.0,263.0
COD.10.1_1,2005-2008,0.0,0.0,16.0,0.0,0.0
COD.10.1_1,2009-2012,0.0,0.0,32.0,0.0,11.0
COD.10.1_1,2013-2016,0.0,2.0,107.0,0.0,458.0
COD.10.1_1,2017-2020,0.0,9.0,20.0,0.0,38.0
COD.10.1_1,2021-2024,0.0,0.0,5.0,0.0,0.0
COD.11.10_1,1997-2000,0.0,0.0,0.0,0.0,6.0
COD.11.11_1,1997-2000,0.0,0.0,0.0,0.0,0.0
COD.11.11_1,2005-2008,0.0,0.0,13.0,0.0,0.0
COD.11.11_1,2013-2016,0.0,0.0,3.0,0.0,0.0
COD.11.11_1,2017-2020,0.0,0.0,1.0,0.0,6.0
COD.11.12_1,1997-2000,0.0,0.0,0.0,0.0,10.0
COD.11.12_1,2021-2024,1.0,0.0,0.0,0.0,0.0
COD.11.14_1,1997-2000,0.0,10.0,0.0,0.0,0.0
COD.11.14_1,2001-2004,0.0,0.0,4.0,0.0,0.0
COD.11.14_1,2005-2008,0.0,0.0,0.0,0.0,0.0
COD.11.14_1,2009-2012,0.0,0.0,0.0,0.0,6.0
COD.11.14_1,2013-2016,0.0,0.0,3.0,0.0,3.0
COD.11.14_1,2017-2020,0.0,0.0,0.0,0.0,10.0
COD.11.16_1,2017-2020,0.0,0.0,0.0,0.0,2.0
COD.11.17_1,1997-2000,0.0,0.0,0.0,0.0,500.0
COD.11.17_1,2017-2020,0.0,0.0,0.0,0.0,0.0
COD.11.18_1,2009-2012,0.0,0.0,0.0,0.0,0.0
COD.11.1_1,2017-2020,0.0,0.0,0.0,0.0,0.0
COD.11.2_1,2017-2020,0.0,0.0,1.0,0.0,1.0
COD.11.4_1,1997-2000,0.0,0.0,0.0,0.0,0.0
COD.11.4_1,2017-2020,0.0,0.0,4.0,0.0,0.0
COD.11.5_1,1997-2000,0.0,0.0,0.0,0.0,0.0
COD.11.5_1,2017-2020,0.0,0.0,0.0,0.0,0.0
COD.11.6_1,2017-2020,0.0,0.0,0.0,0.0,2.0
COD.11.9_1,2001-2004,0.0,0.0,10.0,0.0,0.0
COD.11.9_1,2021-2024,0.0,1.0,0.0,0.0,0.0
COD.12.1_1,2009-2012,0.0,0.0,0.0,0.0,0.0
COD.12.2_1,2001-2004,0.0,0.0,0.0,0.0,16.0
COD.12.4_1,2005-2008,0.0,0.0,0.0,0.0,10.0
COD.12.6_1,2001-2004,0.0,0.0,0.0,0.0,11.0
COD.12.7_1,2017-2020,0.0,0.0,0.0,0.0,1.0
COD.13.10_1,1997-2000,0.0,0.0,0.0,0.0,0.0
COD.13.10_1,2001-2004,0.0,0.0,0.0,0.0,1.0
COD.13.10_1,2009-2012,0.0,0.0,0.0,0.0,0.0
COD.13.10_1,2013-2016,0.0,0.0,0.0,0.0,1.0
COD.13.10_1,2017-2020,0.0,0.0,3.0,0.0,0.0
COD.13.12_1,2013-2016,0.0,0.0,2.0,0.0,0.0
COD.13.12_1,2017-2020,0.0,0.0,1.0,0.0,0.0
COD.13.1_1,2013-2016,0.0,0.0,0.0,0.0,0.0
COD.13.2_1,2009-2012,0.0,0.0,3.0,0.0,0.0
COD.13.2_1,2017-2020,0.0,0.0,0.0,0.0,0.0
COD.13.4_1,2017-2020,0.0,1.0,2.0,0.0,0.0
COD.13.6_1,2021-2024,0.0,0.0,1.0,0.0,0.0
COD.13.8_1,2005-2008,0.0,0.0,0.0,0.0,0.0
COD.13.8_1,2017-2020,0.0,0.0,1.0,0.0,0.0
COD.13.8_1,2021-2024,0.0,0.0,0.0,0.0,0.0
COD.14.1_1,2013-2016,0.0,0.0,1.0,0.0,0.0
COD.14.1_1,2017-2020,0.0,0.0,0.0,0.0,2.0
COD.14.2_1,1997-2000,0.0,0.0,0.0,0.0,7.0
COD.14.2_1,2009-2012,0.0,0.0,0.0,0.0,0.0
COD.14.2_1,2013-2016,0.0,0.0,2.0,0.0,0.0
COD.14.3_1,2009-2012,0.0,0.0,0.0,0.0,0.0
COD.14.4_1,1997-2000,150.0,0.0,0.0,0.0,7.0
COD.14.4_1,2001-2004,0.0,0.0,0.0,0.0,1.0
COD.14.4_1,2005-2008,0.0,0.0,0.0,0.0,3.0
COD.14.4_1,2013-2016,0.0,0.0,2.0,0.0,0.0
COD.14.6_1,2001-2004,0.0,0.0,0.0,0.0,0.0
COD.14.7_1,2017-2020,0.0,0.0,0.0,0.0,0.0
COD.14.7_1,2021-2024,0.0,0.0,2.0,0.0,0.0
COD.14.8_1,2001-2004,0.0,0.0,0.0,0.0,0.0
COD.14.8_1,2013-2016,0.0,0.0,0.0,0.0,0.0
COD.14.8_1,2017-2020,0.0,0.0,0.0,0.0,0.0
COD.15.1_1,1997-2000,0.0,0.0,0.0,0.0,125.0
COD.15.1_1,2013-2016,0.0,0.0,2.0,0.0,1.0
COD.15.1_1,2017-2020,0.0,0.0,0.0,0.0,1.0
COD.15.2_1,1997-2000,0.0,0.0,0.0,0.0,8.0
COD.15.2_1,2017-2020,0.0,0.0,0.0,0.0,0.0
COD.15.4_1,2013-2016,0.0,0.0,5.0,0.0,110.0
COD.15.4_1,2017-2020,0.0,0.0,1.0,0.0,2.0
COD.15.5_1,2017-2020,0.0,0.0,2.0,0.0,0.0
COD.15.5_1,2021-2024,0.0,4.0,0.0,0.0,0.0
COD.15.6_1,2017-2020,0.0,0.0,0.0,0.0,4.0
COD.16.11_1,2017-2020,0.0,0.0,0.0,0.0,349.0
COD.16.3_1,1997-2000,14.0,0.0,0.0,0.0,0.0
COD.16.5_1,2013-2016,0.0,0.0,0.0,0.0,2.0
COD.17.10_1,2017-2020,0.0,0.0,0.0,0.0,0.0
COD.17.11_1,2005-2008,0.0,0.0,0.0,0.0,8.0
COD.17.11_1,2013-2016,0.0,0.0,0.0,0.0,0.0
COD.17.11_1,2021-2024,0.0,0.0,0.0,0.0,2.0
COD.17.12_1,2001-2004,0.0,0.0,0.0,0.0,0.0
COD.17.12_1,2013-2016,0.0,0.0,0.0,0.0,0.0
COD.17.13_1,2013-2016,0.0,0.0,0.0,0.0,1.0
COD.17.1_1,1997-2000,0.0,0.0,0.0,0.0,0.0
COD.17.1_1,2001-2004,0.0,0.0,0.0,0.0,0.0
COD.17.1_1,2009-2012,0.0,0.0,0.0,0.0,2.0
COD.17.1_1,2013-2016,0.0,0.0,0.0,0.0,1.0
COD.17.1_1,2017-2020,0.0,0.0,0.0,0.0,4.0
COD.17.1_1,2021-2024,0.0,0.0,0.0,0.0,0.0
COD.17.2_1,2001-2004,0.0,0.0,0.0,0.0,0.0
COD.17.2_1,2013-2016,0.0,0.0,0.0,0.0,0.0
COD.17.2_1,2017-2020,0.0,0.0,0.0,0.0,1.0
COD.17.2_1,2021-2024,0.0,0.0,0.0,0.0,0.0
COD.17.4_1,2005-2008,0.0,0.0,0.0,0.0,2.0
COD.17.4_1,2013-2016,0.0,0.0,0.0,0.0,4.0
COD.17.4_1,2017-2020,0.0,0.0,0.0,0.0,0.0
COD.17.7_1,1997-2000,0.0,0.0,0.0,0.0,0.0
COD.17.7_1,2001-2004,0.0,0.0,0.0,0.0,63.0
COD.17.7_1,2009-2012,0.0,0.0,0.0,0.0,1.0
COD.17.7_1,2013-2016,0.0,0.0,0.0,0.0,108.0
COD.17.7_1,2017-2020,0.0,1.0,4.0,0.0,1.0
COD.17.8_1,1997-2000,0.0,0.0,0.0,0.0,0.0
COD.17.8_1,2017-2020,0.0,0.0,0.0,0.0,0.0
COD.18.1_1,1997-2000,158.0,0.0,0.0,0.0,0.0
COD.18.1_1,2013-2016,0.0,1.0,0.0,0.0,3.0
COD.18.3_1,2013-2016,0.0,0.0,0.0,0.0,0.0
COD.18.4_1,2009-2012,0.0,0.0,0.0,0.0,0.0
COD.18.4_1,2013-2016,0.0,0.0,0.0,0.0,3.0
COD.18.4_1,2017-2020,0.0,0.0,2.0,0.0,0.0
COD.18.5_1,2013-2016,0.0,0.0,0.0,0.0,0.0
COD.19.10_1,2001-2004,0.0,0.0,0.0,0.0,8.0
COD.19.10_1,2005-2008,0.0,0.0,1.0,0.0,29.0
COD.19.10_1,2009-2012,0.0,0.0,0.0,0.0,71.0
COD.19.10_1,2013-2016,5.0,0.0,0.0,0.0,9.0
COD.19.10_1,2017-2020,0.0,0.0,0.0,0.0,3.0
COD.19.10_1,2021-2024,0.0,0.0,0.0,0.0,1.0
COD.19.11_1,2001-2004,0.0,0.0,0.0,0.0,7.0
COD.19.11_1,2005-2008,0.0,0.0,0.0,0.0,8.0
COD.19.11_1,2009-2012,0.0,0.0,0.0,0.0,163.0
COD.19.11_1,2013-2016,0.0,0.0,0.0,0.0,56.0
COD.19.11_1,2017-2020,0.0,0.0,2.0,0.0,35.0
COD.19.11_1,2021-2024,0.0,0.0,1.0,0.0,13.0
COD.19.1_1,1997-2000,0.0,0.0,0.0,0.0,11.0
COD.19.1_1,2001-2004,0.0,0.0,0.0,0.0,90.0
COD.19.1_1,2009-2012,0.0,0.0,0.0,0.0,43.0
COD.19.1_1,2013-2016,0.0,0.0,6.0,0.0,80.0
COD.19.1_1,2017-2020,0.0,2.0,24.0,0.0,177.0
COD.19.1_1,2021-2024,1.0,0.0,7.0,0.0,5.0
COD.19.2_1,1997-2000,0.0,0.0,0.0,0.0,10.0
COD.19.2_1,2001-2004,0.0,0.0,0.0,0.0,13.0
COD.19.2_1,2005-2008,0.0,0.0,0.0,0.0,0.0
COD.19.2_1,2009-2012,0.0,0.0,0.0,0.0,3.0
COD.19.2_1,2013-2016,0.0,0.0,1.0,0.0,7.0
COD.19.2_1,2017-2020,0.0,1.0,5.0,0.0,19.0
COD.19.2_1,2021-2024,0.0,0.0,4.0,0.0,0.0
COD.19.3_1,1997-2000,43.0,0.0,0.0,0.0,269.0
COD.19.3_1,2001-2004,7.0,0.0,3.0,0.0,32.0
COD.19.3_1,2005-2008,0.0,0.0,1.0,0.0,13.0
COD.19.3_1,2009-2012,30.0,0.0,0.0,0.0,20.0
COD.19.3_1,2013-2016,13.0,0.0,11.0,0.0,3.0
COD.19.3_1,2017-2020,0.0,3.0,27.0,0.0,66.0
COD.19.3_1,2021-2024,0.0,0.0,14.0,0.0,4.0
COD.19.4_1,1997-2000,0.0,0.0,0.0,0.0,10.0
COD.19.4_1,2001-2004,0.0,0.0,0.0,0.0,3.0
COD.19.4_1,2005-2008,0.0,0.0,0.0,0.0,17.0
COD.19.4_1,2009-2012,0.0,0.0,0.0,0.0,11.0
COD.19.4_1,2013-2016,0.0,0.0,0.0,0.0,40.0
COD.19.4_1,2017-2020,5.0,0.0,17.0,0.0,23.0
COD.19.4_1,2021-2024,0.0,0.0,2.0,0.0,4.0
COD.19.5_1,1997-2000,0.0,0.0,0.0,0.0,7.0
COD.19.5_1,2001-2004,0.0,0.0,0.0,0.0,7.0
COD.19.5_1,2005-2008,10.0,0.0,0.0,0.0,44.0
COD.19.5_1,2009-2012,47.0,0.0,3.0,0.0,65.0
COD.19.5_1,2013-2016,9.0,0.0,9.0,0.0,26.0
COD.19.5_1,2017-2020,0.0,0.0,7.0,0.0,166.0
COD.19.5_1,2021-2024,0.0,0.0,4.0,0.0,20.0
COD.19.6_1,2009-2012,0.0,0.0,0.0,0.0,2.0
COD.19.6_1,2013-2016,5.0,0.0,0.0,0.0,7.0
COD.19.6_1,2017-2020,0.0,0.0,10.0,0.0,34.0
COD.19.6_1,2021-2024,0.0,0.0,0.0,0.0,3.0
COD.19.7_1,1997-2000,0.0,0.0,0.0,0.0,0.0
COD.19.7_1,2001-2004,0.0,0.0,0.0,0.0,0.0
COD.19.7_1,2005-2008,0.0,0.0,0.0,0.0,0.0
COD.19.7_1,2009-2012,0.0,0.0,0.0,0.0,27.0
COD.19.7_1,2013-2016,0.0,0.0,1.0,0.0,218.0
COD.19.7_1,2017-2020,1.0,1.0,15.0,0.0,765.0
COD.19.7_1,2021-2024,0.0,1.0,7.0,0.0,253.0
COD.19.8_1,1997-2000,0.0,0.0,0.0,0.0,13.0
COD.19.8_1,2009-2012,0.0,0.0,0.0,0.0,0.0
COD.19.8_1,2013-2016,0.0,0.0,2.0,0.0,60.0
COD.19.8_1,2017-2020,0.0,0.0,16.0,0.0,64.0
COD.19.8_1,2021-2024,0.0,0.0,3.0,0.0,4.0
COD.19.9_1,1997-2000,0.0,0.0,0.0,0.0,16.0
COD.19.9_1,2001-2004,0.0,0.0,0.0,0.0,5.0
COD.19.9_1,2005-2008,0.0,0.0,0.0,0.0,78.0
COD.19.9_1,2009-2012,0.0,0.0,0.0,0.0,56.0
COD.19.9_1,2013-2016,20.0,0.0,9.0,0.0,137.0
COD.19.9_1,2017-2020,0.0,2.0,9.0,0.0,224.0
COD.19.9_1,2021-2024,0.0,0.0,21.0,0.0,27.0
COD.2.1_1,2013-2016,0.0,1.0,0.0,0.0,0.0
COD.2.2_1,1997-2000,0.0,0.0,0.0,0.0,0.0
COD.2.4_1,1997-2000,259.0,0.0,0.0,0.0,0.0
COD.2.4_1,2001-2004,0.0,0.0,0.0,0.0,0.0
COD.2.8_1,1997-2000,418.0,0.0,0.0,0.0,0.0
COD.2.9_1,1997-2000,0.0,0.0,0.0,0.0,200.0
COD.2.9_1,2005-2008,0.0,0.0,0.0,0.0,9.0
COD.2.9_1,2009-2012,0.0,0.0,0.0,0.0,65.0
COD.2.9_1,2013-2016,0.0,0.0,1.0,0.0,0.0
COD.2.9_1,2017-2020,0.0,0.0,5.0,0.0,0.0
COD.2.9_1,2021-2024,0.0,0.0,1.0,0.0,1.0
COD.20.2_1,1997-2000,25.0,0.0,0.0,0.0,0.0
COD.20.2_1,2013-2016,0.0,0.0,6.0,0.0,0.0
COD.20.3_1,2009-2012,0.0,0.0,3.0,0.0,0.0
COD.20.3_1,2013-2016,0.0,0.0,0.0,0.0,1.0
COD.20.3_1,2017-2020,0.0,0.0,1.0,0.0,0.0
COD.20.4_1,2013-2016,2.0,0.0,0.0,0.0,0.0
COD.20.6_1,2013-2016,0.0,0.0,0.0,0.0,0.0
COD.20.6_1,2017-2020,0.0,0.0,0.0,0.0,1.0
COD.21.2_1,1997-2000,0.0,0.0,0.0,0.0,0.0
COD.21.2_1,2009-2012,0.0,0.0,0.0,0.0,0.0
COD.21.2_1,2013-2016,0.0,0.0,0.0,0.0,0.0
COD.21.3_1,1997-2000,0.0,0.0,0.0,0.0,0.0
COD.21.4_1,1997-2000,0.0,0.0,0.0,0.0,0.0
COD.21.4_1,2013-2016,0.0,0.0,0.0,0.0,1.0
COD.21.4_1,2017-2020,0.0,0.0,0.0,0.0,0.0
COD.21.6_1,2001-2004,0.0,0.0,0.0,0.0,2.0
COD.21.6_1,2009-2012,0.0,0.0,0.0,0.0,0.0
COD.21.7_1,2001-2004,0.0,0.0,0.0,0.0,4.0
COD.21.7_1,2013-2016,0.0,0.0,0.0,0.0,0.0
COD.21.8_1,1997-2000,0.0,0.0,0.0,0.0,61.0
COD.21.8_1,2001-2004,0.0,0.0,0.0,0.0,70.0
COD.21.9_1,2001-2004,0.0,0.0,0.0,0.0,2.0
COD.21.9_1,2017-2020,0.0,0.0,1.0,0.0,0.0
COD.22.10_1,2001-2004,0.0,0.0,0.0,0.0,0.0
COD.22.10_1,2005-2008,0.0,0.0,0.0,0.0,12.0
COD.22.10_1,2009-2012,0.0,0.0,0.0,0.0,2.0
COD.22.10_1,2013-2016,0.0,0.0,0.0,0.0,0.0
COD.22.10_1,2017-2020,0.0,0.0,0.0,0.0,1.0
COD.22.11_1,1997-2000,0.0,0.0,0.0,0.0,39.0
COD.22.11_1,2001-2004,0.0,0.0,0.0,0.0,70.0
COD.22.11_1,2009-2012,0.0,0.0,0.0,0.0,19.0
COD.22.11_1,2013-2016,1.0,0.0,0.0,0.0,69.0
COD.22.11_1,2017-2020,1.0,0.0,2.0,0.0,32.0
COD.22.11_1,2021-2024,0.0,0.0,9.0,0.0,16.0
COD.22.12_1,1997-2000,10.0,0.0,0.0,0.0,660.0
COD.22.12_1,2001-2004,6.0,1.0,0.0,0.0,225.0
COD.22.12_1,2009-2012,0.0,0.0,0.0,0.0,4.0
COD.22.12_1,2013-2016,3.0,0.0,0.0,0.0,4.0
COD.22.12_1,2017-2020,1.0,0.0,6.0,0.0,7.0
COD.22.12_1,2021-2024,0.0,0.0,0.0,0.0,1.0
COD.22.13_1,1997-2000,0.0,0.0,0.0,0.0,451.0
COD.22.13_1,2001-2004,0.0,0.0,0.0,0.0,16.0
COD.22.13_1,2005-2008,0.0,0.0,0.0,0.0,63.0
COD.22.13_1,2009-2012,0.0,0.0,0.0,0.0,1.0
COD.22.13_1,2013-2016,0.0,0.0,0.0,0.0,16.0
COD.22.13_1,2017-2020,0.0,0.0,50.0,0.0,11.0
COD.22.13_1,2021-2024,0.0,0.0,6.0,0.0,2.0
COD.22.2_1,1997-2000,0.0,0.0,0.0,0.0,286.0
COD.22.2_1,2001-2004,0.0,0.0,0.0,0.0,42.0
COD.22.2_1,2005-2008,0.0,0.0,0.0,0.0,8.0
COD.22.2_1,2009-2012,8.0,0.0,0.0,0.0,12.0
COD.22.2_1,2013-2016,3.0,0.0,1.0,0.0,2.0
COD.22.2_1,2017-2020,7.0,0.0,14.0,0.0,15.0
COD.22.2_1,2021-2024,0.0,0.0,12.0,0.0,9.0
COD.22.3_1,1997-2000,0.0,0.0,0.0,0.0,125.0
COD.22.3_1,2001-2004,0.0,0.0,0.0,0.0,430.0
COD.22.3_1,2005-2008,0.0,0.0,0.0,0.0,10.0
COD.22.3_1,2009-2012,0.0,0.0,0.0,0.0,6.0
COD.22.3_1,2013-2016,0.0,0.0,9.0,0.0,2.0
COD.22.3_1,2017-2020,0.0,0.0,9.0,0.0,36.0
COD.22.3_1,2021-2024,0.0,0.0,6.0,0.0,16.0
COD.22.4_1,2017-2020,0.0,0.0,0.0,0.0,4.0
COD.22.5_1,1997-2000,0.0,0.0,0.0,0.0,3.0
COD.22.5_1,2005-2008,0.0,0.0,0.0,0.0,0.0
COD.22.5_1,2009-2012,0.0,0.0,0.0,0.0,13.0
COD.22.5_1,2013-2016,0.0,0.0,4.0,0.0,3.0
COD.22.5_1,2017-2020,0.0,0.0,11.0,0.0,11.0
COD.22.5_1,2021-2024,0.0,0.0,8.0,0.0,4.0
COD.22.6_1,1997-2000,0.0,0.0,0.0,0.0,0.0
COD.22.6_1,2001-2004,0.0,0.0,0.0,0.0,14.0
COD.22.6_1,2005-2008,0.0,0.0,0.0,0.0,40.0
COD.22.6_1,2009-2012,0.0,0.0,0.0,0.0,39.0
COD.22.6_1,2013-2016,0.0,0.0,0.0,0.0,10.0
COD.22.6_1,2017-2020,0.0,0.0,13.0,0.0,26.0
COD.22.6_1,2021-2024,0.0,0.0,6.0,0.0,3.0
COD.22.7_1,2017-2020,0.0,0.0,0.0,0.0,3.0
COD.22.7_1,2021-2024,0.0,0.0,1.0,0.0,0.0
COD.22.8_1,1997-2000,0.0,0.0,0.0,0.0,258.0
COD.22.8_1,2001-2004,0.0,0.0,0.0,0.0,37.0
COD.22.8_1,2005-2008,0.0,0.0,0.0,0.0,2.0
COD.22.8_1,2009-2012,0.0,0.0,0.0,0.0,13.0
COD.22.8_1,2013-2016,0.0,0.0,0.0,0.0,2.0
COD.22.8_1,2017-2020,0.0,0.0,1.0,0.0,55.0
COD.22.8_1,2021-2024,0.0,5.0,2.0,0.0,16.0
COD.22.9_1,1997-2000,0.0,0.0,0.0,0.0,100.0
COD.22.9_1,2009-2012,0.0,0.0,0.0,0.0,16.0
COD.22.9_1,2013-2016,0.0,0.0,0.0,0.0,5.0
COD.22.9_1,2017-2020,0.0,0.0,0.0,0.0,7.0
COD.22.9_1,2021-2024,0.0,0.0,0.0,0.0,0.0
COD.23.1_1,2013-2016,0.0,0.0,0.0,0.0,0.0
COD.23.2_1,2009-2012,0.0,0.0,0.0,0.0,0.0
COD.23.2_1,2013-2016,0.0,0.0,1.0,0.0,0.0
COD.23.3_1,1997-2000,0.0,0.0,0.0,0.0,0.0
COD.23.3_1,2017-2020,0.0,0.0,2.0,0.0,1.0
COD.23.4_1,1997-2000,10.0,0.0,0.0,0.0,0.0
COD.23.4_1,2009-2012,0.0,0.0,0.0,0.0,22.0
COD.23.4_1,2013-2016,0.0,0.0,0.0,0.0,2.0
COD.23.4_1,2017-2020,0.0,0.0,0.0,0.0,2.0
COD.23.5_1,1997-2000,0.0,0.0,0.0,0.0,0.0
COD.23.5_1,2009-2012,0.0,0.0,0.0,0.0,0.0
COD.23.5_1,2013-2016,0.0,0.0,0.0,0.0,1.0
COD.23.6_1,1997-2000,0.0,0.0,0.0,0.0,0.0
COD.23.6_1,2013-2016,0.0,0.0,0.0,0.0,1.0
COD.24.10_1,1997-2000,0.0,0.0,0.0,0.0,12.0
COD.24.10_1,2013-2016,0.0,0.0,0.0,0.0,6.0
COD.24.10_1,2017-2020,0.0,0.0,0.0,0.0,5.0
COD.24.1_1,1997-2000,0.0,0.0,0.0,0.0,0.0
COD.24.1_1,2005-2008,0.0,0.0,0.0,0.0,9.0
COD.24.1_1,2013-2016,0.0,0.0,0.0,0.0,3.0
COD.24.2_1,1997-2000,0.0,0.0,0.0,0.0,165.0
COD.24.2_1,2017-2020,0.0,0.0,0.0,0.0,0.0
COD.24.2_1,2021-2024,0.0,0.0,0.0,0.0,0.0
COD.24.3_1,1997-2000,28.0,0.0,0.0,0.0,0.0
COD.24.3_1,2013-2016,0.0,0.0,3.0,0.0,1.0
COD.24.3_1,2017-2020,0.0,0.0,2.0,0.0,6.0
COD.24.3_1,2021-2024,0.0,0.0,0.0,0.0,1.0
COD.24.4_1,1997-2000,0.0,0.0,0.0,0.0,0.0
COD.24.4_1,2001-2004,0.0,0.0,0.0,0.0,3.0
COD.24.4_1,2013-2016,0.0,0.0,0.0,0.0,0.0
COD.24.5_1,2017-2020,0.0,0.0,0.0,0.0,2.0
COD.24.5_1,2021-2024,0.0,0.0,0.0,0.0,0.0
COD.24.6_1,2017-2020,0.0,0.0,0.0,0.0,0.0
COD.24.6_1,2021-2024,0.0,0.0,2.0,0.0,0.0
COD.24.7_1,2001-2004,0.0,0.0,0.0,0.0,104.0
COD.24.7_1,2005-2008,0.0,0.0,0.0,0.0,1.0
COD.24.7_1,2013-2016,0.0,0.0,0.0,0.0,16.0
COD.24.7_1,2017-2020,0.0,0.0,0.0,0.0,8.0
COD.24.8_1,1997-2000,0.0,0.0,0.0,0.0,0.0
COD.24.8_1,2001-2004,0.0,0.0,0.0,0.0,12.0
COD.24.8_1,2005-2008,0.0,0.0,0.0,0.0,1.0
COD.24.8_1,2013-2016,0.0,0.0,0.0,0.0,0.0
COD.24.9_1,1997-2000,0.0,0.0,0.0,0.0,0.0
COD.24.9_1,2005-2008,0.0,0.0,0.0,0.0,54.0
COD.24.9_1,2009-2012,0.0,0.0,0.0,0.0,1.0
COD.24.9_1,2013-2016,0.0,0.0,0.0,0.0,0.0
COD.24.9_1,2017-2020,0.0,0.0,1.0,0.0,1.0
COD.25.10_1,2017-2020,0.0,0.0,0.0,0.0,0.0
COD.25.1_1,1997-2000,0.0,0.0,0.0,0.0,0.0
COD.25.1_1,2001-2004,0.0,0.0,0.0,0.0,0.0
COD.25.1_1,2005-2008,0.0,0.0,0.0,0.0,3.0
COD.25.2_1,2017-2020,0.0,0.0,0.0,0.0,4.0
COD.25.3_1,2005-2008,0.0,0.0,0.0,0.0,0.0
COD.25.3_1,2017-2020,0.0,0.0,1.0,0.0,1.0
COD.25.4_1,2017-2020,0.0,0.0,9.0,0.0,0.0
COD.25.5_1,2005-2008,0.0,0.0,0.0,0.0,17.0
COD.25.5_1,2009-2012,0.0,0.0,0.0,0.0,12.0
COD.25.5_1,2017-2020,0.0,0.0,0.0,0.0,0.0
COD.25.7_1,1997-2000,2.0,0.0,0.0,0.0,132.0
COD.25.7_1,2001-2004,0.0,0.0,0.0,0.0,206.0
COD.25.7_1,2005-2008,0.0,0.0,1.0,0.0,0.0
COD.25.7_1,2009-2012,0.0,0.0,3.0,0.0,0.0
COD.25.7_1,2013-2016,0.0,0.0,3.0,0.0,0.0
COD.25.7_1,2017-2020,0.0,0.0,1.0,0.0,5.0
COD.25.7_1,2021-2024,0.0,0.0,0.0,0.0,0.0
COD.25.9_1,1997-2000,0.0,0.0,0.0,0.0,0.0
COD.25.9_1,2001-2004,0.0,0.0,0.0,0.0,1.0
COD.25.9_1,2017-2020,0.0,0.0,4.0,0.0,0.0
COD.26.1_1,1997-2000,0.0,0.0,0.0,0.0,0.0
COD.26.2_1,1997-2000,0.0,0.0,0.0,0.0,142.0
COD.26.2_1,2013-2016,0.0,0.0,0.0,0.0,0.0
COD.26.4_1,1997-2000,10.0,0.0,0.0,0.0,0.0
COD.26.4_1,2001-2004,0.0,0.0,0.0,0.0,0.0
COD.26.5_1,1997-2000,0.0,0.0,0.0,0.0,0.0
COD.26.6_1,2017-2020,0.0,0.0,0.0,0.0,1.0
COD.3.1_1,1997-2000,600.0,0.0,0.0,0.0,100.0
COD.3.1_1,2013-2016,0.0,0.0,0.0,0.0,1.0
COD.3.1_1,2017-2020,0.0,0.0,4.0,0.0,2.0
COD.3.2_1,2013-2016,0.0,0.0,0.0,0.0,65.0
COD.3.2_1,2017-2020,0.0,0.0,0.0,0.0,0.0
COD.3.3_1,2013-2016,0.0,0.0,0.0,0.0,9.0
COD.3.4_1,2013-2016,0.0,0.0,0.0,0.0,1.0
COD.3.5_1,2013-2016,0.0,0.0,0.0,0.0,0.0
COD.3.5_1,2017-2020,0.0,0.0,1.0,0.0,0.0
COD.3.6_1,2001-2004,0.0,0.0,14.0,0.0,5.0
COD.3.6_1,2009-2012,0.0,0.0,0.0,0.0,2.0
COD.3.6_1,2013-2016,0.0,0.0,17.0,0.0,117.0
COD.3.6_1,2017-2020,0.0,2.0,28.0,0.0,19.0
COD.3.6_1,2021-2024,0.0,0.0,0.0,0.0,0.0
COD.3.7_1,1997-2000,0.0,0.0,0.0,0.0,125.0
COD.3.7_1,2005-2008,0.0,0.0,0.0,0.0,1.0
COD.3.7_1,2009-2012,0.0,0.0,0.0,0.0,0.0
COD.3.7_1,2013-2016,0.0,0.0,1.0,0.0,0.0
COD.3.8_1,2001-2004,10.0,0.0,0.0,0.0,10.0
COD.3.8_1,2005-2008,0.0,0.0,0.0,0.0,2.0
COD.3.8_1,2009-2012,0.0,0.0,2.0,0.0,2.0
COD.3.8_1,2013-2016,0.0,0.0,0.0,0.0,2.0
COD.3.8_1,2017-2020,0.0,0.0,0.0,0.0,5.0
COD.3.9_1,1997-2000,0.0,0.0,0.0,0.0,10.0
COD.3.9_1,2005-2008,0.0,0.0,0.0,0.0,0.0
COD.3.9_1,2009-2012,0.0,0.0,0.0,0.0,1.0
COD.3.9_1,2013-2016,0.0,0.0,2.0,0.0,1.0
COD.3.9_1,2017-2020,0.0,2.0,6.0,0.0,5.0
COD.4.1_1,2005-2008,0.0,0.0,0.0,0.0,0.0
COD.4.1_1,2013-2016,0.0,0.0,0.0,0.0,0.0
COD.4.1_1,2017-2020,0.0,0.0,0.0,0.0,0.0
COD.4.1_1,2021-2024,0.0,0.0,0.0,0.0,16.0
COD.4.2_1,2001-2004,0.0,0.0,0.0,0.0,16.0
COD.4.2_1,2013-2016,0.0,0.0,0.0,0.0,0.0
COD.4.4_1,2001-2004,0.0,0.0,0.0,0.0,0.0
COD.4.4_1,2009-2012,0.0,0.0,0.0,0.0,24.0
COD.4.4_1,2013-2016,0.0,0.0,2.0,0.0,7.0
COD.4.5_1,1997-2000,0.0,0.0,0.0,0.0,0.0
COD.4.5_1,2001-2004,0.0,0.0,0.0,0.0,2.0
COD.4.5_1,2017-2020,0.0,0.0,1.0,0.0,2.0
COD.4.6_1,1997-2000,7.0,0.0,0.0,0.0,41.0
COD.4.6_1,2017-2020,0.0,0.0,1.0,0.0,0.0
COD.5.10_1,2005-2008,0.0,0.0,0.0,0.0,163.0
COD.5.10_1,2009-2012,0.0,0.0,0.0,0.0,310.0
COD.5.10_1,2013-2016,0.0,0.0,2.0,0.0,0.0
COD.5.10_1,2017-2020,0.0,0.0,0.0,0.0,1.0
COD.5.1_1,2009-2012,0.0,0.0,0.0,0.0,0.0
COD.5.2_1,1997-2000,0.0,0.0,0.0,0.0,0.0
COD.5.2_1,2005-2008,0.0,0.0,0.0,0.0,773.0
COD.5.2_1,2009-2012,0.0,0.0,0.0,0.0,170.0
COD.5.2_1,2013-2016,0.0,0.0,0.0,0.0,5.0
COD.5.2_1,2017-2020,0.0,0.0,0.0,0.0,7.0
COD.5.3_1,2005-2008,0.0,0.0,0.0,0.0,23.0
COD.5.3_1,2009-2012,0.0,0.0,0.0,0.0,18.0
COD.5.3_1,2013-2016,0.0,0.0,3.0,0.0,2.0
COD.5.3_1,2017-2020,0.0,0.0,0.0,0.0,0.0
COD.5.4_1,2005-2008,0.0,0.0,0.0,0.0,483.0
COD.5.4_1,2009-2012,0.0,0.0,0.0,0.0,35.0
COD.5.4_1,2017-2020,0.0,0.0,0.0,0.0,0.0
COD.5.5_1,2001-2004,0.0,0.0,0.0,0.0,0.0
COD.5.6_1,2009-2012,0.0,0.0,0.0,0.0,520.0
COD.5.6_1,2013-2016,0.0,0.0,0.0,0.0,1.0
COD.5.6_1,2017-2020,0.0,0.0,0.0,0.0,1.0
COD.5.7_1,2009-2012,0.0,0.0,0.0,0.0,21.0
COD.5.8_1,2009-2012,0.0,0.0,0.0,0.0,108.0
COD.5.8_1,2013-2016,0.0,0.0,0.0,0.0,1.0
COD.6.10_1,1997-2000,0.0,0.0,0.0,0.0,0.0
COD.6.10_1,2005-2008,0.0,0.0,0.0,0.0,1.0
COD.6.10_1,2009-2012,0.0,0.0,0.0,0.0,0.0
COD.6.10_1,2013-2016,0.0,0.0,0.0,0.0,46.0
COD.6.10_1,2017-2020,0.0,0.0,3.0,0.0,29.0
COD.6.10_1,2021-2024,0.0,0.0,1.0,0.0,19.0
COD.6.2_1,2005-2008,0.0,0.0,0.0,0.0,0.0
COD.6.2_1,2013-2016,0.0,0.0,1.0,0.0,0.0
COD.6.2_1,2017-2020,0.0,0.0,0.0,0.0,0.0
COD.6.2_1,2021-2024,0.0,0.0,0.0,0.0,3.0
COD.6.3_1,2001-2004,0.0,0.0,799.0,0.0,0.0
COD.6.3_1,2005-2008,0.0,0.0,0.0,0.0,2.0
COD.6.3_1,2009-2012,0.0,0.0,0.0,0.0,3.0
COD.6.3_1,2013-2016,0.0,0.0,3.0,0.0,17.0
COD.6.3_1,2017-2020,0.0,0.0,1.0,0.0,1.0
COD.6.4_1,1997-2000,0.0,0.0,0.0,0.0,375.0
COD.6.4_1,2001-2004,0.0,0.0,0.0,0.0,147.0
COD.6.4_1,2005-2008,6.0,0.0,0.0,0.0,1.0
COD.6.4_1,2009-2012,0.0,0.0,0.0,0.0,1.0
COD.6.4_1,2013-2016,0.0,0.0,4.0,0.0,9.0
COD.6.4_1,2017-2020,0.0,0.0,4.0,0.0,5.0
COD.6.4_1,2021-2024,0.0,0.0,1.0,0.0,1.0
COD.6.5_1,1997-2000,0.0,0.0,0.0,0.0,15.0
COD.6.5_1,2001-2004,0.0,0.0,0.0,0.0,812.0
COD.6.5_1,2005-2008,0.0,0.0,0.0,0.0,0.0
COD.6.5_1,2009-2012,0.0,0.0,0.0,0.0,0.0
COD.6.5_1,2013-2016,0.0,0.0,5.0,0.0,21.0
COD.6.5_1,2017-2020,0.0,0.0,5.0,4.0,371.0
COD.6.5_1,2021-2024,1.0,0.0,8.0,0.0,109.0
COD.6.7_1,2001-2004,0.0,0.0,0.0,0.0,3.0
COD.6.7_1,2005-2008,0.0,0.0,0.0,0.0,8.0
COD.6.7_1,2009-2012,0.0,0.0,0.0,0.0,14.0
COD.6.7_1,2013-2016,0.0,0.0,2.0,0.0,41.0
COD.6.7_1,2017-2020,0.0,0.0,1.0,0.0,113.0
COD.6.7_1,2021-2024,5.0,3.0,9.0,0.0,88.0
COD.6.8_1,2001-2004,0.0,0.0,0.0,0.0,7.0
COD.6.8_1,2005-2008,0.0,0.0,0.0,0.0,0.0
COD.6.8_1,2017-2020,0.0,0.0,0.0,0.0,4.0
COD.6.8_1,2021-2024,0.0,0.0,0.0,0.0,2.0
COD.6.9_1,2001-2004,0.0,0.0,0.0,0.0,73.0
COD.6.9_1,2005-2008,0.0,0.0,0.0,0.0,0.0
COD.6.9_1,2009-2012,0.0,0.0,0.0,0.0,2.0
COD.6.9_1,2013-2016,0.0,0.0,0.0,0.0,0.0
COD.6.9_1,2017-2020,0.0,0.0,0.0,0.0,5.0
COD.7.1_1,2017-2020,0.0,0.0,0.0,0.0,0.0
COD.7.2_1,2009-2012,0.0,0.0,0.0,0.0,0.0
COD.7.2_1,2013-2016,0.0,0.0,0.0,0.0,0.0
COD.7.2_1,2017-2020,0.0,0.0,0.0,0.0,53.0
COD.7.3_1,2009-2012,0.0,0.0,0.0,0.0,0.0
COD.7.3_1,2013-2016,0.0,0.0,0.0,0.0,0.0
COD.7.3_1,2017-2020,0.0,0.0,0.0,0.0,0.0
COD.7.4_1,2005-2008,0.0,0.0,5.0,0.0,0.0
COD.7.4_1,2013-2016,0.0,0.0,0.0,0.0,0.0
COD.7.4_1,2017-2020,5.0,0.0,8.0,0.0,54.0
COD.7.5_1,2001-2004,0.0,0.0,0.0,0.0,0.0
COD.7.5_1,2013-2016,0.0,0.0,0.0,0.0,0.0
COD.7.5_1,2017-2020,0.0,0.0,0.0,0.0,12.0
COD.7.5_1,2021-2024,0.0,0.0,0.0,0.0,10.0
COD.7.6_1,2017-2020,0.0,0.0,0.0,0.0,60.0
COD.7.7_1,2013-2016,0.0,0.0,0.0,0.0,0.0
COD.7.7_1,2017-2020,0.0,0.0,0.0,0.0,47.0
COD.8.2_1,2005-2008,0.0,0.0,5.0,0.0,25.0
COD.8.4_1,2013-2016,0.0,0.0,0.0,0.0,0.0
COD.8.5_1,2001-2004,0.0,0.0,19.0,0.0,2.0
COD.8.5_1,2005-2008,0.0,0.0,8.0,0.0,1.0
COD.8.5_1,2009-2012,0.0,0.0,1.0,0.0,0.0
COD.8.5_1,2017-2020,0.0,0.0,6.0,0.0,1.0
COD.8.5_1,2021-2024,0.0,0.0,1.0,0.0,1.0
COD.8.7_1,2009-2012,0.0,0.0,0.0,0.0,0.0
COD.8.8_1,2017-2020,0.0,0.0,0.0,0.0,1.0
COD.8.9_1,2017-2020,0.0,0.0,0.0,0.0,0.0
COD.9.1_1,1997-2000,0.0,0.0,0.0,0.0,0.0
COD.9.1_1,2017-2020,0.0,0.0,0.0,0.0,0.0
COD.9.4_1,2001-2004,0.0,0.0,0.0,0.0,4.0
COD.9.4_1,2017-2020,0.0,0.0,0.0,0.0,102.0
COD.9.5_1,2017-2020,0.0,0.0,0.0,0.0,5.0
COD.9.6_1,2013-2016,0.0,0.0,0.0,0.0,0.0
COD.9.6_1,2017-2020,0.0,0.0,0.0,0.0,8.0
COD.9.7_1,2013-2016,0.0,0.0,0.0,0.0,2.0
COD.9.7_1,2017-2020,0.0,0.0,0.0,0.0,5.0
COD.9.8_1,2013-2016,0.0,0.0,0.0,0.0,0.0
COD.9.8_1,2017-2020,0.0,1.0,0.0,0.0,10.0
COG.1.3_1,1997-2000,0.0,0.0,0.0,0.0,1.0
COG.1.3_1,2005-2008,0.0,0.0,0.0,0.0,1.0
COG.1.3_1,2021-2024,0.0,0.0,0.0,0.0,1.0
COG.1.5_1,2001-2004,0.0,0.0,0.0,0.0,10.0
COG.10.1_1,1997-2000,0.0,0.0,0.0,0.0,15.0
COG.10.1_1,2013-2016,0.0,0.0,1.0,0.0,0.0
COG.11.2_1,1997-2000,0.0,0.0,0.0,0.0,2.0
COG.11.2_1,2013-2016,7.0,0.0,0.0,0.0,0.0
COG.11.3_1,2017-2020,0.0,0.0,0.0,0.0,13.0
COG.11.5_1,1997-2000,0.0,0.0,0.0,0.0,6.0
COG.11.5_1,2001-2004,0.0,0.0,0.0,0.0,0.0
COG.11.5_1,2013-2016,0.0,0.0,0.0,0.0,0.0
COG.11.6_1,2017-2020,0.0,0.0,2.0,0.0,0.0
COG.11.7_1,1997-2000,0.0,0.0,0.0,0.0,1.0
COG.11.7_1,2001-2004,0.0,0.0,0.0,0.0,0.0
COG.11.7_1,2013-2016,7.0,0.0,0.0,0.0,0.0
COG.12.2_1,1997-2000,0.0,0.0,0.0,0.0,1.0
COG.2.1_1,1997-2000,7.0,0.0,0.0,0.0,2.0
COG.2.1_1,2001-2004,0.0,0.0,0.0,0.0,3.0
COG.2.1_1,2005-2008,0.0,0.0,0.0,0.0,0.0
COG.2.1_1,2009-2012,0.0,0.0,0.0,0.0,1.0
COG.2.1_1,2013-2016,0.0,0.0,6.0,0.0,0.0
COG.2.1_1,2017-2020,0.0,0.0,1.0,0.0,14.0
COG.4.3_1,1997-2000,9.0,0.0,0.0,0.0,0.0
COG.4.6_1,1997-2000,0.0,0.0,0.0,0.0,0.0
COG.4.6_1,2005-2008,0.0,0.0,1.0,0.0,0.0
COG.4.6_1,2013-2016,0.0,0.0,0.0,0.0,0.0
COG.7.1_1,1997-2000,0.0,0.0,0.0,0.0,0.0
COG.7.3_1,2009-2012,0.0,0.0,0.0,0.0,0.0
COG.8.4_1,1997-2000,0.0,0.0,0.0,0.0,0.0
COG.9.1_1,1997-2000,0.0,0.0,0.0,0.0,0.0
COG.9.3_1,2009-2012,0.0,0.0,1.0,0.0,0.0
DJI.1.1_2,1997-2000,3.0,0.0,0.0,0.0,0.0
DJI.1.2_2,2021-2024,0.0,0.0,0.0,0.0,1.0
DJI.3.1_2,1997-2000,0.0,0.0,1.0,0.0,0.0
DJI.3.1_2,2001-2004,0.0,0.0,0.0,0.0,0.0
DJI.3.1_2,2009-2012,0.0,3.0,0.0,0.0,0.0
DJI.3.1_2,2013-2016,3.0,0.0,3.0,0.0,0.0
DJI.3.1_2,2021-2024,0.0,0.0,0.0,0.0,0.0
DJI.4.5_2,1997-2000,4.0,0.0,0.0,0.0,0.0
DJI.4.5_2,2009-2012,0.0,1.0,0.0,0.0,0.0
DJI.5.5_2,2013-2016,0.0,0.0,0.0,0.0,0.0
DJI.5.6_2,2009-2012,0.0,0.0,0.0,0.0,0.0
DJI.5.6_2,2013-2016,0.0,0.0,0.0,0.0,0.0
DJI.5.6_2,2017-2020,0.0,0.0,0.0,0.0,3.0
DJI.5.6_2,2021-2024,1.0,0.0,0.0,0.0,0.0
DZA.1.11_1,2009-2012,1.0,0.0,0.0,0.0,0.0
DZA.1.13_1,2013-2016,0.0,0.0,0.0,0.0,0.0
DZA.1.15_1,2009-2012,2.0,0.0,0.0,0.0,0.0
DZA.1.1_1,2001-2004,0.0,0.0,0.0,0.0,0.0
DZA.1.1_1,2013-2016,0.0,0.0,0.0,0.0,0.0
DZA.1.23_1,2009-2012,0.0,0.0,0.0,0.0,0.0
DZA.1.23_1,2017-2020,2.0,0.0,0.0,0.0,0.0
DZA.1.5_1,2005-2008,0.0,0.0,0.0,0.0,0.0
DZA.1.5_1,2013-2016,0.0,0.0,24.0,0.0,2.0
DZA.1.5_1,2021-2024,0.0,0.0,0.0,0.0,0.0
DZA.10.10_1,1997-2000,0.0,0.0,0.0,0.0,133.0
DZA.10.11_1,1997-2000,0.0,0.0,0.0,0.0,41.0
DZA.10.11_1,2001-2004,0.0,0.0,0.0,0.0,14.0
DZA.10.12_1,1997-2000,0.0,0.0,0.0,0.0,21.0
DZA.10.12_1,2001-2004,0.0,0.0,0.0,0.0,0.0
DZA.10.12_1,2005-2008,0.0,0.0,0.0,0.0,5.0
DZA.10.13_1,1997-2000,0.0,0.0,0.0,0.0,8.0
DZA.10.13_1,2005-2008,0.0,0.0,0.0,0.0,0.0
DZA.10.17_1,1997-2000,1.0,0.0,0.0,0.0,0.0
DZA.10.17_1,2009-2012,0.0,0.0,0.0,0.0,0.0
DZA.10.18_1,2001-2004,0.0,0.0,0.0,0.0,9.0
DZA.10.19_1,2017-2020,1.0,0.0,0.0,0.0,0.0
DZA.10.21_1,1997-2000,4.0,0.0,0.0,0.0,0.0
DZA.10.22_1,1997-2000,0.0,0.0,0.0,0.0,9.0
DZA.10.23_1,2001-2004,2.0,0.0,0.0,0.0,0.0
DZA.10.24_1,2005-2008,0.0,0.0,0.0,0.0,0.0
DZA.10.5_1,1997-2000,51.0,0.0,0.0,0.0,154.0
DZA.10.5_1,2001-2004,0.0,0.0,0.0,0.0,41.0
DZA.10.5_1,2009-2012,0.0,1.0,0.0,0.0,0.0
DZA.10.5_1,2017-2020,0.0,0.0,0.0,0.0,1.0
DZA.10.7_1,1997-2000,38.0,0.0,0.0,0.0,28.0
DZA.10.7_1,2001-2004,0.0,0.0,0.0,0.0,0.0
DZA.10.8_1,1997-2000,0.0,0.0,0.0,0.0,120.0
DZA.10.8_1,2001-2004,0.0,0.0,0.0,0.0,5.0
DZA.10.9_1,1997-2000,0.0,0.0,0.0,0.0,51.0
DZA.10.9_1,2009-2012,0.0,0.0,0.0,0.0,0.0
DZA.11.10_1,2013-2016,0.0,0.0,0.0,0.0,0.0
DZA.11.15_1,2009-2012,0.0,0.0,0.0,0.0,0.0
DZA.11.16_1,1997-2000,0.0,0.0,0.0,0.0,0.0
DZA.11.18_1,2009-2012,0.0,0.0,0.0,0.0,0.0
DZA.11.19_1,2009-2012,0.0,0.0,0.0,0.0,1.0
DZA.11.22_1,1997-2000,0.0,0.0,0.0,0.0,27.0
DZA.11.22_1,2017-2020,0.0,0.0,0.0,0.0,0.0
DZA.11.28_1,2009-2012,0.0,0.0,0.0,0.0,0.0
DZA.11.34_1,1997-2000,0.0,0.0,0.0,0.0,7.0
DZA.11.34_1,2005-2008,0.0,0.0,0.0,0.0,0.0
DZA.11.6_1,2017-2020,0.0,0.0,0.0,0.0,0.0
DZA.11.8_1,2013-2016,0.0,0.0,0.0,0.0,0.0
DZA.12.11_1,1997-2000,0.0,0.0,0.0,0.0,2.0
DZA.12.11_1,2001-2004,0.0,0.0,0.0,0.0,0.0
DZA.12.15_1,1997-2000,0.0,0.0,0.0,0.0,31.0
DZA.12.15_1,2001-2004,0.0,0.0,0.0,0.0,0.0
DZA.12.15_1,2005-2008,11.0,0.0,0.0,0.0,0.0
DZA.12.15_1,2009-2012,0.0,0.0,1.0,0.0,0.0
DZA.12.15_1,2013-2016,0.0,0.0,0.0,0.0,0.0
DZA.12.16_1,1997-2000,0.0,0.0,0.0,0.0,0.0
DZA.12.16_1,2013-2016,0.0,0.0,0.0,0.0,0.0
DZA.12.1_1,2009-2012,2.0,0.0,0.0,0.0,0.0
DZA.12.20_1,2013-2016,0.0,0.0,0.0,0.0,0.0
DZA.12.20_1,2017-2020,0.0,0.0,0.0,0.0,0.0
DZA.12.21_1,2001-2004,0.0,0.0,0.0,0.0,0.0
DZA.12.21_1,2009-2012,0.0,0.0,0.0,0.0,0.0
DZA.12.21_1,2013-2016,0.0,0.0,0.0,0.0,0.0
DZA.12.22_1,2009-2012,0.0,0.0,0.0,0.0,0.0
DZA.12.27_1,2001-2004,0.0,0.0,0.0,0.0,1.0
DZA.12.27_1,2005-2008,0.0,0.0,0.0,0.0,0.0
DZA.12.30_1,2001-2004,0.0,0.0,0.0,0.0,0.0
DZA.12.30_1,2005-2008,0.0,0.0,0.0,0.0,0.0
DZA.12.30_1,2009-2012,2.0,0.0,0.0,0.0,0.0
DZA.12.30_1,2013-2016,3.0,0.0,0.0,0.0,0.0
DZA.12.31_1,1997-2000,0.0,0.0,0.0,0.0,0.0
DZA.12.31_1,2005-2008,18.0,0.0,0.0,0.0,2.0
DZA.12.31_1,2009-2012,5.0,0.0,0.0,0.0,0.0
DZA.12.31_1,2013-2016,0.0,0.0,0.0,0.0,0.0
DZA.12.33_1,2013-2016,0.0,0.0,0.0,0.0,0.0
DZA.12.37_1,2005-2008,0.0,0.0,0.0,0.0,0.0
DZA.12.3_1,2001-2004,0.0,0.0,0.0,0.0,0.0
DZA.12.3_1,2005-2008,7.0,0.0,0.0,0.0,1.0
DZA.12.3_1,2009-2012,0.0,0.0,0.0,0.0,0.0
DZA.12.3_1,2013-2016,0.0,0.0,0.0,0.0,0.0
DZA.12.3_1,2017-2020,2.0,0.0,0.0,0.0,0.0
DZA.12.40_1,2005-2008,0.0,0.0,0.0,0.0,0.0
DZA.12.42_1,2013-2016,0.0,0.0,0.0,0.0,0.0
DZA.12.43_1,2005-2008,0.0,0.0,0.0,0.0,0.0
DZA.12.44_1,2005-2008,0.0,0.0,0.0,0.0,0.0
DZA.12.44_1,2013-2016,0.0,0.0,0.0,0.0,0.0
DZA.12.4_1,1997-2000,0.0,0.0,0.0,0.0,0.0
DZA.12.4_1,2005-2008,0.0,0.0,0.0,0.0,0.0
DZA.12.7_1,2013-2016,0.0,0.0,0.0,0.0,0.0
DZA.12.8_1,2009-2012,4.0,0.0,0.0,0.0,0.0
DZA.12.9_1,1997-2000,0.0,0.0,0.0,0.0,0.0
DZA.12.9_1,2001-2004,0.0,0.0,0.0,0.0,4.0
DZA.12.9_1,2005-2008,1.0,0.0,0.0,0.0,0.0
DZA.13.10_1,1997-2000,0.0,0.0,0.0,0.0,0.0
DZA.13.10_1,2001-2004,0.0,0.0,0.0,0.0,0.0
DZA.13.10_1,2005-2008,1.0,0.0,0.0,0.0,0.0
DZA.13.10_1,2009-2012,2.0,0.0,0.0,0.0,0.0
DZA.13.10_1,2013-2016,0.0,0.0,0.0,0.0,0.0
DZA.13.11_1,2001-2004,0.0,0.0,0.0,0.0,0.0
DZA.13.11_1,2005-2008,2.0,0.0,0.0,0.0,3.0
DZA.13.11_1,2009-2012,0.0,0.0,0.0,0.0,0.0
DZA.13.12_1,2005-2008,0.0,0.0,0.0,0.0,0.0
DZA.13.12_1,2009-2012,0.0,0.0,0.0,0.0,0.0
DZA.13.13_1,1997-2000,0.0,0.0,0.0,0.0,0.0
DZA.13.13_1,2005-2008,3.0,0.0,0.0,0.0,0.0
DZA.13.13_1,2009-2012,1.0,0.0,0.0,0.0,0.0
DZA.13.13_1,2013-2016,0.0,0.0,0.0,0.0,0.0
DZA.13.13_1,2017-2020,0.0,0.0,0.0,0.0,0.0
DZA.13.14_1,2009-2012,0.0,0.0,0.0,0.0,0.0
DZA.13.14_1,2013-2016,0.0,0.0,0.0,0.0,0.0
DZA.13.15_1,1997-2000,0.0,0.0,0.0,0.0,14.0
DZA.13.15_1,2001-2004,0.0,0.0,0.0,0.0,0.0
DZA.13.15_1,2009-2012,0.0,0.0,0.0,0.0,0.0
DZA.13.15_1,2013-2016,0.0,0.0,0.0,0.0,0.0
DZA.13.16_1,2001-2004,0.0,0.0,0.0,0.0,0.0
DZA.13.17_1,2005-2008,51.0,0.0,0.0,0.0,0.0
DZA.13.17_1,2009-2012,5.0,0.0,0.0,0.0,0.0
DZA.13.17_1,2013-2016,0.0,0.0,0.0,0.0,0.0
DZA.13.18_1,2001-2004,0.0,0.0,0.0,0.0,0.0
DZA.13.18_1,2005-2008,0.0,0.0,0.0,0.0,0.0
DZA.13.18_1,2009-2012,0.0,0.0,0.0,0.0,0.0
DZA.13.19_1,2013-2016,0.0,0.0,0.0,0.0,0.0
DZA.13.1_1,2009-2012,0.0,0.0,0.0,0.0,0.0
DZA.13.20_1,2005-2008,0.0,0.0,0.0,0.0,0.0
DZA.13.20_1,2009-2012,2.0,0.0,0.0,0.0,1.0
DZA.13.21_1,2005-2008,7.0,0.0,0.0,0.0,0.0
DZA.13.21_1,2009-2012,2.0,0.0,0.0,0.0,0.0
DZA.13.22_1,2001-2004,2.0,0.0,0.0,0.0,0.0
DZA.13.22_1,2009-2012,0.0,0.0,0.0,0.0,1.0
DZA.13.22_1,2013-2016,0.0,0.0,0.0,0.0,0.0
DZA.13.25_1,2001-2004,0.0,0.0,0.0,0.0,4.0
DZA.13.25_1,2005-2008,4.0,0.0,0.0,0.0,0.0
DZA.13.25_1,2009-2012,5.0,0.0,0.0,0.0,0.0
DZA.13.26_1,1997-2000,0.0,0.0,0.0,0.0,0.0
DZA.13.26_1,2001-2004,0.0,0.0,0.0,0.0,0.0
DZA.13.26_1,2005-2008,1.0,0.0,0.0,0.0,3.0
DZA.13.26_1,2013-2016,0.0,0.0,0.0,0.0,0.0
DZA.13.27_1,1997-2000,0.0,0.0,0.0,0.0,0.0
DZA.13.27_1,2001-2004,0.0,0.0,0.0,0.0,6.0
DZA.13.27_1,2005-2008,1.0,0.0,0.0,0.0,0.0
DZA.13.27_1,2009-2012,1.0,0.0,0.0,0.0,0.0
DZA.13.28_1,2005-2008,3.0,0.0,0.0,0.0,0.0
DZA.13.28_1,2009-2012,0.0,0.0,0.0,0.0,0.0
DZA.13.29_1,2001-2004,2.0,0.0,0.0,0.0,0.0
DZA.13.29_1,2005-2008,3.0,0.0,0.0,0.0,1.0
DZA.13.29_1,2009-2012,1.0,0.0,0.0,0.0,0.0
DZA.13.2_1,2005-2008,1.0,0.0,0.0,0.0,0.0
DZA.13.2_1,2009-2012,0.0,0.0,0.0,0.0,0.0
DZA.13.2_1,2013-2016,0.0,0.0,0.0,0.0,0.0
DZA.13.30_1,2005-2008,2.0,0.0,0.0,0.0,0.0
DZA.13.30_1,2009-2012,0.0,0.0,1.0,0.0,0.0
DZA.13.31_1,2005-2008,0.0,0.0,0.0,0.0,2.0
DZA.13.31_1,2009-2012,10.0,0.0,0.0,0.0,0.0
DZA.13.31_1,2013-2016,0.0,0.0,0.0,0.0,0.0
DZA.13.32_1,2001-2004,0.0,0.0,0.0,0.0,1.0
DZA.13.32_1,2005-2008,8.0,0.0,0.0,0.0,5.0
DZA.13.32_1,2009-2012,2.0,0.0,0.0,0.0,1.0
DZA.13.3_1,1997-2000,0.0,0.0,0.0,0.0,2.0
DZA.13.3_1,2001-2004,0.0,0.0,0.0,0.0,2.0
DZA.13.3_1,2005-2008,4.0,0.0,0.0,0.0,0.0
DZA.13.3_1,2009-2012,3.0,0.0,0.0,0.0,3.0
DZA.13.3_1,2013-2016,0.0,0.0,0.0,0.0,0.0
DZA.13.4_1,2005-2008,0.0,0.0,0.0,0.0,2.0
DZA.13.4_1,2017-2020,0.0,0.0,0.0,0.0,0.0
DZA.13.5_1,2005-2008,13.0,0.0,0.0,0.0,0.0
DZA.13.5_1,2009-2012,1.0,0.0,0.0,0.0,0.0
DZA.13.6_1,2001-2004,0.0,0.0,0.0,0.0,0.0
DZA.13.6_1,2005-2008,6.0,0.0,0.0,0.0,0.0
DZA.13.6_1,2009-2012,6.0,0.0,0.0,0.0,0.0
DZA.13.6_1,2013-2016,1.0,0.0,0.0,0.0,0.0
DZA.13.7_1,2001-2004,1.0,0.0,0.0,0.0,1.0
DZA.13.7_1,2005-2008,0.0,0.0,0.0,0.0,1.0
DZA.13.9_1,1997-2000,1.0,0.0,0.0,0.0,0.0
DZA.13.9_1,2001-2004,0.0,0.0,0.0,0.0,4.0
DZA.13.9_1,2005-2008,2.0,0.0,0.0,0.0,2.0
DZA.13.9_1,2009-2012,4.0,0.0,2.0,0.0,0.0
DZA.13.9_1,2013-2016,4.0,0.0,0.0,0.0,0.0
DZA.14.10_1,1997-2000,0.0,0.0,0.0,0.0,0.0
DZA.14.10_1,2001-2004,0.0,0.0,0.0,0.0,3.0
DZA.14.11_1,1997-2000,3.0,0.0,0.0,0.0,25.0
DZA.14.11_1,2001-2004,1.0,0.0,0.0,0.0,103.0
DZA.14.11_1,2005-2008,0.0,0.0,0.0,0.0,0.0
DZA.14.11_1,2009-2012,0.0,0.0,0.0,0.0,0.0
DZA.14.14_1,2005-2008,0.0,0.0,0.0,0.0,0.0
DZA.14.16_1,2001-2004,0.0,0.0,0.0,0.0,26.0
DZA.14.21_1,2009-2012,0.0,0.0,0.0,0.0,0.0
DZA.14.25_1,1997-2000,0.0,0.0,0.0,0.0,19.0
DZA.14.26_1,2001-2004,0.0,0.0,0.0,0.0,1.0
DZA.14.27_1,2001-2004,0.0,0.0,0.0,0.0,23.0
DZA.14.29_1,1997-2000,0.0,0.0,0.0,0.0,6.0
DZA.14.29_1,2001-2004,0.0,0.0,0.0,0.0,7.0
DZA.14.29_1,2013-2016,0.0,0.0,0.0,0.0,0.0
DZA.14.29_1,2017-2020,0.0,0.0,0.0,0.0,0.0
DZA.14.30_1,2001-2004,0.0,0.0,0.0,0.0,10.0
DZA.14.31_1,1997-2000,0.0,0.0,0.0,0.0,81.0
DZA.14.34_1,1997-2000,0.0,0.0,0.0,0.0,41.0
DZA.14.4_1,2001-2004,0.0,0.0,0.0,0.0,0.0
DZA.14.4_1,2017-2020,2.0,0.0,0.0,0.0,0.0
DZA.14.7_1,2001-2004,4.0,0.0,0.0,0.0,0.0
DZA.14.8_1,1997-2000,0.0,0.0,0.0,0.0,129.0
DZA.15.12_1,2009-2012,0.0,0.0,0.0,0.0,0.0
DZA.15.3_1,2017-2020,0.0,0.0,0.0,0.0,0.0
DZA.15.6_1,1997-2000,0.0,0.0,0.0,0.0,0.0
DZA.15.6_1,2001-2004,0.0,0.0,0.0,0.0,0.0
DZA.15.6_1,2005-2008,1.0,0.0,0.0,0.0,0.0
DZA.15.6_1,2009-2012,0.0,0.0,0.0,0.0,0.0
DZA.15.6_1,2013-2016,0.0,0.0,0.0,0.0,1.0
DZA.15.6_1,2017-2020,1.0,0.0,0.0,0.0,0.0
DZA.15.7_1,2013-2016,0.0,0.0,0.0,0.0,0.0
DZA.15.7_1,2017-2020,0.0,0.0,0.0,0.0,0.0
DZA.15.8_1,1997-2000,0.0,0.0,0.0,0.0,0.0
DZA.16.14_1,1997-2000,2.0,0.0,0.0,0.0,40.0
DZA.16.14_1,2001-2004,0.0,0.0,0.0,0.0,6.0
DZA.16.14_1,2009-2012,5.0,0.0,0.0,0.0,0.0
DZA.16.14_1,2013-2016,0.0,0.0,0.0,0.0,2.0
DZA.16.23_1,1997-2000,0.0,0.0,0.0,0.0,10.0
DZA.16.25_1,2009-2012,0.0,0.0,0.0,0.0,0.0
DZA.16.25_1,2013-2016,0.0,0.0,0.0,0.0,3.0
DZA.16.27_1,2009-2012,10.0,0.0,0.0,0.0,0.0
DZA.16.28_1,1997-2000,0.0,0.0,0.0,0.0,18.0
DZA.16.31_1,2009-2012,0.0,0.0,0.0,0.0,0.0
DZA.16.3_1,1997-2000,0.0,0.0,0.0,0.0,8.0
DZA.17.4_1,1997-2000,0.0,0.0,0.0,0.0,11.0
DZA.17.9_1,1997-2000,0.0,0.0,0.0,0.0,20.0
DZA.17.9_1,2009-2012,0.0,0.0,0.0,0.0,0.0
DZA.18.22_1,2005-2008,1.0,0.0,0.0,0.0,0.0
DZA.18.5_1,1997-2000,0.0,0.0,0.0,0.0,60.0
DZA.18.8_1,2005-2008,0.0,0.0,0.0,0.0,1.0
DZA.18.8_1,2009-2012,1.0,0.0,0.0,0.0,0.0
DZA.18.8_1,2013-2016,0.0,0.0,0.0,0.0,0.0
DZA.18.8_1,2017-2020,0.0,0.0,0.0,0.0,1.0
DZA.19.14_1,2001-2004,0.0,0.0,0.0,0.0,0.0
DZA.19.1_1,1997-2000,0.0,0.0,0.0,0.0,0.0
DZA.19.6_1,2013-2016,0.0,0.0,1.0,0.0,0.0
DZA.19.7_1,2009-2012,0.0,0.0,0.0,0.0,0.0
DZA.2.13_1,2001-2004,0.0,0.0,0.0,0.0,0.0
DZA.2.13_1,2009-2012,0.0,0.0,0.0,0.0,0.0
DZA.2.14_1,2001-2004,0.0,0.0,0.0,0.0,16.0
DZA.2.14_1,2005-2008,0.0,0.0,0.0,0.0,0.0
DZA.2.17_1,2005-2008,0.0,0.0,0.0,0.0,0.0
DZA.2.19_1,2009-2012,0.0,0.0,0.0,0.0,1.0
DZA.2.21_1,1997-2000,0.0,0.0,0.0,0.0,2.0
DZA.2.26_1,1997-2000,1.0,0.0,0.0,0.0,26.0
DZA.2.26_1,2001-2004,0.0,0.0,0.0,0.0,16.0
DZA.2.26_1,2005-2008,0.0,0.0,0.0,0.0,0.0
DZA.2.28_1,2001-2004,0.0,0.0,0.0,0.0,4.0
DZA.2.28_1,2009-2012,0.0,0.0,0.0,0.0,1.0
DZA.2.29_1,2001-2004,0.0,0.0,0.0,0.0,15.0
DZA.2.30_1,2001-2004,0.0,0.0,0.0,0.0,0.0
DZA.2.30_1,2009-2012,0.0,0.0,0.0,0.0,0.0
DZA.2.30_1,2013-2016,0.0,0.0,0.0,0.0,0.0
DZA.2.32_1,2001-2004,0.0,0.0,0.0,0.0,11.0
DZA.2.33_1,2013-2016,0.0,0.0,0.0,0.0,0.0
DZA.2.33_1,2017-2020,0.0,0.0,0.0,0.0,0.0
DZA.2.34_1,2005-2008,0.0,0.0,0.0,0.0,0.0
DZA.2.34_1,2009-2012,0.0,0.0,0.0,0.0,0.0
DZA.2.34_1,2017-2020,0.0,0.0,0.0,0.0,1.0
DZA.2.35_1,2009-2012,0.0,0.0,0.0,0.0,0.0
DZA.2.3_1,1997-2000,15.0,0.0,0.0,0.0,143.0
DZA.2.3_1,2001-2004,0.0,0.0,0.0,0.0,36.0
DZA.2.3_1,2005-2008,0.0,0.0,0.0,0.0,0.0
DZA.2.3_1,2017-2020,3.0,0.0,0.0,0.0,0.0
DZA.2.6_1,1997-2000,0.0,0.0,0.0,0.0,0.0
DZA.2.6_1,2001-2004,2.0,0.0,0.0,0.0,3.0
DZA.2.6_1,2005-2008,0.0,0.0,0.0,0.0,0.0
DZA.2.6_1,2013-2016,0.0,0.0,0.0,0.0,0.0
DZA.2.6_1,2017-2020,0.0,0.0,0.0,0.0,0.0
DZA.2.7_1,2005-2008,0.0,0.0,0.0,0.0,0.0
DZA.2.9_1,2013-2016,0.0,0.0,0.0,0.0,0.0
DZA.20.13_1,1997-2000,0.0,0.0,0.0,0.0,9.0
DZA.20.1_1,2005-2008,0.0,0.0,0.0,0.0,0.0
DZA.20.1_1,2013-2016,0.0,0.0,2.0,0.0,0.0
DZA.20.5_1,2013-2016,0.0,0.0,0.0,0.0,0.0
DZA.20.6_1,1997-2000,0.0,0.0,0.0,0.0,0.0
DZA.20.7_1,1997-2000,0.0,0.0,0.0,0.0,0.0
DZA.20.7_1,2005-2008,0.0,0.0,2.0,0.0,0.0
DZA.20.7_1,2013-2016,0.0,0.0,11.0,0.0,1.0
DZA.21.18_1,2001-2004,0.0,0.0,0.0,0.0,0.0
DZA.22.2_1,2013-2016,0.0,0.0,0.0,0.0,0.0
DZA.22.3_1,2013-2016,0.0,0.0,0.0,0.0,0.0
DZA.22.4_1,2009-2012,0.0,0.0,0.0,0.0,0.0
DZA.22.4_1,2013-2016,0.0,0.0,0.0,0.0,0.0
DZA.22.4_1,2017-2020,0.0,0.0,3.0,0.0,0.0
DZA.22.5_1,2013-2016,0.0,0.0,0.0,0.0,0.0
DZA.23.10_1,2009-2012,0.0,0.0,0.0,0.0,0.0
DZA.23.10_1,2013-2016,0.0,0.0,0.0,0.0,0.0
DZA.23.11_1,2005-2008,0.0,0.0,0.0,0.0,0.0
DZA.23.11_1,2009-2012,5.0,0.0,0.0,0.0,0.0
DZA.23.11_1,2013-2016,1.0,0.0,0.0,0.0,0.0
DZA.23.12_1,2005-2008,2.0,0.0,0.0,0.0,0.0
DZA.23.12_1,2013-2016,0.0,0.0,0.0,0.0,0.0
DZA.23.12_1,2017-2020,0.0,0.0,0.0,0.0,0.0
DZA.23.13_1,2017-2020,0.0,0.0,0.0,0.0,0.0
DZA.23.16_1,1997-2000,3.0,0.0,0.0,0.0,3.0
DZA.23.16_1,2001-2004,7.0,0.0,0.0,0.0,2.0
DZA.23.16_1,2005-2008,0.0,0.0,0.0,0.0,21.0
DZA.23.16_1,2009-2012,1.0,0.0,1.0,0.0,0.0
DZA.23.16_1,2013-2016,0.0,0.0,0.0,0.0,0.0
DZA.23.16_1,2017-2020,0.0,0.0,0.0,0.0,0.0
DZA.23.17_1,2005-2008,0.0,0.0,0.0,0.0,0.0
DZA.23.19_1,2005-2008,0.0,0.0,0.0,0.0,1.0
DZA.23.1_1,2005-2008,0.0,0.0,0.0,0.0,0.0
DZA.23.1_1,2017-2020,0.0,0.0,0.0,0.0,0.0
DZA.23.22_1,2001-2004,0.0,0.0,0.0,0.0,0.0
DZA.23.22_1,2005-2008,0.0,0.0,0.0,0.0,0.0
DZA.23.23_1,2001-2004,0.0,0.0,0.0,0.0,0.0
DZA.23.24_1,2005-2008,0.0,0.0,0.0,0.0,0.0
DZA.23.24_1,2009-2012,0.0,0.0,0.0,0.0,0.0
DZA.23.24_1,2013-2016,0.0,0.0,0.0,0.0,0.0
DZA.23.26_1,2013-2016,0.0,0.0,0.0,0.0,0.0
DZA.23.27_1,2001-2004,2.0,0.0,0.0,0.0,0.0
DZA.23.27_1,2005-2008,0.0,0.0,0.0,0.0,0.0
DZA.23.28_1,2001-2004,0.0,0.0,0.0,0.0,3.0
DZA.23.28_1,2005-2008,0.0,0.0,0.0,0.0,0.0
DZA.23.28_1,2009-2012,2.0,0.0,0.0,0.0,0.0
DZA.23.28_1,2013-2016,0.0,0.0,0.0,0.0,0.0
DZA.23.28_1,2017-2020,0.0,0.0,0.0,0.0,0.0
DZA.23.2_1,1997-2000,0.0,0.0,0.0,0.0,0.0
DZA.23.3_1,2013-2016,0.0,0.0,0.0,0.0,0.0
DZA.23.6_1,2009-2012,0.0,0.0,0.0,0.0,0.0
DZA.23.7_1,2001-2004,0.0,0.0,0.0,0.0,1.0
DZA.23.7_1,2009-2012,0.0,0.0,0.0,0.0,0.0
DZA.23.9_1,2001-2004,0.0,0.0,0.0,0.0,4.0
DZA.23.9_1,2013-2016,0.0,0.0,0.0,0.0,0.0
DZA.23.9_1,2017-2020,0.0,0.0,0.0,0.0,1.0
DZA.24.12_1,2005-2008,0.0,0.0,1.0,0.0,0.0
DZA.24.13_1,2001-2004,0.0,0.0,0.0,0.0,0.0
DZA.24.13_1,2005-2008,0.0,0.0,0.0,0.0,0.0
DZA.24.13_1,2009-2012,0.0,0.0,0.0,0.0,0.0
DZA.24.13_1,2013-2016,2.0,0.0,0.0,0.0,0.0
DZA.24.5_1,2009-2012,1.0,0.0,0.0,0.0,0.0
DZA.24.5_1,2017-2020,2.0,0.0,0.0,0.0,0.0
DZA.25.12_1,2013-2016,0.0,0.0,0.0,0.0,0.0
DZA.25.15_1,1997-2000,0.0,0.0,0.0,0.0,6.0
DZA.25.15_1,2001-2004,0.0,0.0,0.0,0.0,3.0
DZA.25.15_1,2017-2020,0.0,0.0,0.0,0.0,0.0
DZA.25.1_1,1997-2000,0.0,0.0,0.0,0.0,10.0
DZA.25.1_1,2001-2004,0.0,0.0,0.0,0.0,5.0
DZA.25.21_1,2005-2008,1.0,0.0,0.0,0.0,0.0
DZA.26.23_1,2005-2008,1.0,0.0,0.0,0.0,1.0
DZA.26.23_1,2009-2012,0.0,0.0,0.0,0.0,0.0
DZA.26.31_1,2005-2008,0.0,0.0,0.0,0.0,0.0
DZA.26.34_1,1997-2000,0.0,0.0,0.0,0.0,15.0
DZA.26.39_1,2009-2012,0.0,0.0,0.0,0.0,0.0
DZA.26.3_1,2005-2008,5.0,0.0,0.0,0.0,0.0
DZA.26.41_1,2005-2008,0.0,0.0,0.0,0.0,0.0
DZA.26.8_1,2009-2012,1.0,0.0,0.0,0.0,0.0
DZA.27.14_1,2001-2004,0.0,0.0,0.0,0.0,1.0
DZA.27.18_1,2001-2004,0.0,0.0,0.0,0.0,0.0
DZA.27.28_1,1997-2000,0.0,0.0,0.0,0.0,25.0
DZA.27.30_1,1997-2000,13.0,0.0,0.0,0.0,5.0
DZA.27.30_1,2001-2004,0.0,0.0,0.0,0.0,33.0
DZA.27.30_1,2009-2012,0.0,0.0,1.0,0.0,0.0
DZA.27.31_1,2001-2004,0.0,0.0,0.0,0.0,7.0
DZA.27.32_1,2001-2004,0.0,0.0,0.0,0.0,7.0
DZA.27.39_1,1997-2000,0.0,0.0,0.0,0.0,0.0
DZA.27.44_1,1997-2000,0.0,0.0,0.0,0.0,22.0
DZA.27.7_1,1997-2000,0.0,0.0,0.0,0.0,40.0
DZA.27.7_1,2001-2004,38.0,0.0,0.0,0.0,0.0
DZA.27.9_1,2001-2004,0.0,0.0,0.0,0.0,7.0
DZA.28.14_1,1997-2000,0.0,0.0,0.0,0.0,0.0
DZA.28.14_1,2013-2016,0.0,0.0,0.0,0.0,0.0
DZA.28.14_1,2017-2020,0.0,0.0,0.0,0.0,0.0
DZA.28.17_1,2013-2016,0.0,0.0,0.0,0.0,0.0
DZA.28.1_1,1997-2000,0.0,0.0,0.0,0.0,0.0
DZA.28.1_1,2001-2004,0.0,0.0,0.0,0.0,6.0
DZA.28.1_1,2013-2016,0.0,0.0,0.0,0.0,0.0
DZA.28.20_1,1997-2000,0.0,0.0,0.0,0.0,0.0
DZA.28.20_1,2017-2020,4.0,0.0,0.0,0.0,0.0
DZA.28.28_1,1997-2000,2.0,0.0,0.0,0.0,129.0
DZA.28.28_1,2013-2016,0.0,0.0,0.0,0.0,0.0
DZA.28.31_1,1997-2000,0.0,0.0,0.0,0.0,82.0
DZA.28.32_1,1997-2000,24.0,0.0,0.0,0.0,379.0
DZA.28.32_1,2001-2004,0.0,0.0,0.0,0.0,63.0
DZA.28.32_1,2005-2008,0.0,0.0,0.0,0.0,0.0
DZA.28.41_1,2009-2012,0.0,0.0,0.0,0.0,0.0
DZA.28.45_1,2013-2016,0.0,0.0,0.0,0.0,0.0
DZA.28.45_1,2017-2020,0.0,0.0,0.0,0.0,0.0
DZA.28.51_1,1997-2000,0.0,0.0,0.0,0.0,72.0
DZA.28.56_1,2009-2012,2.0,0.0,0.0,0.0,0.0
DZA.28.58_1,1997-2000,0.0,0.0,0.0,0.0,9.0
DZA.28.59_1,1997-2000,0.0,0.0,0.0,0.0,51.0
DZA.28.59_1,2001-2004,0.0,0.0,0.0,0.0,2.0
DZA.28.59_1,2005-2008,0.0,0.0,0.0,0.0,0.0
DZA.28.61_1,1997-2000,0.0,0.0,0.0,0.0,137.0
DZA.28.61_1,2009-2012,5.0,0.0,0.0,0.0,0.0
DZA.28.64_1,1997-2000,0.0,0.0,0.0,0.0,16.0
DZA.28.64_1,2005-2008,0.0,0.0,0.0,0.0,0.0
DZA.28.6_1,2013-2016,0.0,0.0,0.0,0.0,0.0
DZA.28.9_1,1997-2000,0.0,0.0,0.0,0.0,47.0
DZA.29.14_1,2017-2020,0.0,0.0,0.0,0.0,0.0
DZA.29.16_1,2005-2008,0.0,0.0,0.0,0.0,0.0
DZA.3.17_1,1997-2000,0.0,0.0,0.0,0.0,11.0
DZA.3.22_1,1997-2000,0.0,0.0,0.0,0.0,38.0
DZA.30.11_1,2005-2008,0.0,0.0,0.0,0.0,0.0
DZA.30.26_1,1997-2000,0.0,0.0,0.0,0.0,21.0
DZA.32.22_1,1997-2000,0.0,0.0,0.0,0.0,1.0
DZA.32.22_1,2001-2004,0.0,0.0,36.0,0.0,0.0
DZA.32.22_1,2005-2008,0.0,0.0,0.0,0.0,0.0
DZA.32.22_1,2009-2012,0.0,0.0,1.0,0.0,0.0
DZA.32.4_1,2001-2004,0.0,0.0,0.0,0.0,10.0
DZA.32.7_1,1997-2000,0.0,0.0,0.0,0.0,16.0
DZA.33.13_1,2005-2008,0.0,0.0,0.0,0.0,0.0
DZA.33.13_1,2009-2012,1.0,0.0,0.0,0.0,0.0
DZA.33.13_1,2013-2016,0.0,0.0,1.0,0.0,0.0
DZA.33.20_1,2013-2016,0.0,0.0,3.0,0.0,0.0
DZA.33.8_1,1997-2000,0.0,0.0,0.0,0.0,0.0
DZA.34.28_1,2009-2012,0.0,0.0,0.0,0.0,0.0
DZA.34.2_1,2017-2020,0.0,0.0,1.0,0.0,1.0
DZA.34.4_1,1997-2000,7.0,0.0,0.0,0.0,0.0
DZA.34.6_1,2001-2004,0.0,0.0,1.0,0.0,0.0
DZA.35.15_1,1997-2000,0.0,0.0,0.0,0.0,129.0
DZA.35.19_1,1997-2000,0.0,0.0,0.0,0.0,10.0
DZA.35.21_1,2001-2004,0.0,0.0,0.0,0.0,0.0
DZA.35.22_1,2001-2004,0.0,0.0,0.0,0.0,5.0
DZA.35.26_1,2001-2004,0.0,0.0,0.0,0.0,8.0
DZA.35.29_1,1997-2000,0.0,0.0,0.0,0.0,0.0
DZA.35.29_1,2001-2004,0.0,0.0,0.0,0.0,2.0
DZA.35.30_1,1997-2000,0.0,0.0,0.0,0.0,146.0
DZA.35.30_1,2001-2004,0.0,0.0,0.0,0.0,9.0
DZA.35.30_1,2005-2008,0.0,0.0,0.0,0.0,0.0
DZA.35.34_1,1997-2000,0.0,0.0,0.0,0.0,120.0
DZA.35.34_1,2001-2004,0.0,0.0,0.0,0.0,0.0
DZA.35.34_1,2005-2008,0.0,0.0,0.0,0.0,0.0
DZA.35.35_1,1997-2000,0.0,0.0,0.0,0.0,4.0
DZA.35.3_1,2001-2004,0.0,0.0,0.0,0.0,17.0
DZA.36.10_1,2001-2004,0.0,0.0,0.0,0.0,0.0
DZA.36.11_1,1997-2000,0.0,0.0,0.0,0.0,30.0
DZA.36.11_1,2005-2008,0.0,0.0,0.0,0.0,0.0
DZA.36.13_1,2005-2008,0.0,0.0,0.0,0.0,0.0
DZA.36.15_1,1997-2000,0.0,0.0,0.0,0.0,14.0
DZA.36.16_1,1997-2000,0.0,0.0,0.0,0.0,2.0
DZA.36.1_1,2005-2008,0.0,0.0,0.0,0.0,0.0
DZA.36.1_1,2009-2012,0.0,0.0,1.0,0.0,0.0
DZA.36.1_1,2013-2016,0.0,0.0,0.0,0.0,0.0
DZA.36.3_1,2001-2004,0.0,0.0,0.0,0.0,17.0
DZA.36.4_1,1997-2000,0.0,0.0,0.0,0.0,32.0
DZA.36.5_1,2001-2004,4.0,0.0,0.0,0.0,0.0
DZA.37.26_1,2001-2004,0.0,0.0,0.0,0.0,0.0
DZA.37.36_1,2013-2016,0.0,0.0,0.0,0.0,0.0
DZA.37.37_1,2001-2004,0.0,0.0,0.0,0.0,3.0
DZA.37.44_1,1997-2000,0.0,0.0,0.0,0.0,12.0
DZA.37.55_1,1997-2000,0.0,0.0,0.0,0.0,0.0
DZA.37.55_1,2001-2004,2.0,0.0,0.0,0.0,1.0
DZA.38.25_1,2013-2016,0.0,0.0,0.0,0.0,0.0
DZA.38.27_1,2001-2004,0.0,0.0,0.0,0.0,3.0
DZA.38.27_1,2009-2012,0.0,0.0,0.0,0.0,0.0
DZA.38.27_1,2017-2020,0.0,0.0,0.0,0.0,2.0
DZA.38.29_1,2009-2012,1.0,0.0,0.0,0.0,0.0
DZA.38.30_1,2001-2004,1.0,0.0,0.0,0.0,0.0
DZA.38.36_1,1997-2000,0.0,0.0,0.0,0.0,1.0
DZA.38.36_1,2001-2004,3.0,0.0,0.0,0.0,0.0
DZA.38.36_1,2009-2012,0.0,0.0,0.0,0.0,0.0
DZA.38.36_1,2017-2020,0.0,0.0,0.0,0.0,0.0
DZA.38.45_1,2017-2020,0.0,0.0,0.0,0.0,0.0
DZA.38.49_1,2005-2008,0.0,0.0,0.0,0.0,2.0
DZA.38.49_1,2013-2016,0.0,0.0,0.0,0.0,0.0
DZA.38.49_1,2017-2020,3.0,0.0,0.0,0.0,0.0
DZA.38.50_1,2013-2016,0.0,0.0,0.0,0.0,0.0
DZA.39.11_1,2001-2004,0.0,0.0,0.0,0.0,1.0
DZA.39.14_1,1997-2000,0.0,0.0,0.0,0.0,0.0
DZA.39.14_1,2001-2004,0.0,0.0,0.0,0.0,0.0
DZA.39.14_1,2005-2008,0.0,0.0,0.0,0.0,0.0
DZA.39.14_1,2017-2020,0.0,0.0,0.0,0.0,0.0
DZA.39.17_1,2005-2008,0.0,0.0,0.0,0.0,0.0
DZA.39.25_1,2013-2016,0.0,0.0,0.0,0.0,0.0
DZA.39.25_1,2017-2020,0.0,0.0,0.0,0.0,0.0
DZA.39.27_1,2013-2016,0.0,0.0,0.0,0.0,0.0
DZA.39.29_1,2005-2008,0.0,0.0,0.0,0.0,0.0
DZA.39.31_1,2001-2004,0.0,0.0,0.0,0.0,2.0
DZA.39.31_1,2005-2008,0.0,0.0,0.0,0.0,0.0
DZA.39.35_1,1997-2000,0.0,0.0,0.0,0.0,0.0
DZA.39.35_1,2001-2004,0.0,0.0,0.0,0.0,0.0
DZA.39.35_1,2005-2008,2.0,0.0,0.0,0.0,7.0
DZA.39.3_1,2001-2004,0.0,0.0,0.0,0.0,7.0
DZA.39.3_1,2005-2008,0.0,0.0,0.0,0.0,0.0
DZA.39.3_1,2009-2012,0.0,0.0,0.0,0.0,0.0
DZA.39.4_1,2013-2016,0.0,0.0,0.0,0.0,0.0
DZA.39.5_1,1997-2000,0.0,0.0,0.0,0.0,0.0
DZA.39.5_1,2001-2004,0.0,0.0,0.0,0.0,3.0
DZA.39.5_1,2017-2020,0.0,0.0,0.0,0.0,0.0
DZA.4.14_1,1997-2000,0.0,0.0,0.0,0.0,3.0
DZA.4.15_1,2001-2004,0.0,0.0,0.0,0.0,15.0
DZA.4.17_1,1997-2000,0.0,0.0,0.0,0.0,5.0
DZA.4.19_1,2001-2004,0.0,0.0,0.0,0.0,0.0
DZA.4.19_1,2005-2008,2.0,0.0,0.0,0.0,0.0
DZA.4.1_1,1997-2000,0.0,0.0,0.0,0.0,0.0
DZA.4.21_1,1997-2000,0.0,0.0,0.0,0.0,14.0
DZA.4.22_1,1997-2000,0.0,0.0,0.0,0.0,9.0
DZA.4.24_1,2005-2008,0.0,0.0,0.0,0.0,1.0
DZA.4.26_1,2001-2004,0.0,0.0,0.0,0.0,13.0
DZA.4.2_1,1997-2000,30.0,0.0,0.0,0.0,5.0
DZA.4.2_1,2001-2004,0.0,0.0,0.0,0.0,0.0
DZA.4.3_1,1997-2000,21.0,0.0,0.0,0.0,15.0
DZA.4.4_1,2005-2008,17.0,0.0,0.0,0.0,0.0
DZA.4.5_1,1997-2000,198.0,0.0,0.0,0.0,592.0
DZA.4.5_1,2001-2004,2.0,0.0,0.0,0.0,54.0
DZA.4.5_1,2005-2008,56.0,0.0,0.0,0.0,0.0
DZA.4.5_1,2009-2012,0.0,0.0,10.0,0.0,0.0
DZA.4.5_1,2017-2020,0.0,0.0,0.0,0.0,1.0
DZA.4.6_1,2009-2012,0.0,0.0,1.0,0.0,0.0
DZA.4.9_1,1997-2000,0.0,0.0,0.0,0.0,15.0
DZA.4.9_1,2001-2004,0.0,0.0,0.0,0.0,6.0
DZA.40.26_1,2005-2008,0.0,0.0,0.0,0.0,0.0
DZA.41.10_1,2009-2012,0.0,0.0,0.0,0.0,0.0
DZA.41.10_1,2013-2016,0.0,0.0,0.0,0.0,1.0
DZA.41.10_1,2017-2020,0.0,0.0,1.0,0.0,0.0
DZA.41.5_1,2009-2012,0.0,0.0,0.0,0.0,0.0
DZA.41.5_1,2013-2016,0.0,0.0,0.0,0.0,0.0
DZA.41.8_1,2009-2012,1.0,0.0,0.0,0.0,0.0
DZA.41.8_1,2013-2016,0.0,0.0,0.0,0.0,0.0
DZA.42.10_1,2009-2012,5.0,0.0,0.0,0.0,0.0
DZA.42.12_1,2005-2008,1.0,0.0,0.0,0.0,0.0
DZA.42.12_1,2013-2016,0.0,0.0,0.0,0.0,0.0
DZA.42.14_1,2009-2012,0.0,0.0,0.0,0.0,0.0
DZA.42.17_1,2017-2020,2.0,0.0,0.0,0.0,0.0
DZA.42.21_1,2009-2012,1.0,0.0,0.0,0.0,0.0
DZA.42.22_1,2005-2008,0.0,0.0,0.0,0.0,0.0
DZA.42.26_1,2017-2020,1.0,0.0,0.0,0.0,0.0
DZA.42.27_1,1997-2000,0.0,0.0,0.0,0.0,0.0
DZA.42.27_1,2001-2004,1.0,0.0,0.0,0.0,8.0
DZA.42.27_1,2005-2008,10.0,0.0,0.0,0.0,4.0
DZA.42.27_1,2009-2012,8.0,0.0,0.0,0.0,7.0
DZA.42.28_1,2005-2008,2.0,0.0,0.0,0.0,0.0
DZA.42.28_1,2009-2012,2.0,0.0,0.0,0.0,0.0
DZA.42.5_1,2001-2004,0.0,0.0,0.0,0.0,0.0
DZA.42.5_1,2005-2008,23.0,0.0,0.0,0.0,0.0
DZA.42.5_1,2009-2012,0.0,0.0,0.0,0.0,0.0
DZA.42.5_1,2013-2016,0.0,0.0,0.0,0.0,0.0
DZA.42.7_1,2001-2004,0.0,0.0,0.0,0.0,1.0
DZA.43.10_1,1997-2000,0.0,0.0,0.0,0.0,11.0
DZA.43.15_1,2001-2004,0.0,0.0,0.0,0.0,20.0
DZA.43.15_1,2013-2016,0.0,0.0,0.0,0.0,0.0
DZA.43.29_1,1997-2000,0.0,0.0,0.0,0.0,0.0
DZA.43.29_1,2009-2012,2.0,0.0,0.0,0.0,0.0
DZA.43.39_1,1997-2000,24.0,0.0,0.0,0.0,96.0
DZA.43.39_1,2001-2004,0.0,0.0,0.0,0.0,44.0
DZA.43.39_1,2005-2008,0.0,0.0,0.0,0.0,0.0
DZA.43.39_1,2017-2020,3.0,0.0,1.0,0.0,0.0
DZA.43.3_1,1997-2000,0.0,0.0,0.0,0.0,13.0
DZA.43.3_1,2001-2004,0.0,0.0,0.0,0.0,1.0
DZA.43.5_1,2021-2024,0.0,0.0,0.0,0.0,0.0
DZA.43.7_1,1997-2000,0.0,0.0,0.0,0.0,9.0
DZA.44.2_1,2001-2004,0.0,0.0,0.0,0.0,2.0
DZA.44.2_1,2013-2016,0.0,0.0,0.0,0.0,2.0
DZA.45.10_1,1997-2000,0.0,0.0,0.0,0.0,33.0
DZA.45.12_1,1997-2000,0.0,0.0,0.0,0.0,64.0
DZA.45.12_1,2001-2004,0.0,0.0,0.0,0.0,0.0
DZA.45.12_1,2005-2008,0.0,0.0,0.0,0.0,2.0
DZA.45.12_1,2009-2012,0.0,0.0,0.0,0.0,0.0
DZA.45.12_1,2013-2016,0.0,0.0,0.0,0.0,0.0
DZA.45.12_1,2017-2020,0.0,0.0,0.0,0.0,0.0
DZA.45.13_1,1997-2000,0.0,0.0,0.0,0.0,53.0
DZA.45.15_1,1997-2000,0.0,0.0,0.0,0.0,12.0
DZA.45.16_1,2001-2004,0.0,0.0,0.0,0.0,9.0
DZA.45.17_1,2005-2008,0.0,0.0,0.0,0.0,0.0
DZA.45.18_1,2005-2008,0.0,0.0,0.0,0.0,0.0
DZA.45.18_1,2013-2016,0.0,0.0,0.0,0.0,0.0
DZA.45.19_1,2001-2004,0.0,0.0,0.0,0.0,2.0
DZA.45.19_1,2009-2012,0.0,0.0,0.0,0.0,0.0
DZA.45.19_1,2013-2016,0.0,0.0,0.0,0.0,0.0
DZA.45.19_1,2017-2020,0.0,0.0,0.0,0.0,0.0
DZA.45.1_1,2009-2012,0.0,0.0,0.0,0.0,0.0
DZA.45.23_1,2005-2008,0.0,0.0,0.0,0.0,1.0
DZA.45.26_1,1997-2000,0.0,0.0,0.0,0.0,87.0
DZA.45.26_1,2001-2004,0.0,0.0,0.0,0.0,30.0
DZA.45.26_1,2009-2012,0.0,0.0,0.0,0.0,0.0
DZA.45.26_1,2013-2016,4.0,0.0,0.0,0.0,0.0
DZA.45.26_1,2017-2020,0.0,0.0,0.0,0.0,0.0
DZA.45.3_1,2001-2004,0.0,0.0,0.0,0.0,3.0
DZA.45.4_1,2009-2012,0.0,0.0,0.0,0.0,0.0
DZA.45.4_1,2013-2016,3.0,0.0,0.0,0.0,0.0
DZA.45.5_1,1997-2000,0.0,0.0,0.0,0.0,19.0
DZA.45.5_1,2001-2004,0.0,0.0,0.0,0.0,0.0
DZA.45.5_1,2009-2012,0.0,0.0,2.0,0.0,0.0
DZA.45.7_1,1997-2000,0.0,0.0,0.0,0.0,11.0
DZA.45.8_1,1997-2000,0.0,0.0,0.0,0.0,14.0
DZA.45.8_1,2009-2012,20.0,0.0,0.0,0.0,0.0
DZA.45.8_1,2013-2016,0.0,0.0,0.0,0.0,1.0
DZA.45.9_1,2009-2012,0.0,0.0,0.0,0.0,0.0
DZA.45.9_1,2013-2016,0.0,0.0,0.0,0.0,0.0
DZA.45.9_1,2017-2020,0.0,0.0,0.0,0.0,0.0
DZA.46.12_1,1997-2000,0.0,0.0,0.0,0.0,7.0
DZA.46.12_1,2001-2004,0.0,0.0,0.0,0.0,0.0
DZA.46.21_1,2013-2016,0.0,0.0,0.0,0.0,0.0
DZA.46.22_1,1997-2000,5.0,0.0,0.0,0.0,54.0
DZA.46.22_1,2009-2012,0.0,0.0,0.0,0.0,0.0
DZA.46.5_1,2013-2016,0.0,0.0,0.0,0.0,1.0
DZA.46.6_1,1997-2000,0.0,0.0,0.0,0.0,9.0
DZA.46.6_1,2005-2008,0.0,0.0,0.0,0.0,0.0
DZA.47.16_1,2001-2004,0.0,0.0,0.0,0.0,0.0
DZA.47.16_1,2005-2008,0.0,0.0,0.0,0.0,0.0
DZA.47.16_1,2009-2012,0.0,0.0,0.0,0.0,0.0
DZA.47.17_1,2001-2004,2.0,0.0,0.0,0.0,0.0
DZA.47.17_1,2005-2008,0.0,0.0,0.0,0.0,0.0
DZA.47.18_1,2013-2016,0.0,0.0,0.0,0.0,1.0
DZA.47.19_1,2013-2016,0.0,0.0,0.0,0.0,0.0
DZA.47.20_1,2001-2004,0.0,0.0,1.0,0.0,0.0
DZA.47.20_1,2005-2008,0.0,0.0,0.0,0.0,0.0
DZA.47.20_1,2009-2012,1.0,0.0,0.0,0.0,1.0
DZA.47.20_1,2013-2016,0.0,0.0,0.0,0.0,0.0
DZA.47.20_1,2017-2020,0.0,0.0,0.0,0.0,0.0
DZA.47.21_1,2005-2008,1.0,0.0,0.0,0.0,0.0
DZA.47.21_1,2009-2012,7.0,0.0,0.0,0.0,0.0
DZA.47.21_1,2013-2016,1.0,0.0,0.0,0.0,0.0
DZA.47.21_1,2017-2020,0.0,0.0,0.0,0.0,0.0
DZA.47.22_1,2001-2004,0.0,0.0,0.0,0.0,1.0
DZA.47.22_1,2009-2012,0.0,0.0,0.0,0.0,0.0
DZA.47.22_1,2013-2016,0.0,0.0,0.0,0.0,0.0
DZA.47.25_1,2009-2012,0.0,0.0,0.0,0.0,0.0
DZA.47.27_1,2001-2004,0.0,0.0,0.0,0.0,4.0
DZA.47.27_1,2005-2008,3.0,0.0,0.0,0.0,1.0
DZA.47.27_1,2009-2012,1.0,0.0,0.0,0.0,0.0
DZA.47.30_1,2001-2004,0.0,0.0,1.0,0.0,0.0
DZA.47.30_1,2013-2016,0.0,0.0,0.0,0.0,0.0
DZA.47.31_1,2001-2004,0.0,0.0,0.0,0.0,0.0
DZA.47.31_1,2005-2008,1.0,0.0,0.0,0.0,0.0
DZA.47.31_1,2009-2012,0.0,0.0,0.0,0.0,0.0
DZA.47.32_1,1997-2000,0.0,0.0,0.0,0.0,9.0
DZA.47.32_1,2001-2004,0.0,0.0,0.0,0.0,0.0
DZA.47.32_1,2005-2008,0.0,0.0,0.0,0.0,2.0
DZA.47.32_1,2013-2016,0.0,0.0,0.0,0.0,0.0
DZA.47.33_1,2005-2008,0.0,0.0,0.0,0.0,0.0
DZA.47.33_1,2009-2012,1.0,0.0,0.0,0.0,0.0
DZA.47.33_1,2013-2016,0.0,0.0,0.0,0.0,0.0
DZA.47.35_1,2013-2016,0.0,0.0,0.0,0.0,0.0
DZA.47.37_1,2009-2012,0.0,0.0,0.0,0.0,0.0
DZA.47.38_1,2013-2016,0.0,0.0,0.0,0.0,0.0
DZA.47.39_1,2009-2012,0.0,0.0,0.0,0.0,2.0
DZA.47.3_1,2009-2012,1.0,0.0,0.0,0.0,0.0
DZA.47.42_1,2005-2008,1.0,0.0,0.0,0.0,0.0
DZA.47.43_1,2009-2012,0.0,0.0,0.0,0.0,0.0
DZA.47.44_1,2001-2004,3.0,0.0,1.0,0.0,0.0
DZA.47.44_1,2021-2024,0.0,0.0,1.0,0.0,0.0
DZA.47.47_1,2001-2004,0.0,0.0,0.0,0.0,1.0
DZA.47.47_1,2013-2016,0.0,0.0,0.0,0.0,0.0
DZA.47.48_1,2001-2004,0.0,0.0,0.0,0.0,0.0
DZA.47.48_1,2005-2008,0.0,0.0,0.0,0.0,0.0
DZA.47.48_1,2013-2016,0.0,0.0,0.0,0.0,1.0
DZA.47.49_1,2001-2004,0.0,0.0,0.0,0.0,1.0
DZA.47.49_1,2009-2012,0.0,0.0,0.0,0.0,0.0
DZA.47.4_1,1997-2000,0.0,0.0,0.0,0.0,0.0
DZA.47.4_1,2001-2004,0.0,0.0,0.0,0.0,0.0
DZA.47.4_1,2005-2008,0.0,0.0,0.0,0.0,0.0
DZA.47.4_1,2009-2012,1.0,0.0,0.0,0.0,0.0
DZA.47.50_1,2001-2004,0.0,0.0,0.0,0.0,0.0
DZA.47.50_1,2005-2008,6.0,0.0,0.0,0.0,0.0
DZA.47.50_1,2009-2012,0.0,0.0,0.0,0.0,0.0
DZA.47.50_1,2013-2016,0.0,0.0,0.0,0.0,0.0
DZA.47.51_1,2009-2012,0.0,0.0,0.0,0.0,0.0
DZA.47.51_1,2013-2016,0.0,0.0,0.0,0.0,0.0
DZA.47.52_1,2013-2016,0.0,0.0,0.0,0.0,0.0
DZA.47.56_1,2009-2012,0.0,0.0,0.0,0.0,0.0
DZA.47.56_1,2013-2016,0.0,0.0,0.0,0.0,0.0
DZA.47.56_1,2017-2020,0.0,0.0,0.0,0.0,0.0
DZA.47.57_1,2001-2004,10.0,0.0,0.0,0.0,0.0
DZA.47.57_1,2005-2008,3.0,0.0,0.0,0.0,0.0
DZA.47.57_1,2009-2012,5.0,0.0,0.0,0.0,4.0
DZA.47.57_1,2013-2016,0.0,0.0,0.0,2.0,0.0
DZA.47.58_1,1997-2000,0.0,0.0,0.0,0.0,0.0
DZA.47.58_1,2001-2004,0.0,0.0,0.0,0.0,2.0
DZA.47.58_1,2005-2008,1.0,0.0,0.0,0.0,0.0
DZA.47.58_1,2009-2012,2.0,0.0,0.0,0.0,0.0
DZA.47.59_1,2009-2012,10.0,0.0,0.0,0.0,0.0
DZA.47.5_1,2001-2004,0.0,0.0,0.0,0.0,1.0
DZA.47.5_1,2005-2008,0.0,0.0,0.0,0.0,1.0
DZA.47.5_1,2009-2012,2.0,0.0,0.0,0.0,0.0
DZA.47.60_1,2001-2004,0.0,0.0,0.0,0.0,1.0
DZA.47.61_1,2001-2004,0.0,0.0,0.0,0.0,2.0
DZA.47.61_1,2005-2008,0.0,0.0,0.0,0.0,0.0
DZA.47.62_1,2005-2008,0.0,0.0,0.0,0.0,0.0
DZA.47.63_1,2001-2004,4.0,0.0,0.0,0.0,0.0
DZA.47.63_1,2005-2008,0.0,0.0,0.0,0.0,0.0
DZA.47.64_1,1997-2000,0.0,0.0,0.0,0.0,2.0
DZA.47.64_1,2001-2004,0.0,0.0,21.0,0.0,0.0
DZA.47.64_1,2005-2008,5.0,0.0,0.0,0.0,1.0
DZA.47.64_1,2009-2012,1.0,0.0,1.0,0.0,0.0
DZA.47.64_1,2013-2016,2.0,0.0,0.0,0.0,0.0
DZA.47.65_1,2009-2012,0.0,0.0,0.0,0.0,0.0
DZA.47.65_1,2013-2016,0.0,0.0,0.0,0.0,0.0
DZA.47.65_1,2017-2020,0.0,0.0,0.0,0.0,0.0
DZA.47.66_1,2009-2012,0.0,0.0,0.0,0.0,0.0
DZA.47.66_1,2013-2016,0.0,0.0,0.0,0.0,0.0
DZA.47.6_1,2001-2004,0.0,0.0,0.0,0.0,0.0
DZA.47.6_1,2005-2008,2.0,0.0,0.0,0.0,0.0
DZA.47.8_1,1997-2000,0.0,0.0,0.0,0.0,12.0
DZA.47.8_1,2005-2008,4.0,0.0,0.0,0.0,0.0
DZA.47.8_1,2013-2016,0.0,0.0,0.0,0.0,0.0
DZA.48.12_1,2009-2012,0.0,0.0,0.0,0.0,0.0
DZA.48.32_1,2005-2008,0.0,0.0,0.0,0.0,0.0
DZA.48.38_1,1997-2000,0.0,0.0,0.0,0.0,10.0
DZA.48.52_1,1997-2000,4.0,0.0,0.0,0.0,22.0
DZA.48.52_1,2005-2008,0.0,0.0,0.0,0.0,0.0
DZA.48.52_1,2009-2012,0.0,0.0,0.0,0.0,0.0
DZA.48.52_1,2013-2016,0.0,0.0,0.0,0.0,3.0
DZA.5.10_1,2001-2004,0.0,0.0,1.0,0.0,0.0
DZA.5.1_1,2001-2004,0.0,0.0,0.0,0.0,5.0
DZA.5.2_1,2001-2004,0.0,0.0,0.0,0.0,3.0
DZA.5.2_1,2005-2008,0.0,0.0,0.0,0.0,0.0
DZA.5.2_1,2009-2012,0.0,0.0,1.0,0.0,0.0
DZA.5.2_1,2017-2020,0.0,0.0,1.0,0.0,0.0
DZA.5.4_1,2001-2004,0.0,0.0,0.0,0.0,2.0
DZA.5.9_1,2001-2004,0.0,0.0,0.0,0.0,0.0
DZA.5.9_1,2005-2008,0.0,0.0,0.0,0.0,0.0
DZA.6.19_1,2001-2004,0.0,0.0,0.0,0.0,3.0
DZA.6.36_1,2017-2020,0.0,0.0,0.0,0.0,1.0
DZA.6.38_1,2013-2016,0.0,0.0,0.0,0.0,0.0
DZA.6.38_1,2017-2020,2.0,0.0,0.0,0.0,0.0
DZA.6.39_1,2013-2016,0.0,0.0,2.0,0.0,0.0
DZA.6.4_1,1997-2000,0.0,0.0,0.0,0.0,0.0
DZA.6.4_1,2009-2012,8.0,0.0,0.0,0.0,0.0
DZA.6.52_1,2005-2008,0.0,0.0,0.0,0.0,1.0
DZA.6.55_1,2005-2008,0.0,0.0,0.0,0.0,0.0
DZA.6.55_1,2013-2016,0.0,0.0,0.0,0.0,0.0
DZA.6.59_1,2017-2020,0.0,0.0,0.0,0.0,0.0
DZA.6.6_1,2009-2012,0.0,0.0,0.0,0.0,0.0
DZA.6.7_1,2001-2004,0.0,0.0,0.0,0.0,0.0
DZA.6.7_1,2005-2008,22.0,0.0,0.0,0.0,0.0
DZA.6.7_1,2009-2012,0.0,0.0,0.0,0.0,0.0
DZA.6.7_1,2013-2016,0.0,0.0,0.0,0.0,0.0
DZA.6.8_1,2013-2016,0.0,0.0,0.0,0.0,0.0
DZA.7.18_1,2009-2012,0.0,0.0,0.0,0.0,0.0
DZA.7.19_1,1997-2000,0.0,0.0,0.0,0.0,11.0
DZA.7.19_1,2001-2004,0.0,0.0,0.0,0.0,1.0
DZA.7.19_1,2009-2012,0.0,0.0,0.0,0.0,0.0
DZA.7.2_1,1997-2000,0.0,0.0,0.0,0.0,32.0
DZA.7.3_1,2009-2012,0.0,0.0,0.0,0.0,0.0
DZA.8.12_1,2005-2008,0.0,0.0,0.0,0.0,0.0
DZA.8.15_1,2009-2012,0.0,0.0,0.0,0.0,0.0
DZA.8.17_1,2009-2012,0.0,0.0,0.0,0.0,0.0
DZA.8.19_1,2001-2004,0.0,0.0,1.0,0.0,0.0
DZA.8.1_1,2009-2012,0.0,0.0,0.0,0.0,0.0
DZA.8.20_1,2009-2012,2.0,0.0,0.0,0.0,0.0
DZA.8.22_1,2005-2008,0.0,0.0,0.0,0.0,0.0
DZA.8.22_1,2017-2020,0.0,0.0,0.0,0.0,0.0
DZA.8.23_1,2001-2004,0.0,0.0,1.0,0.0,0.0
DZA.8.28_1,2001-2004,2.0,0.0,0.0,0.0,0.0
DZA.8.29_1,2013-2016,0.0,0.0,0.0,0.0,0.0
DZA.8.31_1,2001-2004,0.0,0.0,0.0,0.0,0.0
DZA.8.35_1,2009-2012,0.0,0.0,0.0,0.0,0.0
DZA.8.40_1,2009-2012,0.0,0.0,0.0,0.0,0.0
DZA.8.41_1,2001-2004,0.0,0.0,2.0,0.0,0.0
DZA.8.42_1,2001-2004,5.0,0.0,0.0,0.0,0.0
DZA.8.48_1,2005-2008,0.0,0.0,0.0,0.0,0.0
DZA.8.4_1,2001-2004,0.0,0.0,1.0,0.0,0.0
DZA.8.4_1,2009-2012,0.0,0.0,1.0,0.0,0.0
DZA.8.4_1,2017-2020,0.0,0.0,0.0,0.0,0.0
DZA.8.5_1,2009-2012,0.0,0.0,0.0,0.0,0.0
DZA.8.6_1,2009-2012,1.0,0.0,0.0,0.0,0.0
DZA.8.7_1,2005-2008,0.0,0.0,0.0,0.0,0.0
DZA.8.9_1,1997-2000,1.0,0.0,0.0,0.0,0.0
DZA.8.9_1,2001-2004,0.0,0.0,10.0,0.0,0.0
DZA.8.9_1,2009-2012,0.0,0.0,0.0,0.0,0.0
DZA.8.9_1,2013-2016,0.0,0.0,0.0,0.0,1.0
DZA.9.23_1,2009-2012,0.0,0.0,0.0,0.0,0.0
DZA.9.24_1,2001-2004,0.0,0.0,0.0,0.0,1.0
DZA.9.26_1,2001-2004,0.0,0.0,0.0,0.0,5.0
DZA.9.29_1,2013-2016,0.0,0.0,0.0,0.0,0.0
DZA.9.31_1,2009-2012,0.0,0.0,0.0,0.0,0.0
DZA.9.4_1,2001-2004,0.0,0.0,0.0,0.0,3.0
DZA.9.4_1,2005-2008,0.0,0.0,0.0,0.0,0.0
DZA.9.4_1,2009-2012,0.0,0.0,0.0,0.0,0.0
DZA.9.4_1,2013-2016,3.0,0.0,0.0,0.0,0.0
EGY.1.10_1,2017-2020,0.0,0.0,0.0,0.0,0.0
EGY.1.11_1,2009-2012,0.0,0.0,0.0,0.0,0.0
EGY.1.12_1,2013-2016,0.0,0.0,0.0,0.0,0.0
EGY.1.15_1,2013-2016,0.0,0.0,1.0,0.0,0.0
EGY.1.4_1,2009-2012,0.0,0.0,2.0,0.0,0.0
EGY.1.4_1,2013-2016,17.0,0.0,8.0,0.0,1.0
EGY.1.6_1,2013-2016,0.0,0.0,0.0,0.0,1.0
EGY.1.9_1,2013-2016,0.0,0.0,0.0,0.0,0.0
EGY.10.10_1,1997-2000,0.0,0.0,2.0,0.0,4.0
EGY.10.10_1,2013-2016,0.0,0.0,3.0,0.0,0.0
EGY.10.12_1,1997-2000,0.0,0.0,1.0,0.0,0.0
EGY.10.12_1,2005-2008,0.0,0.0,0.0,0.0,1.0
EGY.10.12_1,2009-2012,0.0,0.0,0.0,0.0,1.0
EGY.10.12_1,2013-2016,0.0,0.0,2.0,2.0,0.0
EGY.10.13_1,2013-2016,0.0,0.0,0.0,0.0,1.0
EGY.10.1_1,1997-2000,0.0,0.0,0.0,0.0,10.0
EGY.10.1_1,2009-2012,0.0,0.0,0.0,0.0,2.0
EGY.10.1_1,2013-2016,0.0,0.0,1.0,0.0,0.0
EGY.10.2_1,2021-2024,0.0,0.0,0.0,0.0,1.0
EGY.10.3_1,1997-2000,0.0,0.0,0.0,0.0,1.0
EGY.10.3_1,2013-2016,0.0,0.0,0.0,0.0,0.0
EGY.10.4_1,1997-2000,0.0,0.0,0.0,0.0,2.0
EGY.10.4_1,2005-2008,0.0,0.0,0.0,0.0,0.0
EGY.10.4_1,2009-2012,0.0,0.0,0.0,0.0,0.0
EGY.10.4_1,2013-2016,0.0,0.0,20.0,0.0,6.0
EGY.10.4_1,2017-2020,0.0,0.0,0.0,0.0,2.0
EGY.10.4_1,2021-2024,0.0,0.0,0.0,0.0,1.0
EGY.10.5_1,1997-2000,0.0,0.0,0.0,0.0,4.0
EGY.10.5_1,2013-2016,0.0,0.0,2.0,0.0,0.0
EGY.10.6_1,2013-2016,0.0,0.0,2.0,0.0,0.0
EGY.10.8_1,1997-2000,0.0,0.0,0.0,0.0,4.0
EGY.10.9_1,1997-2000,0.0,0.0,0.0,0.0,2.0
EGY.10.9_1,2005-2008,0.0,0.0,0.0,0.0,0.0
EGY.10.9_1,2013-2016,0.0,0.0,0.0,0.0,0.0
EGY.11.10_1,2009-2012,0.0,0.0,0.0,0.0,0.0
EGY.11.10_1,2013-2016,0.0,0.0,1.0,0.0,1.0
EGY.11.10_1,2017-2020,0.0,0.0,0.0,0.0,1.0
EGY.11.11_1,1997-2000,0.0,0.0,0.0,0.0,0.0
EGY.11.11_1,2005-2008,0.0,0.0,0.0,0.0,2.0
EGY.11.11_1,2013-2016,4.0,0.0,72.0,0.0,11.0
EGY.11.13_1,1997-2000,9.0,0.0,23.0,0.0,0.0
EGY.11.13_1,2001-2004,0.0,0.0,0.0,0.0,0.0
EGY.11.13_1,2005-2008,4.0,0.0,0.0,0.0,0.0
EGY.11.13_1,2009-2012,0.0,39.0,186.0,0.0,16.0
EGY.11.13_1,2013-2016,37.0,7.0,82.0,0.0,9.0
EGY.11.13_1,2017-2020,4.0,0.0,0.0,0.0,2.0
EGY.11.14_1,2009-2012,0.0,0.0,0.0,0.0,1.0
EGY.11.14_1,2013-2016,5.0,1.0,4.0,0.0,1.0
EGY.11.15_1,2013-2016,0.0,0.0,0.0,0.0,1.0
EGY.11.16_1,2013-2016,0.0,0.0,1.0,0.0,0.0
EGY.11.17_1,2013-2016,0.0,0.0,0.0,0.0,1.0
EGY.11.17_1,2021-2024,0.0,0.0,1.0,0.0,0.0
EGY.11.18_1,2009-2012,0.0,0.0,13.0,0.0,1.0
EGY.11.20_1,2013-2016,0.0,0.0,0.0,0.0,0.0
EGY.11.20_1,2017-2020,0.0,0.0,0.0,0.0,0.0
EGY.11.22_1,2013-2016,0.0,0.0,3.0,0.0,0.0
EGY.11.22_1,2017-2020,0.0,0.0,0.0,0.0,0.0
EGY.11.23_1,2009-2012,0.0,0.0,1.0,0.0,0.0
EGY.11.23_1,2013-2016,0.0,0.0,0.0,0.0,3.0
EGY.11.23_1,2017-2020,0.0,0.0,0.0,0.0,1.0
EGY.11.25_1,2017-2020,0.0,0.0,0.0,0.0,0.0
EGY.11.26_1,2009-2012,0.0,0.0,26.0,0.0,2.0
EGY.11.26_1,2013-2016,2.0,0.0,4.0,0.0,0.0
EGY.11.29_1,2013-2016,0.0,1.0,31.0,2.0,2.0
EGY.11.29_1,2017-2020,0.0,0.0,0.0,0.0,10.0
EGY.11.30_1,2013-2016,1.0,0.0,0.0,0.0,0.0
EGY.11.30_1,2017-2020,0.0,0.0,0.0,0.0,1.0
EGY.11.31_1,2009-2012,1.0,0.0,0.0,0.0,1.0
EGY.11.31_1,2013-2016,2.0,413.0,514.0,0.0,23.0
EGY.11.31_1,2017-2020,1.0,0.0,0.0,0.0,1.0
EGY.11.34_1,2009-2012,0.0,0.0,0.0,0.0,0.0
EGY.11.34_1,2013-2016,0.0,0.0,0.0,0.0,7.0
EGY.11.34_1,2017-2020,4.0,0.0,0.0,0.0,0.0
EGY.11.36_1,2009-2012,0.0,9.0,198.0,0.0,0.0
EGY.11.36_1,2013-2016,0.0,0.0,0.0,0.0,1.0
EGY.11.37_1,2013-2016,0.0,0.0,0.0,0.0,1.0
EGY.11.39_1,2017-2020,0.0,0.0,0.0,0.0,2.0
EGY.11.3_1,2013-2016,0.0,0.0,0.0,0.0,0.0
EGY.11.3_1,2017-2020,0.0,0.0,0.0,0.0,0.0
EGY.11.41_1,1997-2000,0.0,0.0,4.0,0.0,0.0
EGY.11.41_1,2013-2016,1.0,0.0,0.0,0.0,0.0
EGY.11.42_1,2013-2016,0.0,0.0,0.0,0.0,1.0
EGY.11.4_1,2013-2016,0.0,0.0,0.0,0.0,2.0
EGY.11.5_1,2013-2016,1.0,61.0,61.0,0.0,0.0
EGY.11.6_1,2009-2012,0.0,0.0,1.0,0.0,0.0
EGY.11.6_1,2013-2016,0.0,0.0,0.0,0.0,0.0
EGY.11.7_1,2013-2016,0.0,5.0,31.0,0.0,0.0
EGY.11.7_1,2017-2020,0.0,0.0,0.0,0.0,1.0
EGY.11.8_1,2009-2012,0.0,0.0,13.0,0.0,0.0
EGY.11.8_1,2013-2016,0.0,0.0,0.0,0.0,0.0
EGY.11.8_1,2017-2020,0.0,0.0,0.0,0.0,1.0
EGY.11.9_1,2013-2016,0.0,0.0,2.0,0.0,1.0
EGY.11.9_1,2017-2020,2.0,0.0,0.0,0.0,0.0
EGY.12.10_1,2013-2016,0.0,0.0,1.0,0.0,1.0
EGY.12.10_1,2017-2020,1.0,0.0,0.0,0.0,0.0
EGY.12.11_1,2013-2016,1.0,0.0,0.0,0.0,0.0
EGY.12.12_1,2017-2020,0.0,0.0,0.0,0.0,0.0
EGY.12.13_1,2013-2016,0.0,0.0,0.0,0.0,3.0
EGY.12.13_1,2017-2020,0.0,0.0,0.0,0.0,0.0
EGY.12.2_1,2009-2012,0.0,0.0,12.0,0.0,0.0
EGY.12.2_1,2013-2016,0.0,0.0,0.0,0.0,1.0
EGY.12.2_1,2017-2020,0.0,0.0,0.0,0.0,0.0
EGY.12.3_1,2013-2016,0.0,0.0,7.0,0.0,1.0
EGY.12.4_1,2013-2016,0.0,0.0,2.0,0.0,0.0
EGY.12.5_1,2013-2016,0.0,0.0,1.0,0.0,1.0
EGY.12.6_1,2013-2016,0.0,0.0,0.0,0.0,0.0
EGY.12.8_1,2013-2016,0.0,0.0,3.0,0.0,0.0
EGY.12.9_1,2013-2016,0.0,0.0,0.0,0.0,1.0
EGY.12.9_1,2021-2024,0.0,0.0,0.0,0.0,1.0
EGY.13.1_1,1997-2000,0.0,0.0,0.0,0.0,60.0
EGY.13.1_1,2013-2016,0.0,0.0,1.0,0.0,3.0
EGY.13.1_1,2017-2020,0.0,0.0,0.0,0.0,1.0
EGY.14.1_1,2009-2012,0.0,0.0,5.0,0.0,0.0
EGY.14.4_1,2013-2016,0.0,0.0,0.0,0.0,0.0
EGY.14.4_1,2017-2020,0.0,0.0,0.0,0.0,0.0
EGY.15.1_1,2009-2012,0.0,1.0,0.0,0.0,0.0
EGY.15.1_1,2013-2016,0.0,0.0,0.0,0.0,0.0
EGY.15.2_1,2009-2012,0.0,1.0,251.0,0.0,1.0
EGY.15.2_1,2013-2016,1.0,0.0,24.0,0.0,2.0
EGY.15.3_1,2013-2016,0.0,0.0,0.0,0.0,0.0
EGY.15.6_1,2005-2008,0.0,0.0,0.0,0.0,1.0
EGY.15.6_1,2009-2012,0.0,0.0,0.0,0.0,0.0
EGY.16.10_1,2013-2016,0.0,0.0,0.0,0.0,0.0
EGY.16.11_1,2013-2016,0.0,1.0,0.0,0.0,0.0
EGY.16.11_1,2017-2020,1.0,0.0,0.0,0.0,0.0
EGY.16.12_1,1997-2000,0.0,0.0,0.0,0.0,6.0
EGY.16.12_1,2013-2016,0.0,0.0,1.0,0.0,0.0
EGY.16.13_1,2013-2016,0.0,0.0,0.0,0.0,0.0
EGY.16.17_1,2013-2016,0.0,0.0,0.0,0.0,0.0
EGY.16.17_1,2017-2020,0.0,0.0,0.0,0.0,0.0
EGY.16.18_1,2009-2012,0.0,0.0,1.0,0.0,0.0
EGY.16.18_1,2013-2016,0.0,1.0,0.0,0.0,0.0
EGY.16.21_1,2013-2016,0.0,0.0,5.0,0.0,2.0
EGY.16.3_1,2005-2008,0.0,0.0,0.0,0.0,4.0
EGY.16.3_1,2013-2016,2.0,0.0,0.0,0.0,1.0
EGY.16.4_1,2013-2016,4.0,0.0,0.0,0.0,2.0
EGY.16.5_1,2013-2016,0.0,0.0,0.0,0.0,0.0
EGY.17.2_1,2013-2016,2.0,0.0,5.0,0.0,0.0
EGY.17.2_1,2017-2020,0.0,0.0,0.0,0.0,1.0
EGY.17.4_1,2009-2012,0.0,0.0,0.0,0.0,0.0
EGY.17.5_1,2013-2016,0.0,0.0,0.0,0.0,0.0
EGY.17.6_1,2009-2012,0.0,1.0,0.0,0.0,0.0
EGY.17.6_1,2013-2016,0.0,0.0,0.0,0.0,0.0
EGY.18.10_1,2017-2020,0.0,0.0,0.0,0.0,0.0
EGY.18.11_1,1997-2000,0.0,0.0,0.0,0.0,1.0
EGY.18.3_1,1997-2000,0.0,0.0,0.0,0.0,0.0
EGY.18.3_1,2013-2016,0.0,0.0,0.0,0.0,0.0
EGY.18.5_1,2017-2020,0.0,0.0,0.0,0.0,0.0
EGY.18.6_1,2017-2020,0.0,0.0,0.0,0.0,0.0
EGY.18.9_1,1997-2000,0.0,0.0,0.0,0.0,0.0
EGY.18.9_1,2009-2012,0.0,0.0,0.0,0.0,1.0
EGY.18.9_1,2013-2016,2.0,1.0,6.0,0.0,1.0
EGY.18.9_1,2017-2020,0.0,0.0,0.0,0.0,1.0
EGY.19.2_1,2013-2016,0.0,0.0,1.0,1.0,0.0
EGY.19.3_1,1997-2000,0.0,0.0,0.0,0.0,0.0
EGY.19.3_1,2009-2012,0.0,0.0,10.0,0.0,0.0
EGY.19.3_1,2013-2016,0.0,1.0,17.0,0.0,9.0
EGY.19.3_1,2017-2020,0.0,0.0,0.0,0.0,0.0
EGY.19.7_1,2013-2016,0.0,0.0,1.0,0.0,0.0
EGY.2.1_1,2013-2016,0.0,0.0,0.0,0.0,4.0
EGY.2.1_1,2017-2020,0.0,0.0,0.0,0.0,3.0
EGY.20.10_1,2021-2024,0.0,0.0,0.0,0.0,3.0
EGY.20.5_1,1997-2000,0.0,0.0,0.0,0.0,1.0
EGY.20.5_1,2009-2012,0.0,0.0,76.0,0.0,0.0
EGY.20.5_1,2013-2016,0.0,2.0,53.0,0.0,3.0
EGY.21.1_1,2013-2016,0.0,0.0,2.0,0.0,0.0
EGY.21.1_1,2017-2020,0.0,0.0,0.0,0.0,0.0
EGY.21.2_1,1997-2000,0.0,0.0,0.0,0.0,0.0
EGY.21.2_1,2005-2008,0.0,0.0,0.0,0.0,3.0
EGY.21.2_1,2009-2012,0.0,5.0,0.0,0.0,0.0
EGY.21.2_1,2013-2016,0.0,0.0,16.0,2.0,1.0
EGY.21.2_1,2017-2020,0.0,0.0,0.0,0.0,0.0
EGY.21.5_1,2001-2004,0.0,0.0,1.0,0.0,0.0
EGY.21.5_1,2013-2016,0.0,0.0,1.0,0.0,0.0
EGY.22.3_1,2013-2016,4.0,0.0,0.0,0.0,0.0
EGY.22.3_1,2017-2020,0.0,0.0,0.0,0.0,0.0
EGY.22.4_1,2013-2016,0.0,0.0,0.0,0.0,0.0
EGY.22.7_1,2005-2008,24.0,0.0,0.0,0.0,0.0
EGY.22.7_1,2017-2020,0.0,0.0,0.0,0.0,0.0
EGY.22.8_1,2005-2008,88.0,0.0,0.0,0.0,1.0
EGY.22.8_1,2013-2016,1.0,0.0,0.0,0.0,0.0
EGY.22.8_1,2017-2020,0.0,0.0,0.0,0.0,0.0
EGY.22.9_1,2001-2004,28.0,0.0,0.0,0.0,0.0
EGY.22.9_1,2013-2016,4.0,0.0,0.0,0.0,0.0
EGY.23.1_1,2013-2016,0.0,0.0,1.0,0.0,0.0
EGY.23.7_1,2005-2008,0.0,0.0,0.0,0.0,1.0
EGY.23.7_1,2013-2016,4.0,0.0,3.0,0.0,1.0
EGY.23.8_1,2013-2016,0.0,0.0,0.0,0.0,0.0
EGY.24.1_1,2013-2016,0.0,0.0,0.0,0.0,0.0
EGY.24.3_1,2009-2012,0.0,0.0,3.0,0.0,0.0
EGY.24.5_1,2013-2016,0.0,0.0,4.0,0.0,0.0
EGY.25.10_1,2005-2008,0.0,0.0,0.0,0.0,1.0
EGY.25.10_1,2009-2012,0.0,0.0,0.0,0.0,7.0
EGY.25.10_1,2013-2016,0.0,0.0,1.0,0.0,0.0
EGY.25.10_1,2017-2020,0.0,0.0,0.0,0.0,1.0
EGY.25.13_1,2013-2016,0.0,0.0,0.0,0.0,0.0
EGY.25.1_1,2017-2020,0.0,0.0,0.0,0.0,1.0
EGY.25.6_1,2017-2020,0.0,0.0,0.0,0.0,0.0
EGY.25.7_1,1997-2000,0.0,0.0,0.0,0.0,4.0
EGY.25.7_1,2009-2012,0.0,0.0,6.0,0.0,9.0
EGY.26.10_1,2013-2016,3.0,0.0,0.0,0.0,0.0
EGY.26.10_1,2017-2020,0.0,0.0,0.0,0.0,0.0
EGY.26.11_1,1997-2000,0.0,0.0,0.0,0.0,1.0
EGY.26.11_1,2017-2020,1.0,0.0,0.0,0.0,0.0
EGY.26.11_1,2021-2024,1.0,0.0,0.0,0.0,1.0
EGY.26.1_1,2005-2008,0.0,0.0,0.0,0.0,1.0
EGY.26.1_1,2009-2012,0.0,0.0,20.0,0.0,4.0
EGY.26.1_1,2013-2016,245.0,1.0,0.0,0.0,87.0
EGY.26.1_1,2017-2020,47.0,0.0,0.0,0.0,29.0
EGY.26.1_1,2021-2024,3.0,0.0,0.0,0.0,0.0
EGY.26.2_1,2013-2016,1.0,0.0,0.0,0.0,9.0
EGY.26.2_1,2017-2020,0.0,0.0,0.0,0.0,0.0
EGY.26.4_1,2017-2020,3.0,0.0,0.0,0.0,0.0
EGY.26.5_1,2009-2012,0.0,0.0,0.0,0.0,0.0
EGY.26.5_1,2013-2016,3.0,0.0,0.0,0.0,224.0
EGY.26.5_1,2017-2020,3.0,0.0,0.0,0.0,5.0
EGY.26.6_1,2009-2012,0.0,0.0,0.0,0.0,0.0
EGY.26.6_1,2013-2016,2.0,0.0,8.0,0.0,0.0
EGY.26.6_1,2017-2020,76.0,0.0,0.0,0.0,330.0
EGY.26.6_1,2021-2024,12.0,0.0,0.0,0.0,4.0
EGY.26.7_1,2013-2016,0.0,0.0,0.0,0.0,0.0
EGY.26.7_1,2017-2020,0.0,0.0,0.0,0.0,0.0
EGY.26.8_1,2005-2008,0.0,0.0,0.0,0.0,3.0
EGY.26.8_1,2009-2012,27.0,0.0,4.0,0.0,35.0
EGY.26.8_1,2013-2016,668.0,0.0,0.0,8.0,125.0
EGY.26.8_1,2017-2020,149.0,0.0,0.0,0.0,43.0
EGY.26.8_1,2021-2024,35.0,0.0,0.0,0.0,5.0
EGY.26.9_1,2013-2016,51.0,0.0,0.0,0.0,2.0
EGY.26.9_1,2017-2020,26.0,0.0,0.0,0.0,6.0
EGY.26.9_1,2021-2024,3.0,0.0,0.0,0.0,0.0
EGY.27.14_1,1997-2000,0.0,0.0,0.0,0.0,1.0
EGY.27.14_1,2005-2008,0.0,0.0,0.0,0.0,1.0
EGY.27.14_1,2009-2012,0.0,0.0,0.0,0.0,3.0
EGY.27.14_1,2013-2016,0.0,0.0,5.0,0.0,5.0
EGY.27.15_1,2017-2020,3.0,0.0,0.0,0.0,0.0
EGY.27.16_1,2013-2016,0.0,0.0,0.0,0.0,1.0
EGY.27.17_1,2013-2016,0.0,0.0,0.0,0.0,0.0
EGY.27.6_1,1997-2000,0.0,0.0,0.0,0.0,5.0
EGY.27.8_1,2001-2004,0.0,0.0,0.0,0.0,0.0
EGY.27.8_1,2013-2016,0.0,0.0,0.0,0.0,0.0
EGY.3.13_1,2013-2016,3.0,0.0,0.0,0.0,1.0
EGY.3.15_1,2013-2016,0.0,1.0,0.0,0.0,0.0
EGY.3.15_1,2017-2020,0.0,0.0,0.0,0.0,1.0
EGY.3.1_1,2017-2020,0.0,0.0,0.0,0.0,1.0
EGY.3.3_1,2017-2020,0.0,0.0,0.0,0.0,1.0
EGY.3.7_1,2009-2012,0.0,0.0,3.0,0.0,12.0
EGY.3.7_1,2013-2016,2.0,0.0,1.0,0.0,1.0
EGY.3.8_1,2013-2016,0.0,0.0,2.0,0.0,0.0
EGY.4.1_1,2009-2012,0.0,0.0,1.0,0.0,0.0
EGY.4.1_1,2013-2016,1.0,0.0,25.0,6.0,3.0
EGY.4.1_1,2017-2020,0.0,0.0,0.0,0.0,1.0
EGY.4.3_1,2013-2016,0.0,0.0,0.0,0.0,2.0
EGY.4.3_1,2017-2020,0.0,0.0,0.0,0.0,0.0
EGY.4.4_1,2013-2016,0.0,0.0,1.0,0.0,0.0
EGY.4.4_1,2017-2020,0.0,0.0,0.0,0.0,0.0
EGY.4.5_1,2013-2016,0.0,0.0,0.0,0.0,5.0
EGY.4.5_1,2017-2020,0.0,0.0,0.0,0.0,0.0
EGY.4.6_1,2009-2012,0.0,0.0,0.0,0.0,1.0
EGY.4.6_1,2013-2016,0.0,0.0,2.0,0.0,3.0
EGY.4.6_1,2017-2020,0.0,0.0,0.0,0.0,0.0
EGY.4.7_1,1997-2000,0.0,0.0,0.0,0.0,13.0
EGY.5.11_1,2013-2016,0.0,0.0,6.0,0.0,1.0
EGY.5.11_1,2017-2020,32.0,0.0,0.0,0.0,0.0
EGY.5.2_1,2005-2008,0.0,0.0,1.0,0.0,0.0
EGY.5.2_1,2013-2016,3.0,0.0,1.0,0.0,4.0
EGY.5.4_1,2013-2016,0.0,0.0,0.0,0.0,0.0
EGY.5.6_1,1997-2000,0.0,0.0,2.0,0.0,0.0
EGY.5.6_1,2013-2016,0.0,0.0,1.0,0.0,0.0
EGY.5.8_1,2013-2016,0.0,0.0,0.0,0.0,2.0
EGY.5.9_1,2013-2016,0.0,0.0,0.0,0.0,0.0
EGY.6.10_1,2001-2004,0.0,1.0,0.0,0.0,0.0
EGY.6.10_1,2005-2008,0.0,0.0,2.0,0.0,0.0
EGY.6.10_1,2009-2012,23.0,0.0,240.0,0.0,52.0
EGY.6.10_1,2013-2016,1.0,0.0,1.0,0.0,2.0
EGY.6.11_1,2013-2016,0.0,0.0,0.0,0.0,0.0
EGY.6.11_1,2017-2020,0.0,0.0,0.0,0.0,0.0
EGY.6.15_1,2017-2020,0.0,0.0,0.0,0.0,1.0
EGY.6.17_1,2009-2012,0.0,0.0,2.0,0.0,0.0
EGY.6.17_1,2013-2016,0.0,0.0,74.0,0.0,1.0
EGY.6.17_1,2017-2020,2.0,0.0,0.0,0.0,0.0
EGY.6.1_1,2013-2016,3.0,0.0,2.0,0.0,0.0
EGY.6.1_1,2017-2020,0.0,0.0,0.0,0.0,2.0
EGY.6.3_1,2013-2016,1.0,0.0,1.0,0.0,1.0
EGY.6.3_1,2017-2020,19.0,0.0,0.0,0.0,0.0
EGY.6.6_1,2013-2016,0.0,0.0,1.0,0.0,0.0
EGY.6.7_1,2013-2016,0.0,1.0,4.0,1.0,2.0
EGY.6.9_1,2013-2016,0.0,0.0,1.0,0.0,0.0
EGY.7.1_1,2009-2012,0.0,0.0,0.0,0.0,0.0
EGY.7.1_1,2017-2020,0.0,0.0,0.0,0.0,1.0
EGY.7.2_1,2017-2020,0.0,0.0,0.0,0.0,0.0
EGY.7.7_1,2001-2004,0.0,0.0,0.0,0.0,0.0
EGY.7.7_1,2005-2008,0.0,0.0,0.0,0.0,10.0
EGY.7.7_1,2009-2012,0.0,0.0,51.0,0.0,9.0
EGY.7.7_1,2013-2016,1.0,0.0,9.0,0.0,3.0
EGY.8.10_1,2013-2016,0.0,0.0,0.0,3.0,0.0
EGY.8.11_1,2009-2012,0.0,0.0,0.0,0.0,0.0
EGY.8.11_1,2017-2020,0.0,0.0,0.0,0.0,0.0
EGY.8.12_1,2013-2016,0.0,0.0,1.0,0.0,0.0
EGY.8.12_1,2017-2020,0.0,0.0,0.0,0.0,0.0
EGY.8.13_1,1997-2000,0.0,0.0,0.0,0.0,0.0
EGY.8.13_1,2009-2012,0.0,4.0,5.0,0.0,0.0
EGY.8.13_1,2013-2016,2.0,48.0,109.0,1.0,12.0
EGY.8.13_1,2017-2020,26.0,0.0,0.0,0.0,2.0
EGY.8.14_1,2009-2012,0.0,0.0,1.0,0.0,0.0
EGY.8.14_1,2013-2016,1.0,0.0,1.0,0.0,2.0
EGY.8.15_1,2013-2016,0.0,0.0,16.0,2.0,5.0
EGY.8.15_1,2017-2020,0.0,0.0,1.0,0.0,0.0
EGY.8.18_1,2013-2016,5.0,0.0,3.0,3.0,2.0
EGY.8.18_1,2017-2020,0.0,0.0,0.0,0.0,0.0
EGY.8.19_1,2009-2012,0.0,0.0,0.0,0.0,1.0
EGY.8.19_1,2013-2016,0.0,0.0,4.0,0.0,0.0
EGY.8.19_1,2017-2020,0.0,0.0,0.0,0.0,0.0
EGY.8.1_1,2013-2016,1.0,0.0,10.0,0.0,0.0
EGY.8.2_1,2013-2016,1.0,4.0,5.0,0.0,0.0
EGY.8.3_1,2013-2016,0.0,0.0,1.0,0.0,0.0
EGY.8.3_1,2017-2020,0.0,0.0,3.0,0.0,3.0
EGY.8.4_1,2009-2012,0.0,0.0,1.0,0.0,0.0
EGY.8.4_1,2013-2016,6.0,0.0,7.0,0.0,0.0
EGY.8.4_1,2017-2020,0.0,0.0,0.0,0.0,3.0
EGY.8.5_1,2013-2016,13.0,1.0,2.0,0.0,2.0
EGY.8.5_1,2017-2020,0.0,0.0,0.0,0.0,1.0
EGY.8.6_1,2009-2012,0.0,0.0,0.0,0.0,0.0
EGY.8.6_1,2013-2016,0.0,0.0,0.0,0.0,0.0
EGY.8.6_1,2017-2020,0.0,0.0,0.0,0.0,0.0
EGY.8.7_1,2013-2016,0.0,1.0,1.0,0.0,0.0
EGY.8.9_1,2013-2016,0.0,0.0,0.0,0.0,4.0
EGY.8.9_1,2017-2020,0.0,0.0,1.0,0.0,0.0
EGY.9.4_1,2013-2016,0.0,0.0,0.0,0.0,1.0
EGY.9.6_1,2013-2016,4.0,0.0,0.0,0.0,0.0
EGY.9.7_1,2013-2016,0.0,0.0,1.0,0.0,1.0
EGY.9.8_1,2013-2016,0.0,0.0,0.0,0.0,0.0
ERI.1.1_1,1997-2000,30.0,0.0,0.0,0.0,1.0
ERI.1.1_1,2001-2004,45.0,0.0,0.0,0.0,27.0
ERI.1.1_1,2005-2008,0.0,0.0,0.0,0.0,167.0
ERI.1.1_1,2009-2012,0.0,0.0,0.0,0.0,4.0
ERI.1.1_1,2013-2016,0.0,0.0,0.0,0.0,1.0
ERI.1.1_1,2017-2020,0.0,0.0,0.0,0.0,1.0
ERI.2.2_1,1997-2000,1.0,0.0,0.0,0.0,0.0
ERI.2.2_1,2005-2008,0.0,0.0,0.0,0.0,161.0
ERI.2.3_1,2013-2016,0.0,0.0,0.0,0.0,0.0
ERI.2.4_1,2001-2004,0.0,0.0,0.0,0.0,1.0
ERI.2.6_1,1997-2000,0.0,0.0,2.0,0.0,0.0
ERI.2.6_1,2005-2008,0.0,0.0,0.0,0.0,0.0
ERI.2.7_1,2005-2008,0.0,0.0,0.0,0.0,0.0
ERI.3.4_1,1997-2000,0.0,0.0,0.0,0.0,62.0
ERI.3.4_1,2005-2008,44.0,0.0,0.0,0.0,0.0
ERI.4.10_1,1997-2000,1.0,0.0,0.0,0.0,0.0
ERI.4.12_1,2005-2008,0.0,0.0,0.0,0.0,1.0
ERI.4.12_1,2009-2012,0.0,0.0,0.0,0.0,3.0
ERI.4.13_1,1997-2000,0.0,0.0,0.0,0.0,0.0
ERI.4.13_1,2001-2004,3.0,0.0,0.0,0.0,0.0
ERI.4.2_1,1997-2000,0.0,0.0,0.0,0.0,14.0
ERI.4.2_1,2005-2008,0.0,0.0,0.0,0.0,1.0
ERI.4.3_1,2001-2004,0.0,0.0,0.0,0.0,1.0
ERI.4.4_1,1997-2000,0.0,0.0,0.0,0.0,923.0
ERI.4.6_1,1997-2000,0.0,0.0,0.0,0.0,0.0
ERI.4.6_1,2009-2012,0.0,0.0,0.0,0.0,2.0
ERI.4.8_1,1997-2000,0.0,0.0,0.0,0.0,5.0
ERI.5.11_1,1997-2000,0.0,0.0,0.0,0.0,0.0
ERI.5.11_1,2001-2004,1.0,0.0,0.0,0.0,0.0
ERI.5.11_1,2005-2008,1.0,0.0,0.0,0.0,0.0
ERI.5.1_1,1997-2000,0.0,0.0,0.0,0.0,923.0
ERI.5.2_1,1997-2000,1.0,0.0,0.0,0.0,923.0
ERI.5.2_1,2017-2020,0.0,0.0,0.0,0.0,1.0
ERI.5.3_1,2001-2004,0.0,0.0,0.0,0.0,1.0
ERI.5.4_1,1997-2000,0.0,0.0,0.0,0.0,1.0
ERI.5.4_1,2005-2008,8.0,0.0,0.0,0.0,0.0
ERI.5.8_1,2017-2020,0.0,0.0,0.0,0.0,1.0
ESH.3_1,1997-2000,0.0,0.0,2.0,0.0,0.0
ESH.3_1,2005-2008,2.0,1.0,0.0,0.0,0.0
ESH.3_1,2009-2012,0.0,1.0,12.0,0.0,1.0
ESH.3_1,2013-2016,0.0,0.0,0.0,0.0,1.0
ESH.3_1,2017-2020,0.0,0.0,1.0,0.0,0.0
ESH.4_1,2009-2012,0.0,0.0,7.0,0.0,0.0
ESH.4_1,2013-2016,0.0,0.0,0.0,0.0,1.0
ESH.4_1,2017-2020,0.0,0.0,0.0,0.0,0.0
ETH.1.1_1,1997-2000,2.0,0.0,0.0,0.0,5.0
ETH.1.1_1,2001-2004,1.0,0.0,79.0,0.0,2.0
ETH.1.1_1,2005-2008,0.0,67.0,0.0,0.0,4.0
ETH.1.1_1,2009-2012,0.0,0.0,0.0,0.0,23.0
ETH.1.1_1,2013-2016,0.0,0.0,85.0,2.0,4.0
ETH.1.1_1,2017-2020,3.0,3.0,18.0,0.0,5.0
ETH.1.1_1,2021-2024,2.0,0.0,0.0,0.0,0.0
ETH.10.10_1,2001-2004,0.0,0.0,0.0,0.0,50.0
ETH.10.10_1,2005-2008,0.0,0.0,8.0,0.0,0.0
ETH.10.10_1,2017-2020,0.0,0.0,1.0,0.0,0.0
ETH.10.11_1,2013-2016,0.0,0.0,0.0,0.0,0.0
ETH.10.12_1,1997-2000,0.0,0.0,0.0,0.0,0.0
ETH.10.12_1,2001-2004,0.0,0.0,0.0,0.0,0.0
ETH.10.12_1,2009-2012,0.0,0.0,0.0,0.0,0.0
ETH.10.12_1,2017-2020,0.0,0.0,4.0,0.0,2.0
ETH.10.14_1,2001-2004,0.0,0.0,0.0,0.0,20.0
ETH.10.15_1,1997-2000,0.0,0.0,0.0,0.0,0.0
ETH.10.16_1,2017-2020,0.0,0.0,0.0,0.0,22.0
ETH.10.17_1,2013-2016,0.0,0.0,0.0,0.0,0.0
ETH.10.18_1,2001-2004,0.0,0.0,0.0,0.0,15.0
ETH.10.18_1,2017-2020,0.0,0.0,0.0,0.0,7.0
ETH.10.19_1,1997-2000,14.0,0.0,0.0,0.0,5.0
ETH.10.19_1,2001-2004,0.0,26.0,38.0,0.0,179.0
ETH.10.19_1,2005-2008,0.0,0.0,0.0,0.0,0.0
ETH.10.19_1,2009-2012,0.0,0.0,0.0,0.0,0.0
ETH.10.19_1,2013-2016,0.0,4.0,0.0,0.0,0.0
ETH.10.19_1,2017-2020,0.0,3.0,34.0,0.0,6.0
ETH.10.20_1,2009-2012,0.0,0.0,0.0,0.0,0.0
ETH.10.20_1,2013-2016,0.0,0.0,0.0,0.0,0.0
ETH.10.21_1,2017-2020,0.0,21.0,3.0,0.0,0.0
ETH.10.5_1,2001-2004,0.0,0.0,0.0,0.0,33.0
ETH.10.5_1,2009-2012,0.0,2.0,0.0,0.0,17.0
ETH.10.5_1,2013-2016,0.0,0.0,0.0,0.0,1.0
ETH.10.5_1,2017-2020,0.0,6.0,0.0,0.0,0.0
ETH.10.6_1,2017-2020,0.0,0.0,0.0,0.0,3.0
ETH.10.6_1,2021-2024,3.0,0.0,0.0,0.0,0.0
ETH.10.7_1,2001-2004,0.0,0.0,0.0,0.0,0.0
ETH.10.8_1,1997-2000,0.0,0.0,0.0,0.0,7.0
ETH.10.8_1,2005-2008,0.0,0.0,0.0,0.0,0.0
ETH.11.1_1,1997-2000,51.0,0.0,0.0,0.0,0.0
ETH.11.1_1,2001-2004,0.0,0.0,2.0,0.0,0.0
ETH.11.1_1,2017-2020,1.0,6.0,0.0,0.0,7.0
ETH.11.1_1,2021-2024,0.0,0.0,9.0,0.0,81.0
ETH.11.2_1,2001-2004,0.0,0.0,0.0,0.0,3.0
ETH.11.2_1,2017-2020,31.0,0.0,0.0,0.0,224.0
ETH.11.2_1,2021-2024,64.0,0.0,0.0,0.0,24.0
ETH.11.3_1,1997-2000,0.0,0.0,0.0,0.0,0.0
ETH.11.3_1,2001-2004,6.0,0.0,0.0,0.0,0.0
ETH.11.3_1,2009-2012,5.0,0.0,0.0,0.0,0.0
ETH.11.3_1,2017-2020,10.0,0.0,0.0,0.0,663.0
ETH.11.3_1,2021-2024,0.0,0.0,0.0,0.0,50.0
ETH.11.4_1,1997-2000,7.0,0.0,0.0,0.0,923.0
ETH.11.4_1,2001-2004,0.0,0.0,4.0,0.0,0.0
ETH.11.4_1,2009-2012,14.0,0.0,0.0,0.0,0.0
ETH.11.4_1,2017-2020,3.0,0.0,0.0,0.0,271.0
ETH.11.4_1,2021-2024,3.0,2.0,0.0,0.0,47.0
ETH.11.5_1,1997-2000,11.0,0.0,0.0,0.0,21.0
ETH.11.5_1,2005-2008,0.0,0.0,0.0,0.0,0.0
ETH.11.5_1,2009-2012,0.0,0.0,0.0,0.0,1.0
ETH.11.5_1,2013-2016,0.0,0.0,1.0,0.0,0.0
ETH.11.5_1,2017-2020,0.0,0.0,0.0,0.0,27.0
ETH.11.5_1,2021-2024,0.0,0.0,2.0,0.0,64.0
ETH.2.1_1,2005-2008,0.0,0.0,0.0,0.0,0.0
ETH.2.1_1,2009-2012,0.0,0.0,0.0,0.0,11.0
ETH.2.1_1,2013-2016,0.0,0.0,0.0,0.0,0.0
ETH.2.1_1,2017-2020,0.0,0.0,0.0,0.0,17.0
ETH.2.2_1,2009-2012,0.0,0.0,0.0,0.0,5.0
ETH.2.2_1,2017-2020,0.0,0.0,3.0,0.0,1.0
ETH.2.2_1,2021-2024,0.0,0.0,0.0,0.0,0.0
ETH.2.3_1,2001-2004,0.0,0.0,0.0,0.0,0.0
ETH.2.3_1,2013-2016,0.0,0.0,0.0,0.0,4.0
ETH.2.3_1,2017-2020,0.0,0.0,0.0,0.0,2.0
ETH.2.3_1,2021-2024,0.0,0.0,0.0,0.0,310.0
ETH.2.4_1,2009-2012,0.0,0.0,0.0,0.0,0.0
ETH.2.4_1,2021-2024,10.0,0.0,0.0,0.0,12.0
ETH.3.10_1,1997-2000,0.0,0.0,0.0,0.0,0.0
ETH.3.10_1,2001-2004,0.0,0.0,0.0,0.0,1.0
ETH.3.10_1,2005-2008,0.0,0.0,0.0,0.0,5.0
ETH.3.10_1,2009-2012,0.0,0.0,0.0,0.0,0.0
ETH.3.10_1,2013-2016,0.0,34.0,1.0,0.0,19.0
ETH.3.10_1,2017-2020,5.0,0.0,1.0,0.0,13.0
ETH.3.10_1,2021-2024,12.0,0.0,0.0,0.0,3.0
ETH.3.11_1,2009-2012,0.0,0.0,0.0,0.0,0.0
ETH.3.11_1,2013-2016,24.0,0.0,0.0,0.0,0.0
ETH.3.11_1,2017-2020,0.0,2.0,87.0,0.0,1.0
ETH.3.11_1,2021-2024,9.0,0.0,0.0,3.0,72.0
ETH.3.12_1,1997-2000,0.0,0.0,0.0,0.0,0.0
ETH.3.12_1,2021-2024,0.0,0.0,0.0,0.0,10.0
ETH.3.1_1,2017-2020,2.0,0.0,0.0,0.0,17.0
ETH.3.4_1,2001-2004,0.0,0.0,0.0,0.0,0.0
ETH.3.4_1,2009-2012,0.0,0.0,0.0,0.0,0.0
ETH.3.4_1,2013-2016,20.0,0.0,0.0,0.0,0.0
ETH.3.4_1,2017-2020,0.0,0.0,0.0,0.0,2.0
ETH.3.4_1,2021-2024,6.0,0.0,0.0,0.0,33.0
ETH.3.5_1,2001-2004,0.0,0.0,0.0,0.0,0.0
ETH.3.5_1,2009-2012,0.0,0.0,4.0,0.0,2.0
ETH.3.5_1,2013-2016,0.0,2.0,0.0,0.0,1.0
ETH.3.5_1,2017-2020,0.0,0.0,1.0,0.0,0.0
ETH.3.5_1,2021-2024,0.0,0.0,0.0,0.0,0.0
ETH.3.6_1,2001-2004,0.0,0.0,0.0,0.0,1.0
ETH.3.6_1,2005-2008,0.0,4.0,0.0,0.0,12.0
ETH.3.6_1,2009-2012,0.0,0.0,0.0,0.0,0.0
ETH.3.6_1,2013-2016,0.0,3.0,55.0,0.0,26.0
ETH.3.6_1,2017-2020,1.0,3.0,5.0,0.0,6.0
ETH.3.6_1,2021-2024,0.0,0.0,3.0,0.0,0.0
ETH.3.7_1,2009-2012,0.0,0.0,0.0,0.0,0.0
ETH.3.7_1,2013-2016,0.0,0.0,1.0,0.0,2.0
ETH.3.8_1,2001-2004,0.0,0.0,0.0,0.0,0.0
ETH.3.8_1,2005-2008,0.0,0.0,0.0,0.0,1.0
ETH.3.8_1,2009-2012,0.0,0.0,0.0,0.0,0.0
ETH.3.8_1,2013-2016,0.0,0.0,0.0,0.0,0.0
ETH.3.8_1,2017-2020,3.0,0.0,0.0,0.0,1.0
ETH.3.8_1,2021-2024,0.0,0.0,12.0,0.0,40.0
ETH.3.9_1,2013-2016,0.0,4.0,0.0,0.0,6.0
ETH.3.9_1,2017-2020,0.0,1.0,0.0,0.0,1.0
ETH.3.9_1,2021-2024,0.0,0.0,0.0,0.0,5.0
ETH.4.1_1,2013-2016,0.0,0.0,0.0,0.0,10.0
ETH.4.1_1,2017-2020,0.0,3.0,0.0,0.0,1.0
ETH.4.1_1,2021-2024,0.0,0.0,0.0,0.0,1.0
ETH.4.2_1,2017-2020,0.0,0.0,0.0,0.0,0.0
ETH.4.2_1,2021-2024,0.0,0.0,0.0,0.0,0.0
ETH.4.3_1,2001-2004,0.0,0.0,0.0,0.0,0.0
ETH.4.3_1,2017-2020,0.0,0.0,0.0,0.0,67.0
ETH.4.3_1,2021-2024,0.0,0.0,0.0,0.0,18.0
ETH.5.1_1,1997-2000,3.0,0.0,0.0,0.0,0.0
ETH.5.1_1,2009-2012,0.0,0.0,0.0,0.0,1.0
ETH.5.1_1,2013-2016,0.0,3.0,0.0,0.0,0.0
ETH.5.1_1,2017-2020,0.0,3.0,27.0,0.0,2.0
ETH.5.1_1,2021-2024,0.0,0.0,0.0,0.0,0.0
ETH.6.1_1,1997-2000,0.0,0.0,0.0,0.0,2.0
ETH.6.1_1,2001-2004,7.0,0.0,0.0,0.0,136.0
ETH.6.1_1,2005-2008,0.0,0.0,0.0,0.0,4.0
ETH.6.1_1,2009-2012,0.0,0.0,0.0,0.0,2.0
ETH.6.1_1,2013-2016,0.0,0.0,6.0,0.0,44.0
ETH.6.1_1,2017-2020,3.0,0.0,6.0,0.0,15.0
ETH.6.1_1,2021-2024,0.0,0.0,0.0,0.0,0.0
ETH.6.3_1,2001-2004,60.0,0.0,0.0,0.0,0.0
ETH.6.3_1,2013-2016,0.0,0.0,0.0,0.0,6.0
ETH.6.3_1,2017-2020,0.0,0.0,0.0,0.0,0.0
ETH.7.1_1,1997-2000,2.0,0.0,0.0,0.0,0.0
ETH.7.1_1,2001-2004,0.0,0.0,0.0,0.0,0.0
ETH.7.1_1,2009-2012,0.0,0.0,0.0,0.0,0.0
ETH.7.1_1,2013-2016,0.0,2.0,0.0,0.0,0.0
ETH.7.1_1,2017-2020,0.0,0.0,4.0,0.0,12.0
ETH.8.10_1,2001-2004,0.0,0.0,0.0,0.0,4.0
ETH.8.10_1,2005-2008,0.0,0.0,0.0,0.0,1.0
ETH.8.10_1,2009-2012,2.0,0.0,0.0,0.0,0.0
ETH.8.10_1,2013-2016,0.0,98.0,10.0,0.0,20.0
ETH.8.10_1,2017-2020,0.0,3.0,26.0,0.0,10.0
ETH.8.10_1,2021-2024,0.0,0.0,0.0,0.0,3.0
ETH.8.11_1,2001-2004,0.0,0.0,0.0,0.0,11.0
ETH.8.11_1,2009-2012,0.0,0.0,0.0,0.0,1.0
ETH.8.11_1,2013-2016,0.0,29.0,2.0,0.0,2.0
ETH.8.11_1,2017-2020,0.0,5.0,3.0,0.0,24.0
ETH.8.11_1,2021-2024,0.0,0.0,0.0,0.0,6.0
ETH.8.12_1,1997-2000,1.0,0.0,1.0,0.0,2.0
ETH.8.12_1,2001-2004,1.0,0.0,0.0,0.0,41.0
ETH.8.12_1,2005-2008,0.0,0.0,5.0,0.0,1.0
ETH.8.12_1,2009-2012,0.0,0.0,0.0,0.0,0.0
ETH.8.12_1,2013-2016,1.0,51.0,74.0,0.0,10.0
ETH.8.12_1,2017-2020,0.0,18.0,20.0,0.0,15.0
ETH.8.12_1,2021-2024,0.0,0.0,0.0,0.0,1.0
ETH.8.13_1,2001-2004,0.0,0.0,0.0,0.0,9.0
ETH.8.13_1,2013-2016,2.0,22.0,0.0,0.0,3.0
ETH.8.13_1,2017-2020,1.0,0.0,0.0,0.0,66.0
ETH.8.13_1,2021-2024,0.0,0.0,0.0,0.0,5.0
ETH.8.14_1,1997-2000,5.0,0.0,0.0,0.0,13.0
ETH.8.14_1,2001-2004,0.0,0.0,0.0,0.0,2.0
ETH.8.14_1,2005-2008,0.0,0.0,0.0,0.0,1.0
ETH.8.14_1,2009-2012,0.0,0.0,0.0,0.0,0.0
ETH.8.14_1,2013-2016,1.0,58.0,9.0,0.0,18.0
ETH.8.14_1,2017-2020,0.0,50.0,6.0,0.0,119.0
ETH.8.14_1,2021-2024,0.0,0.0,0.0,0.0,2.0
ETH.8.15_1,2001-2004,0.0,0.0,0.0,0.0,1.0
ETH.8.15_1,2005-2008,0.0,0.0,1.0,0.0,0.0
ETH.8.15_1,2009-2012,0.0,0.0,0.0,0.0,0.0
ETH.8.15_1,2013-2016,0.0,2.0,0.0,0.0,15.0
ETH.8.15_1,2017-2020,0.0,4.0,25.0,0.0,20.0
ETH.8.16_1,1997-2000,0.0,0.0,0.0,0.0,0.0
ETH.8.16_1,2001-2004,0.0,0.0,0.0,0.0,1.0
ETH.8.16_1,2005-2008,0.0,0.0,0.0,0.0,0.0
ETH.8.16_1,2009-2012,0.0,0.0,0.0,0.0,0.0
ETH.8.16_1,2013-2016,0.0,14.0,18.0,0.0,4.0
ETH.8.16_1,2017-2020,1.0,6.0,4.0,0.0,14.0
ETH.8.16_1,2021-2024,2.0,0.0,1.0,0.0,163.0
ETH.8.17_1,1997-2000,2.0,0.0,0.0,0.0,0.0
ETH.8.17_1,2001-2004,0.0,0.0,0.0,0.0,0.0
ETH.8.17_1,2005-2008,0.0,0.0,0.0,0.0,75.0
ETH.8.17_1,2009-2012,0.0,0.0,0.0,0.0,1.0
ETH.8.17_1,2013-2016,0.0,14.0,26.0,0.0,0.0
ETH.8.17_1,2017-2020,0.0,14.0,15.0,0.0,10.0
ETH.8.1_1,2001-2004,0.0,0.0,0.0,0.0,0.0
ETH.8.1_1,2005-2008,0.0,0.0,0.0,0.0,26.0
ETH.8.1_1,2009-2012,0.0,0.0,0.0,0.0,3.0
ETH.8.1_1,2013-2016,0.0,19.0,0.0,0.0,2.0
ETH.8.1_1,2017-2020,0.0,3.0,12.0,0.0,11.0
ETH.8.2_1,1997-2000,0.0,0.0,0.0,0.0,0.0
ETH.8.2_1,2001-2004,0.0,0.0,0.0,0.0,0.0
ETH.8.2_1,2005-2008,0.0,0.0,0.0,0.0,0.0
ETH.8.2_1,2009-2012,0.0,0.0,0.0,0.0,0.0
ETH.8.2_1,2013-2016,0.0,11.0,0.0,0.0,0.0
ETH.8.2_1,2017-2020,0.0,6.0,29.0,0.0,19.0
ETH.8.2_1,2021-2024,0.0,0.0,0.0,0.0,1.0
ETH.8.3_1,1997-2000,0.0,0.0,0.0,0.0,0.0
ETH.8.3_1,2001-2004,0.0,0.0,0.0,0.0,0.0
ETH.8.3_1,2005-2008,0.0,0.0,0.0,0.0,3.0
ETH.8.3_1,2009-2012,0.0,0.0,0.0,0.0,0.0
ETH.8.3_1,2013-2016,0.0,3.0,2.0,0.0,2.0
ETH.8.3_1,2017-2020,0.0,8.0,1.0,0.0,100.0
ETH.8.3_1,2021-2024,0.0,0.0,1.0,0.0,0.0
ETH.8.4_1,2001-2004,0.0,0.0,0.0,0.0,0.0
ETH.8.4_1,2013-2016,0.0,29.0,2.0,0.0,2.0
ETH.8.4_1,2017-2020,0.0,0.0,0.0,0.0,2.0
ETH.8.5_1,2001-2004,0.0,0.0,0.0,0.0,0.0
ETH.8.5_1,2017-2020,0.0,2.0,0.0,0.0,0.0
ETH.8.5_1,2021-2024,1.0,0.0,0.0,0.0,0.0
ETH.8.6_1,2001-2004,0.0,2.0,2.0,0.0,1.0
ETH.8.6_1,2013-2016,0.0,10.0,0.0,0.0,0.0
ETH.8.6_1,2017-2020,0.0,0.0,2.0,0.0,15.0
ETH.8.6_1,2021-2024,0.0,0.0,0.0,0.0,14.0
ETH.8.7_1,2001-2004,0.0,0.0,0.0,0.0,1.0
ETH.8.7_1,2009-2012,0.0,0.0,0.0,0.0,0.0
ETH.8.7_1,2013-2016,0.0,5.0,0.0,0.0,0.0
ETH.8.7_1,2017-2020,0.0,2.0,11.0,0.0,1.0
ETH.8.8_1,2005-2008,0.0,0.0,0.0,0.0,2.0
ETH.8.8_1,2009-2012,0.0,0.0,0.0,0.0,0.0
ETH.8.8_1,2013-2016,0.0,9.0,0.0,0.0,0.0
ETH.8.8_1,2017-2020,0.0,3.0,0.0,0.0,4.0
ETH.8.9_1,2001-2004,0.0,0.0,0.0,0.0,0.0
ETH.8.9_1,2005-2008,0.0,0.0,0.0,0.0,0.0
ETH.8.9_1,2009-2012,0.0,0.0,0.0,0.0,0.0
ETH.8.9_1,2013-2016,0.0,23.0,0.0,0.0,4.0
ETH.8.9_1,2017-2020,0.0,2.0,2.0,0.0,18.0
ETH.8.9_1,2021-2024,0.0,0.0,0.0,0.0,5.0
ETH.9.1_1,1997-2000,0.0,0.0,0.0,0.0,0.0
ETH.9.1_1,2001-2004,0.0,0.0,0.0,0.0,0.0
ETH.9.1_1,2009-2012,0.0,0.0,0.0,0.0,0.0
ETH.9.1_1,2013-2016,0.0,0.0,0.0,0.0,7.0
ETH.9.1_1,2017-2020,0.0,0.0,1.0,0.0,6.0
ETH.9.1_1,2021-2024,0.0,0.0,0.0,0.0,0.0
ETH.9.2_1,1997-2000,0.0,0.0,0.0,0.0,0.0
ETH.9.2_1,2001-2004,0.0,0.0,0.0,0.0,0.0
ETH.9.2_1,2005-2008,0.0,0.0,0.0,0.0,0.0
ETH.9.2_1,2009-2012,13.0,0.0,0.0,0.0,14.0
ETH.9.2_1,2013-2016,0.0,0.0,0.0,0.0,0.0
ETH.9.3_1,2001-2004,0.0,0.0,0.0,0.0,0.0
ETH.9.3_1,2005-2008,8.0,0.0,0.0,0.0,1.0
ETH.9.3_1,2009-2012,0.0,0.0,0.0,0.0,3.0
ETH.9.3_1,2013-2016,0.0,0.0,0.0,0.0,0.0
ETH.9.3_1,2017-2020,0.0,3.0,0.0,0.0,24.0
ETH.9.4_1,1997-2000,0.0,0.0,0.0,0.0,4.0
ETH.9.4_1,2001-2004,0.0,0.0,0.0,0.0,4.0
ETH.9.4_1,2005-2008,1.0,0.0,0.0,0.0,0.0
ETH.9.4_1,2009-2012,0.0,0.0,0.0,0.0,34.0
ETH.9.4_1,2013-2016,0.0,0.0,0.0,0.0,13.0
ETH.9.4_1,2017-2020,0.0,0.0,1.0,0.0,2.0
ETH.9.5_1,1997-2000,0.0,0.0,0.0,0.0,0.0
ETH.9.5_1,2001-2004,0.0,0.0,0.0,0.0,0.0
ETH.9.5_1,2005-2008,9.0,0.0,0.0,0.0,42.0
ETH.9.5_1,2009-2012,1.0,0.0,0.0,0.0,1.0
ETH.9.5_1,2013-2016,0.0,0.0,0.0,0.0,0.0
ETH.9.5_1,2017-2020,0.0,0.0,0.0,0.0,1.0
ETH.9.5_1,2021-2024,0.0,0.0,0.0,0.0,0.0
ETH.9.6_1,1997-2000,0.0,0.0,0.0,0.0,0.0
ETH.9.6_1,2001-2004,0.0,0.0,0.0,0.0,0.0
ETH.9.6_1,2009-2012,0.0,0.0,0.0,0.0,0.0
ETH.9.6_1,2013-2016,0.0,0.0,0.0,0.0,1.0
ETH.9.6_1,2017-2020,0.0,3.0,0.0,0.0,0.0
ETH.9.7_1,2001-2004,0.0,0.0,0.0,0.0,1.0
ETH.9.7_1,2005-2008,0.0,0.0,0.0,0.0,0.0
ETH.9.7_1,2009-2012,0.0,0.0,0.0,0.0,0.0
ETH.9.7_1,2013-2016,0.0,0.0,0.0,0.0,0.0
ETH.9.8_1,1997-2000,0.0,0.0,0.0,0.0,0.0
ETH.9.8_1,2001-2004,0.0,0.0,0.0,0.0,0.0
ETH.9.8_1,2005-2008,0.0,0.0,0.0,0.0,0.0
ETH.9.8_1,2009-2012,0.0,0.0,0.0,0.0,0.0
ETH.9.8_1,2013-2016,0.0,0.0,0.0,0.0,8.0
ETH.9.8_1,2017-2020,0.0,0.0,0.0,0.0,1.0
ETH.9.9_1,1997-2000,0.0,0.0,0.0,0.0,0.0
ETH.9.9_1,2001-2004,0.0,0.0,0.0,0.0,0.0
ETH.9.9_1,2009-2012,0.0,0.0,0.0,0.0,0.0
ETH.9.9_1,2013-2016,0.0,0.0,0.0,0.0,0.0
ETH.9.9_1,2017-2020,0.0,6.0,0.0,0.0,1.0
GAB.1.2_1,1997-2000,0.0,0.0,0.0,0.0,2.0
GAB.1.2_1,2005-2008,0.0,0.0,0.0,0.0,1.0
GAB.1.2_1,2013-2016,0.0,0.0,3.0,0.0,3.0
GAB.1.2_1,2017-2020,0.0,0.0,3.0,0.0,0.0
GAB.1.2_1,2021-2024,0.0,0.0,2.0,0.0,0.0
GAB.2.4_1,2017-2020,0.0,0.0,0.0,0.0,1.0
GAB.2.6_1,1997-2000,0.0,0.0,0.0,0.0,0.0
GAB.4.4_1,2001-2004,0.0,0.0,6.0,0.0,0.0
GAB.4.5_1,2001-2004,0.0,2.0,0.0,0.0,0.0
GAB.6.4_1,2021-2024,0.0,0.0,1.0,0.0,0.0
GAB.8.1_1,2013-2016,0.0,0.0,1.0,0.0,0.0
GAB.8.1_1,2017-2020,0.0,0.0,1.0,0.0,0.0
GHA1.1_2,2017-2020,0.0,0.0,0.0,0.0,0.0
GHA1.2_2,2013-2016,0.0,0.0,2.0,0.0,0.0
GHA1.2_2,2017-2020,0.0,0.0,2.0,0.0,0.0
GHA10.1_2,2001-2004,0.0,0.0,0.0,0.0,1.0
GHA10.1_2,2017-2020,0.0,0.0,0.0,0.0,2.0
GHA10.2_2,2021-2024,0.0,0.0,0.0,0.0,0.0
GHA10.4_2,2017-2020,0.0,0.0,0.0,0.0,3.0
GHA10.6_2,2005-2008,0.0,0.0,0.0,0.0,2.0
GHA10.7_2,2017-2020,0.0,0.0,0.0,0.0,0.0
GHA11.1_2,2017-2020,0.0,0.0,0.0,0.0,0.0
GHA11.3_2,2017-2020,0.0,0.0,0.0,0.0,5.0
GHA11.4_2,2013-2016,0.0,0.0,1.0,0.0,0.0
GHA11.4_2,2017-2020,0.0,0.0,1.0,0.0,0.0
GHA12.10_2,2017-2020,0.0,0.0,0.0,0.0,0.0
GHA12.10_2,2021-2024,0.0,0.0,3.0,0.0,0.0
GHA12.11_2,2017-2020,0.0,0.0,0.0,0.0,1.0
GHA12.1_2,1997-2000,0.0,0.0,0.0,0.0,0.0
GHA12.1_2,2001-2004,0.0,0.0,0.0,0.0,0.0
GHA12.1_2,2005-2008,0.0,0.0,10.0,0.0,8.0
GHA12.1_2,2009-2012,0.0,0.0,5.0,0.0,10.0
GHA12.5_2,2013-2016,0.0,0.0,0.0,0.0,0.0
GHA12.5_2,2017-2020,0.0,0.0,2.0,0.0,0.0
GHA12.7_2,2017-2020,0.0,0.0,1.0,0.0,0.0
GHA12.8_2,2017-2020,0.0,0.0,0.0,0.0,0.0
GHA13.2_2,2013-2016,0.0,0.0,0.0,0.0,1.0
GHA13.7_2,2013-2016,0.0,0.0,0.0,0.0,0.0
GHA13.9_2,2013-2016,0.0,0.0,0.0,0.0,1.0
GHA13.9_2,2017-2020,0.0,0.0,2.0,0.0,0.0
GHA14.10_2,2009-2012,0.0,0.0,2.0,0.0,3.0
GHA14.11_2,2005-2008,0.0,0.0,0.0,0.0,5.0
GHA14.13_2,2017-2020,0.0,0.0,1.0,0.0,0.0
GHA14.18_2,2017-2020,0.0,0.0,0.0,0.0,1.0
GHA15.1_2,2001-2004,0.0,0.0,0.0,0.0,0.0
GHA15.2_2,2013-2016,0.0,0.0,0.0,0.0,1.0
GHA15.2_2,2017-2020,0.0,0.0,0.0,0.0,1.0
GHA16.4_2,1997-2000,0.0,0.0,0.0,0.0,0.0
GHA2.12_2,2021-2024,0.0,0.0,2.0,0.0,0.0
GHA2.14_2,2009-2012,0.0,0.0,0.0,0.0,1.0
GHA2.14_2,2013-2016,0.0,0.0,0.0,0.0,2.0
GHA2.14_2,2017-2020,0.0,0.0,0.0,0.0,1.0
GHA2.15_2,2017-2020,0.0,0.0,0.0,0.0,1.0
GHA2.22_2,2009-2012,0.0,0.0,0.0,0.0,0.0
GHA2.24_2,2017-2020,0.0,0.0,0.0,0.0,1.0
GHA2.26_2,2021-2024,0.0,2.0,1.0,0.0,0.0
GHA2.28_2,1997-2000,0.0,2.0,0.0,0.0,0.0
GHA2.28_2,2009-2012,0.0,0.0,0.0,0.0,0.0
GHA2.28_2,2013-2016,0.0,0.0,9.0,0.0,3.0
GHA2.28_2,2017-2020,0.0,0.0,3.0,0.0,4.0
GHA2.29_2,2017-2020,0.0,0.0,1.0,0.0,0.0
GHA2.32_2,2017-2020,0.0,0.0,0.0,0.0,0.0
GHA2.34_2,1997-2000,0.0,0.0,0.0,0.0,0.0
GHA2.34_2,2021-2024,0.0,0.0,1.0,0.0,0.0
GHA2.37_2,2013-2016,0.0,0.0,1.0,0.0,0.0
GHA2.41_2,2017-2020,0.0,0.0,0.0,0.0,0.0
GHA2.42_2,2013-2016,0.0,0.0,3.0,0.0,0.0
GHA3.1_2,2017-2020,0.0,0.0,1.0,0.0,0.0
GHA3.2_2,1997-2000,0.0,0.0,0.0,0.0,1.0
GHA3.2_2,2013-2016,0.0,0.0,0.0,0.0,0.0
GHA3.2_2,2021-2024,0.0,0.0,1.0,0.0,0.0
GHA3.6_2,2017-2020,0.0,0.0,0.0,0.0,0.0
GHA3.8_2,2013-2016,0.0,0.0,0.0,0.0,1.0
GHA3.9_2,2001-2004,0.0,0.0,0.0,0.0,2.0
GHA3.9_2,2017-2020,0.0,0.0,1.0,0.0,0.0
GHA3.9_2,2021-2024,0.0,0.0,0.0,0.0,1.0
GHA4.10_2,2017-2020,0.0,0.0,0.0,0.0,1.0
GHA4.11_2,2013-2016,0.0,0.0,0.0,0.0,0.0
GHA4.3_2,2017-2020,0.0,0.0,1.0,0.0,0.0
GHA4.6_2,2013-2016,0.0,0.0,0.0,0.0,4.0
GHA4.9_2,2017-2020,0.0,0.0,1.0,0.0,0.0
GHA5.10_2,2017-2020,0.0,0.0,1.0,0.0,1.0
GHA5.11_2,2017-2020,0.0,0.0,1.0,0.0,0.0
GHA5.18_2,2017-2020,0.0,0.0,0.0,0.0,3.0
GHA5.21_2,2013-2016,0.0,0.0,2.0,0.0,0.0
GHA5.21_2,2017-2020,0.0,0.0,0.0,0.0,0.0
GHA5.4_2,2009-2012,0.0,0.0,0.0,0.0,0.0
GHA5.7_2,2021-2024,0.0,0.0,1.0,0.0,0.0
GHA6.11_2,2017-2020,0.0,0.0,0.0,0.0,0.0
GHA6.15_2,1997-2000,0.0,0.0,0.0,0.0,0.0
GHA6.18_2,2017-2020,0.0,0.0,1.0,0.0,0.0
GHA6.20_2,2013-2016,0.0,0.0,0.0,0.0,0.0
GHA6.23_2,2017-2020,0.0,0.0,1.0,0.0,0.0
GHA6.27_2,2021-2024,0.0,0.0,0.0,0.0,1.0
GHA6.31_2,2021-2024,0.0,0.0,0.0,0.0,1.0
GHA6.32_2,2017-2020,0.0,0.0,1.0,0.0,0.0
GHA6.33_2,2017-2020,0.0,0.0,3.0,0.0,1.0
GHA6.8_2,2017-2020,0.0,0.0,1.0,0.0,0.0
GHA6.9_2,2013-2016,0.0,0.0,0.0,0.0,1.0
GHA7.15_2,2009-2012,0.0,0.0,1.0,0.0,0.0
GHA7.18_2,1997-2000,0.0,1.0,1.0,0.0,0.0
GHA7.18_2,2001-2004,0.0,0.0,0.0,0.0,127.0
GHA7.18_2,2009-2012,0.0,0.0,3.0,0.0,0.0
GHA7.18_2,2013-2016,0.0,0.0,0.0,0.0,4.0
GHA7.18_2,2017-2020,0.0,0.0,3.0,0.0,2.0
GHA7.18_2,2021-2024,0.0,0.0,1.0,0.0,0.0
GHA7.1_2,2017-2020,0.0,0.0,0.0,0.0,1.0
GHA7.24_2,2017-2020,0.0,0.0,0.0,0.0,2.0
GHA7.27_2,2001-2004,0.0,0.0,0.0,0.0,0.0
GHA7.27_2,2009-2012,0.0,0.0,1.0,0.0,0.0
GHA7.27_2,2017-2020,0.0,0.0,1.0,0.0,1.0
GHA7.28_2,2013-2016,0.0,0.0,1.0,0.0,0.0
GHA7.5_2,2013-2016,0.0,0.0,0.0,0.0,0.0
GHA7.6_2,2017-2020,0.0,0.0,0.0,0.0,0.0
GHA7.7_2,2017-2020,0.0,0.0,0.0,0.0,1.0
GHA8.1_2,2001-2004,0.0,0.0,0.0,0.0,0.0
GHA8.1_2,2009-2012,0.0,0.0,0.0,0.0,0.0
GHA8.1_2,2013-2016,0.0,0.0,0.0,0.0,2.0
GHA8.1_2,2017-2020,0.0,0.0,0.0,0.0,4.0
GHA8.2_2,2005-2008,0.0,0.0,0.0,0.0,0.0
GHA8.2_2,2013-2016,0.0,0.0,1.0,0.0,0.0
GHA8.2_2,2017-2020,0.0,0.0,0.0,0.0,0.0
GHA8.3_2,2013-2016,0.0,0.0,0.0,0.0,0.0
GHA9.12_2,1997-2000,0.0,0.0,0.0,0.0,0.0
GHA9.12_2,2001-2004,0.0,1.0,0.0,0.0,0.0
GHA9.12_2,2009-2012,0.0,0.0,0.0,0.0,1.0
GHA9.12_2,2013-2016,0.0,0.0,2.0,0.0,1.0
GHA9.12_2,2017-2020,0.0,0.0,2.0,0.0,0.0
GHA9.15_2,2001-2004,0.0,0.0,0.0,0.0,0.0
GHA9.15_2,2005-2008,0.0,0.0,0.0,0.0,0.0
GHA9.15_2,2017-2020,0.0,0.0,0.0,0.0,0.0
GHA9.1_2,2017-2020,0.0,0.0,0.0,0.0,0.0
GHA9.3_2,2013-2016,0.0,0.0,0.0,0.0,1.0
GHA9.7_2,2013-2016,0.0,0.0,0.0,0.0,0.0
GHA9.7_2,2017-2020,0.0,0.0,0.0,0.0,6.0
GHA9.9_2,2013-2016,0.0,0.0,0.0,0.0,0.0
GIN.1.1_1,1997-2000,0.0,0.0,0.0,0.0,0.0
GIN.1.2_1,1997-2000,0.0,1.0,2.0,0.0,13.0
GIN.1.2_1,2009-2012,0.0,2.0,2.0,0.0,0.0
GIN.1.2_1,2017-2020,0.0,0.0,11.0,0.0,1.0
GIN.1.2_1,2021-2024,0.0,0.0,1.0,0.0,0.0
GIN.1.3_1,1997-2000,0.0,0.0,2.0,0.0,0.0
GIN.1.4_1,2013-2016,0.0,0.0,3.0,0.0,0.0
GIN.1.4_1,2021-2024,0.0,0.0,3.0,0.0,0.0
GIN.1.5_1,2001-2004,0.0,0.0,1.0,0.0,0.0
GIN.1.5_1,2017-2020,0.0,0.0,0.0,0.0,1.0
GIN.2.1_1,1997-2000,0.0,0.0,15.0,0.0,0.0
GIN.2.1_1,2005-2008,0.0,45.0,0.0,0.0,1.0
GIN.2.1_1,2009-2012,1.0,157.0,14.0,0.0,6.0
GIN.2.1_1,2013-2016,1.0,2.0,39.0,0.0,3.0
GIN.2.1_1,2017-2020,0.0,20.0,58.0,0.0,15.0
GIN.2.1_1,2021-2024,0.0,0.0,0.0,0.0,1.0
GIN.3.1_1,2009-2012,0.0,0.0,0.0,0.0,1.0
GIN.3.2_1,2001-2004,0.0,0.0,2.0,0.0,0.0
GIN.3.2_1,2017-2020,0.0,0.0,5.0,0.0,0.0
GIN.3.2_1,2021-2024,0.0,0.0,1.0,0.0,0.0
GIN.3.3_1,1997-2000,0.0,0.0,3.0,0.0,0.0
GIN.3.3_1,2001-2004,0.0,0.0,0.0,0.0,0.0
GIN.3.3_1,2005-2008,0.0,2.0,0.0,0.0,0.0
GIN.3.3_1,2017-2020,0.0,0.0,1.0,0.0,0.0
GIN.3.4_1,1997-2000,0.0,0.0,0.0,0.0,676.0
GIN.3.4_1,2001-2004,0.0,0.0,0.0,0.0,13.0
GIN.3.4_1,2009-2012,0.0,0.0,0.0,0.0,0.0
GIN.3.4_1,2017-2020,0.0,0.0,5.0,0.0,0.0
GIN.4.1_1,2005-2008,0.0,3.0,2.0,0.0,0.0
GIN.4.1_1,2013-2016,0.0,0.0,3.0,0.0,0.0
GIN.4.1_1,2017-2020,0.0,0.0,4.0,0.0,1.0
GIN.4.1_1,2021-2024,0.0,0.0,2.0,0.0,0.0
GIN.4.2_1,2021-2024,0.0,0.0,1.0,0.0,0.0
GIN.4.3_1,2013-2016,0.0,0.0,4.0,0.0,0.0
GIN.4.3_1,2017-2020,0.0,0.0,0.0,0.0,0.0
GIN.4.3_1,2021-2024,0.0,0.0,2.0,0.0,0.0
GIN.4.4_1,2005-2008,0.0,0.0,0.0,0.0,0.0
GIN.4.4_1,2017-2020,0.0,1.0,0.0,0.0,1.0
GIN.4.5_1,1997-2000,0.0,2.0,0.0,0.0,0.0
GIN.4.5_1,2005-2008,0.0,2.0,0.0,0.0,0.0
GIN.4.5_1,2009-2012,0.0,1.0,0.0,0.0,0.0
GIN.4.5_1,2013-2016,0.0,0.0,0.0,0.0,0.0
GIN.4.5_1,2017-2020,0.0,0.0,4.0,0.0,2.0
GIN.4.5_1,2021-2024,0.0,0.0,2.0,0.0,0.0
GIN.5.1_1,2017-2020,0.0,0.0,8.0,0.0,1.0
GIN.5.3_1,1997-2000,0.0,0.0,0.0,0.0,250.0
GIN.5.4_1,1997-2000,0.0,0.0,0.0,0.0,41.0
GIN.5.4_1,2005-2008,0.0,7.0,4.0,0.0,0.0
GIN.5.4_1,2013-2016,0.0,0.0,0.0,0.0,2.0
GIN.5.4_1,2017-2020,0.0,0.0,1.0,0.0,0.0
GIN.5.4_1,2021-2024,0.0,0.0,2.0,0.0,0.0
GIN.5.5_1,2005-2008,0.0,3.0,0.0,0.0,0.0
GIN.5.5_1,2017-2020,0.0,0.0,2.0,0.0,1.0
GIN.6.2_1,2005-2008,0.0,7.0,0.0,0.0,0.0
GIN.6.2_1,2013-2016,0.0,0.0,1.0,0.0,0.0
GIN.6.2_1,2017-2020,0.0,0.0,9.0,0.0,1.0
GIN.6.3_1,2017-2020,0.0,0.0,0.0,0.0,1.0
GIN.6.4_1,2001-2004,0.0,2.0,0.0,0.0,0.0
GIN.7.1_1,2017-2020,0.0,0.0,5.0,0.0,0.0
GIN.7.2_1,1997-2000,0.0,1.0,3.0,0.0,18.0
GIN.7.2_1,2009-2012,0.0,0.0,0.0,0.0,1.0
GIN.7.2_1,2013-2016,0.0,0.0,1.0,0.0,0.0
GIN.7.2_1,2017-2020,0.0,0.0,7.0,0.0,0.0
GIN.7.2_1,2021-2024,0.0,0.0,1.0,0.0,1.0
GIN.7.3_1,2013-2016,0.0,0.0,1.0,0.0,0.0
GIN.7.3_1,2017-2020,0.0,1.0,4.0,0.0,0.0
GIN.8.1_1,2005-2008,0.0,1.0,0.0,0.0,0.0
GIN.8.1_1,2013-2016,0.0,0.0,12.0,0.0,0.0
GIN.8.2_1,1997-2000,0.0,0.0,0.0,0.0,82.0
GIN.8.2_1,2001-2004,0.0,0.0,0.0,0.0,108.0
GIN.8.2_1,2005-2008,0.0,2.0,2.0,0.0,0.0
GIN.8.2_1,2009-2012,0.0,0.0,3.0,0.0,0.0
GIN.8.2_1,2017-2020,0.0,1.0,3.0,0.0,0.0
GIN.8.3_1,1997-2000,0.0,0.0,0.0,0.0,0.0
GIN.8.3_1,2005-2008,0.0,2.0,0.0,0.0,0.0
GIN.8.3_1,2017-2020,0.0,0.0,3.0,0.0,2.0
GIN.8.4_1,1997-2000,0.0,0.0,7.0,0.0,109.0
GIN.8.4_1,2001-2004,0.0,0.0,0.0,0.0,0.0
GIN.8.4_1,2009-2012,0.0,5.0,0.0,0.0,0.0
GIN.8.4_1,2017-2020,0.0,0.0,0.0,0.0,0.0
GIN.8.4_1,2021-2024,0.0,0.0,1.0,0.0,0.0
GIN.8.5_1,2001-2004,0.0,0.0,0.0,0.0,0.0
GIN.8.5_1,2005-2008,0.0,3.0,0.0,0.0,0.0
GIN.8.5_1,2009-2012,0.0,0.0,0.0,0.0,0.0
GIN.8.5_1,2013-2016,0.0,0.0,10.0,0.0,0.0
GIN.8.5_1,2017-2020,0.0,0.0,7.0,0.0,0.0
GIN.8.5_1,2021-2024,0.0,0.0,3.0,0.0,0.0
GIN.8.6_1,1997-2000,2.0,0.0,0.0,0.0,3.0
GIN.8.6_1,2013-2016,0.0,0.0,0.0,0.0,1.0
GMB.1.1_1,1997-2000,0.0,0.0,0.0,0.0,0.0
GMB.1.1_1,2001-2004,0.0,0.0,0.0,0.0,1.0
GMB.1.1_1,2005-2008,0.0,0.0,0.0,0.0,18.0
GMB.1.1_1,2013-2016,0.0,0.0,0.0,0.0,3.0
GMB.1.1_1,2017-2020,0.0,0.0,3.0,0.0,1.0
GMB.1.2_1,1997-2000,0.0,0.0,1.0,0.0,0.0
GMB.1.2_1,2001-2004,0.0,2.0,0.0,0.0,1.0
GMB.1.2_1,2013-2016,0.0,3.0,0.0,0.0,0.0
GMB.2.3_1,2001-2004,0.0,0.0,0.0,0.0,0.0
GMB.3.2_1,1997-2000,0.0,0.0,14.0,0.0,0.0
GMB.4.4_1,2017-2020,3.0,0.0,0.0,0.0,0.0
GMB.4.5_1,2021-2024,0.0,0.0,1.0,0.0,0.0
GMB.5.4_1,1997-2000,0.0,0.0,0.0,0.0,0.0
GMB.6.1_1,2009-2012,4.0,0.0,0.0,0.0,0.0
GMB.6.2_1,1997-2000,0.0,0.0,0.0,0.0,1.0
GMB.6.2_1,2009-2012,4.0,0.0,0.0,0.0,0.0
GMB.6.2_1,2017-2020,0.0,0.0,1.0,0.0,0.0
GMB.6.4_1,2017-2020,0.0,0.0,0.0,0.0,1.0
GMB.6.6_1,2001-2004,0.0,0.0,1.0,0.0,1.0
GMB.6.7_1,2017-2020,0.0,0.0,3.0,0.0,0.0
GMB.6.8_1,2005-2008,0.0,0.0,0.0,0.0,54.0
GMB.6.9_1,1997-2000,0.0,0.0,0.0,0.0,0.0
GMB.6.9_1,2009-2012,0.0,0.0,0.0,0.0,18.0
GMB.6.9_1,2017-2020,0.0,0.0,0.0,0.0,0.0
GNB.2.2_1,1997-2000,0.0,0.0,0.0,0.0,0.0
GNB.2.2_1,2017-2020,0.0,0.0,0.0,0.0,0.0
GNB.2.3_1,1997-2000,0.0,0.0,0.0,0.0,0.0
GNB.3.1_1,1997-2000,0.0,0.0,0.0,0.0,1.0
GNB.3.1_1,2001-2004,0.0,0.0,1.0,0.0,0.0
GNB.3.1_1,2005-2008,0.0,0.0,5.0,0.0,0.0
GNB.3.1_1,2009-2012,1.0,0.0,0.0,0.0,7.0
GNB.3.1_1,2013-2016,0.0,0.0,3.0,0.0,0.0
GNB.3.1_1,2017-2020,0.0,1.0,0.0,0.0,0.0
GNB.5.1_1,1997-2000,100.0,0.0,0.0,0.0,0.0
GNB.5.3_1,2001-2004,0.0,0.0,0.0,0.0,0.0
GNB.5.6_1,1997-2000,0.0,0.0,0.0,0.0,0.0
GNB.5.6_1,2005-2008,0.0,0.0,0.0,0.0,0.0
GNB.5.6_1,2017-2020,0.0,0.0,0.0,0.0,0.0
GNB.6.4_1,1997-2000,0.0,0.0,0.0,0.0,0.0
GNB.7.1_1,2013-2016,0.0,0.0,0.0,0.0,1.0
GNB.7.2_1,1997-2000,7.0,0.0,0.0,0.0,0.0
GNB.7.3_1,1997-2000,0.0,0.0,0.0,0.0,0.0
GNB.7.4_1,1997-2000,0.0,0.0,0.0,0.0,0.0
GNB.7.4_1,2001-2004,0.0,0.0,0.0,0.0,0.0
GNB.7.5_1,2001-2004,0.0,0.0,0.0,0.0,1.0
GNB.8.3_1,2009-2012,1.0,0.0,0.0,0.0,0.0
GNQ.2.2_1,2005-2008,0.0,0.0,0.0,0.0,1.0
GNQ.2.2_1,2009-2012,0.0,0.0,0.0,0.0,1.0
GNQ.2.2_1,2017-2020,0.0,0.0,0.0,0.0,4.0
GNQ.3.1_1,1997-2000,0.0,0.0,0.0,0.0,6.0
GNQ.4.3_1,2017-2020,0.0,0.0,0.0,0.0,1.0
GNQ.6.1_1,2009-2012,0.0,0.0,0.0,0.0,7.0
GNQ.6.1_1,2017-2020,0.0,0.0,0.0,0.0,3.0
GNQ.7.6_1,2001-2004,0.0,0.0,0.0,0.0,1.0
GNQ.7.6_1,2005-2008,0.0,0.0,2.0,0.0,0.0
KEN.1.2_1,2001-2004,0.0,0.0,0.0,0.0,3.0
KEN.1.2_1,2005-2008,0.0,0.0,0.0,0.0,12.0
KEN.1.2_1,2009-2012,0.0,0.0,0.0,0.0,2.0
KEN.1.2_1,2013-2016,0.0,0.0,1.0,0.0,6.0
KEN.1.2_1,2017-2020,0.0,0.0,0.0,0.0,0.0
KEN.1.3_1,2005-2008,0.0,0.0,0.0,0.0,0.0
KEN.1.3_1,2017-2020,0.0,0.0,0.0,0.0,3.0
KEN.1.4_1,2005-2008,0.0,0.0,0.0,0.0,11.0
KEN.1.4_1,2009-2012,0.0,0.0,0.0,0.0,6.0
KEN.1.4_1,2013-2016,0.0,0.0,0.0,0.0,2.0
KEN.1.4_1,2017-2020,0.0,0.0,0.0,0.0,17.0
KEN.1.4_1,2021-2024,0.0,0.0,0.0,0.0,3.0
KEN.1.5_1,2017-2020,0.0,0.0,1.0,0.0,0.0
KEN.1.7_1,1997-2000,0.0,0.0,0.0,0.0,1.0
KEN.1.7_1,2001-2004,0.0,0.0,0.0,0.0,0.0
KEN.1.7_1,2009-2012,0.0,0.0,0.0,0.0,0.0
KEN.1.7_1,2013-2016,0.0,0.0,1.0,0.0,0.0
KEN.1.7_1,2017-2020,0.0,0.0,0.0,0.0,12.0
KEN.1.7_1,2021-2024,0.0,0.0,0.0,0.0,6.0
KEN.10.1_1,1997-2000,0.0,0.0,0.0,0.0,0.0
KEN.10.1_1,2013-2016,0.0,0.0,0.0,0.0,2.0
KEN.10.2_1,2005-2008,0.0,0.0,0.0,0.0,0.0
KEN.10.2_1,2017-2020,0.0,0.0,1.0,0.0,1.0
KEN.10.2_1,2021-2024,0.0,0.0,4.0,0.0,0.0
KEN.10.3_1,2009-2012,4.0,0.0,0.0,0.0,0.0
KEN.10.3_1,2013-2016,0.0,0.0,2.0,0.0,1.0
KEN.10.4_1,1997-2000,0.0,0.0,0.0,0.0,3.0
KEN.10.4_1,2001-2004,0.0,0.0,0.0,0.0,1.0
KEN.10.4_1,2009-2012,0.0,0.0,0.0,0.0,2.0
KEN.10.5_1,2005-2008,0.0,0.0,0.0,0.0,14.0
KEN.11.11_1,2017-2020,0.0,0.0,0.0,0.0,1.0
KEN.11.2_1,1997-2000,0.0,0.0,1.0,0.0,0.0
KEN.11.3_1,2013-2016,0.0,0.0,1.0,0.0,0.0
KEN.11.5_1,1997-2000,0.0,0.0,1.0,0.0,0.0
KEN.11.5_1,2001-2004,0.0,0.0,0.0,0.0,2.0
KEN.11.5_1,2005-2008,0.0,0.0,4.0,0.0,0.0
KEN.11.5_1,2013-2016,0.0,0.0,2.0,0.0,0.0
KEN.11.5_1,2017-2020,0.0,0.0,1.0,0.0,2.0
KEN.11.6_1,1997-2000,0.0,0.0,1.0,0.0,0.0
KEN.11.9_1,2013-2016,0.0,0.0,1.0,0.0,0.0
KEN.11.9_1,2017-2020,0.0,0.0,1.0,0.0,1.0
KEN.12.1_1,2005-2008,0.0,0.0,15.0,0.0,10.0
KEN.12.1_1,2017-2020,0.0,0.0,0.0,0.0,3.0
KEN.12.2_1,2005-2008,0.0,0.0,0.0,0.0,0.0
KEN.12.2_1,2017-2020,0.0,0.0,2.0,0.0,0.0
KEN.12.4_1,1997-2000,0.0,0.0,0.0,0.0,1.0
KEN.12.4_1,2013-2016,0.0,0.0,1.0,0.0,0.0
KEN.13.10_1,2005-2008,0.0,0.0,0.0,0.0,10.0
KEN.13.10_1,2013-2016,0.0,0.0,1.0,0.0,2.0
KEN.13.10_1,2017-2020,0.0,0.0,1.0,0.0,1.0
KEN.13.11_1,2001-2004,0.0,0.0,0.0,0.0,0.0
KEN.13.11_1,2005-2008,0.0,0.0,2.0,0.0,2.0
KEN.13.11_1,2009-2012,0.0,0.0,0.0,0.0,2.0
KEN.13.11_1,2013-2016,0.0,0.0,4.0,0.0,2.0
KEN.13.12_1,1997-2000,0.0,1.0,3.0,0.0,0.0
KEN.13.12_1,2001-2004,0.0,0.0,0.0,0.0,0.0
KEN.13.12_1,2005-2008,0.0,0.0,1.0,0.0,0.0
KEN.13.12_1,2009-2012,0.0,0.0,1.0,0.0,2.0
KEN.13.12_1,2013-2016,0.0,0.0,1.0,0.0,0.0
KEN.13.12_1,2017-2020,0.0,0.0,0.0,0.0,0.0
KEN.13.1_1,2005-2008,0.0,0.0,0.0,0.0,0.0
KEN.13.2_1,2001-2004,0.0,0.0,0.0,0.0,0.0
KEN.13.2_1,2005-2008,0.0,0.0,0.0,0.0,7.0
KEN.13.2_1,2013-2016,0.0,0.0,2.0,0.0,2.0
KEN.13.3_1,2005-2008,0.0,0.0,1.0,0.0,3.0
KEN.13.4_1,2005-2008,0.0,0.0,0.0,0.0,0.0
KEN.13.4_1,2009-2012,0.0,0.0,4.0,0.0,0.0
KEN.13.5_1,2017-2020,0.0,0.0,0.0,0.0,4.0
KEN.13.6_1,2009-2012,0.0,0.0,0.0,0.0,0.0
KEN.13.7_1,1997-2000,1.0,0.0,0.0,0.0,0.0
KEN.13.7_1,2001-2004,0.0,0.0,2.0,0.0,0.0
KEN.13.7_1,2005-2008,0.0,0.0,0.0,0.0,5.0
KEN.13.7_1,2013-2016,0.0,0.0,0.0,0.0,1.0
KEN.13.7_1,2017-2020,0.0,0.0,3.0,0.0,0.0
KEN.13.9_1,2009-2012,0.0,0.0,0.0,0.0,2.0
KEN.13.9_1,2013-2016,0.0,0.0,1.0,0.0,0.0
KEN.14.1_1,2013-2016,0.0,0.0,1.0,0.0,2.0
KEN.14.2_1,2009-2012,0.0,0.0,11.0,0.0,1.0
KEN.14.2_1,2013-2016,0.0,0.0,1.0,0.0,0.0
KEN.14.2_1,2017-2020,0.0,0.0,1.0,0.0,0.0
KEN.14.3_1,2009-2012,0.0,0.0,1.0,0.0,0.0
KEN.14.3_1,2013-2016,0.0,0.0,1.0,0.0,4.0
KEN.14.3_1,2017-2020,0.0,0.0,0.0,0.0,1.0
KEN.14.4_1,1997-2000,0.0,0.0,0.0,0.0,0.0
KEN.14.4_1,2001-2004,13.0,0.0,0.0,0.0,0.0
KEN.14.4_1,2009-2012,3.0,0.0,3.0,0.0,1.0
KEN.14.4_1,2013-2016,0.0,0.0,1.0,0.0,0.0
KEN.14.4_1,2017-2020,0.0,0.0,1.0,0.0,0.0
KEN.14.4_1,2021-2024,0.0,0.0,3.0,0.0,0.0
KEN.14.5_1,2013-2016,0.0,0.0,0.0,0.0,2.0
KEN.14.6_1,2013-2016,0.0,1.0,2.0,0.0,3.0
KEN.14.7_1,2009-2012,0.0,0.0,0.0,0.0,0.0
KEN.15.2_1,2005-2008,0.0,0.0,0.0,0.0,4.0
KEN.15.2_1,2009-2012,0.0,0.0,1.0,0.0,1.0
KEN.15.2_1,2013-2016,0.0,0.0,1.0,0.0,0.0
KEN.15.2_1,2017-2020,0.0,0.0,1.0,0.0,0.0
KEN.15.3_1,1997-2000,0.0,0.0,0.0,0.0,1.0
KEN.15.3_1,2005-2008,0.0,0.0,0.0,0.0,2.0
KEN.15.3_1,2013-2016,0.0,0.0,0.0,0.0,1.0
KEN.15.3_1,2017-2020,0.0,0.0,1.0,0.0,0.0
KEN.15.3_1,2021-2024,0.0,0.0,0.0,0.0,1.0
KEN.15.4_1,2017-2020,0.0,0.0,1.0,0.0,0.0
KEN.16.2_1,1997-2000,0.0,0.0,0.0,0.0,1.0
KEN.16.2_1,2001-2004,0.0,0.0,0.0,0.0,1.0
KEN.16.2_1,2013-2016,0.0,0.0,0.0,0.0,0.0
KEN.16.3_1,2001-2004,0.0,0.0,0.0,0.0,1.0
KEN.16.4_1,2001-2004,0.0,0.0,0.0,0.0,2.0
KEN.16.5_1,2021-2024,0.0,0.0,0.0,0.0,1.0
KEN.16.7_1,2001-2004,0.0,0.0,7.0,0.0,2.0
KEN.16.7_1,2005-2008,0.0,0.0,14.0,0.0,20.0
KEN.16.7_1,2017-2020,0.0,0.0,0.0,0.0,1.0
KEN.16.8_1,2001-2004,0.0,0.0,0.0,0.0,0.0
KEN.16.8_1,2009-2012,0.0,0.0,0.0,0.0,1.0
KEN.17.1_1,1997-2000,0.0,0.0,0.0,0.0,0.0
KEN.17.1_1,2001-2004,0.0,0.0,0.0,0.0,2.0
KEN.17.1_1,2005-2008,0.0,0.0,139.0,0.0,13.0
KEN.17.1_1,2009-2012,0.0,0.0,7.0,0.0,0.0
KEN.17.1_1,2013-2016,0.0,1.0,7.0,0.0,0.0
KEN.17.1_1,2017-2020,0.0,1.0,18.0,0.0,5.0
KEN.17.2_1,2009-2012,0.0,0.0,1.0,0.0,0.0
KEN.17.2_1,2017-2020,0.0,1.0,3.0,0.0,6.0
KEN.17.3_1,2001-2004,0.0,0.0,2.0,0.0,0.0
KEN.17.3_1,2013-2016,0.0,0.0,2.0,0.0,0.0
KEN.17.3_1,2017-2020,0.0,1.0,0.0,0.0,1.0
KEN.17.4_1,2013-2016,0.0,0.0,1.0,0.0,2.0
KEN.17.5_1,2013-2016,0.0,0.0,4.0,0.0,0.0
KEN.17.6_1,2017-2020,0.0,0.0,3.0,0.0,0.0
KEN.17.7_1,2013-2016,0.0,0.0,1.0,0.0,0.0
KEN.17.7_1,2017-2020,0.0,1.0,0.0,0.0,0.0
KEN.18.1_1,2013-2016,0.0,0.0,2.0,0.0,0.0
KEN.18.2_1,2017-2020,0.0,0.0,1.0,0.0,0.0
KEN.18.4_1,2013-2016,0.0,0.0,1.0,0.0,0.0
KEN.18.6_1,2017-2020,0.0,0.0,1.0,0.0,1.0
KEN.18.6_1,2021-2024,0.0,0.0,1.0,0.0,0.0
KEN.18.7_1,2013-2016,0.0,0.0,2.0,0.0,0.0
KEN.19.1_1,2005-2008,0.0,0.0,0.0,0.0,11.0
KEN.19.1_1,2009-2012,0.0,0.0,4.0,0.0,1.0
KEN.19.1_1,2013-2016,0.0,0.0,3.0,0.0,0.0
KEN.19.1_1,2017-2020,0.0,1.0,0.0,0.0,0.0
KEN.19.2_1,1997-2000,0.0,0.0,0.0,0.0,0.0
KEN.19.3_1,2009-2012,0.0,0.0,0.0,0.0,1.0
KEN.19.3_1,2013-2016,0.0,0.0,0.0,0.0,5.0
KEN.19.3_1,2017-2020,0.0,0.0,0.0,0.0,3.0
KEN.19.3_1,2021-2024,0.0,0.0,0.0,0.0,0.0
KEN.19.4_1,1997-2000,0.0,0.0,0.0,0.0,1.0
KEN.19.4_1,2013-2016,0.0,0.0,1.0,0.0,10.0
KEN.19.4_1,2017-2020,0.0,0.0,2.0,0.0,5.0
KEN.2.2_1,1997-2000,0.0,0.0,0.0,0.0,0.0
KEN.2.2_1,2005-2008,0.0,0.0,0.0,0.0,6.0
KEN.2.5_1,2009-2012,0.0,0.0,0.0,0.0,0.0
KEN.20.1_1,2001-2004,0.0,0.0,0.0,0.0,1.0
KEN.20.1_1,2005-2008,0.0,0.0,0.0,0.0,1.0
KEN.20.1_1,2013-2016,0.0,0.0,0.0,0.0,1.0
KEN.20.2_1,1997-2000,0.0,0.0,0.0,0.0,0.0
KEN.20.2_1,2005-2008,0.0,0.0,0.0,0.0,11.0
KEN.20.2_1,2017-2020,0.0,0.0,0.0,0.0,0.0
KEN.20.3_1,1997-2000,0.0,0.0,3.0,0.0,7.0
KEN.20.3_1,2001-2004,0.0,0.0,1.0,0.0,15.0
KEN.20.3_1,2005-2008,0.0,0.0,0.0,0.0,6.0
KEN.20.3_1,2009-2012,0.0,0.0,0.0,0.0,0.0
KEN.20.3_1,2013-2016,0.0,0.0,3.0,0.0,6.0
KEN.20.3_1,2017-2020,0.0,0.0,0.0,0.0,5.0
KEN.20.3_1,2021-2024,0.0,0.0,0.0,0.0,1.0
KEN.21.1_1,2009-2012,0.0,0.0,0.0,0.0,8.0
KEN.21.1_1,2013-2016,0.0,0.0,0.0,0.0,0.0
KEN.21.1_1,2017-2020,19.0,0.0,0.0,0.0,2.0
KEN.21.2_1,2009-2012,0.0,0.0,0.0,0.0,1.0
KEN.21.2_1,2013-2016,17.0,0.0,0.0,0.0,83.0
KEN.21.2_1,2017-2020,0.0,0.0,0.0,0.0,27.0
KEN.22.2_1,2013-2016,0.0,0.0,4.0,0.0,0.0
KEN.22.3_1,1997-2000,0.0,0.0,1.0,0.0,0.0
KEN.22.3_1,2001-2004,0.0,0.0,58.0,0.0,0.0
KEN.22.3_1,2009-2012,0.0,0.0,0.0,0.0,1.0
KEN.22.3_1,2017-2020,0.0,0.0,0.0,0.0,1.0
KEN.22.3_1,2021-2024,0.0,0.0,0.0,0.0,2.0
KEN.22.6_1,2005-2008,0.0,0.0,0.0,0.0,5.0
KEN.22.6_1,2017-2020,0.0,0.0,2.0,0.0,0.0
KEN.22.6_1,2021-2024,0.0,0.0,0.0,0.0,1.0
KEN.22.7_1,2013-2016,0.0,0.0,2.0,0.0,15.0
KEN.22.9_1,2017-2020,0.0,0.0,2.0,0.0,0.0
KEN.23.3_1,2001-2004,0.0,0.0,0.0,0.0,10.0
KEN.23.3_1,2017-2020,0.0,0.0,1.0,0.0,1.0
KEN.23.4_1,2013-2016,0.0,0.0,0.0,0.0,0.0
KEN.23.4_1,2017-2020,0.0,0.0,0.0,0.0,1.0
KEN.23.5_1,2017-2020,0.0,0.0,0.0,0.0,1.0
KEN.24.1_1,2009-2012,0.0,0.0,0.0,0.0,10.0
KEN.24.1_1,2013-2016,16.0,0.0,0.0,0.0,19.0
KEN.24.1_1,2017-2020,5.0,0.0,0.0,0.0,7.0
KEN.24.2_1,2005-2008,0.0,0.0,0.0,0.0,7.0
KEN.24.2_1,2017-2020,2.0,0.0,0.0,0.0,7.0
KEN.24.3_1,2001-2004,1.0,0.0,0.0,0.0,0.0
KEN.24.3_1,2005-2008,0.0,0.0,0.0,0.0,7.0
KEN.24.3_1,2009-2012,10.0,0.0,1.0,0.0,4.0
KEN.24.3_1,2013-2016,80.0,0.0,0.0,0.0,61.0
KEN.24.3_1,2017-2020,5.0,0.0,0.0,0.0,11.0
KEN.24.3_1,2021-2024,3.0,0.0,0.0,0.0,4.0
KEN.24.4_1,2001-2004,0.0,0.0,0.0,0.0,72.0
KEN.24.4_1,2005-2008,0.0,0.0,0.0,0.0,26.0
KEN.24.4_1,2009-2012,0.0,0.0,0.0,0.0,14.0
KEN.24.4_1,2013-2016,0.0,0.0,0.0,0.0,2.0
KEN.24.5_1,2005-2008,0.0,0.0,0.0,0.0,22.0
KEN.24.5_1,2009-2012,0.0,0.0,0.0,0.0,4.0
KEN.24.5_1,2013-2016,0.0,0.0,0.0,0.0,0.0
KEN.24.5_1,2017-2020,14.0,0.0,3.0,0.0,10.0
KEN.24.6_1,1997-2000,0.0,0.0,0.0,0.0,41.0
KEN.24.6_1,2009-2012,0.0,0.0,0.0,0.0,0.0
KEN.24.6_1,2013-2016,0.0,0.0,0.0,0.0,2.0
KEN.24.6_1,2021-2024,2.0,0.0,0.0,0.0,0.0
KEN.25.1_1,1997-2000,0.0,0.0,0.0,0.0,0.0
KEN.25.1_1,2001-2004,0.0,0.0,0.0,0.0,3.0
KEN.25.1_1,2005-2008,0.0,0.0,0.0,0.0,2.0
KEN.25.1_1,2009-2012,0.0,0.0,0.0,0.0,0.0
KEN.25.1_1,2013-2016,0.0,0.0,0.0,0.0,5.0
KEN.25.2_1,1997-2000,0.0,0.0,0.0,0.0,1.0
KEN.25.2_1,2001-2004,0.0,0.0,0.0,0.0,15.0
KEN.25.2_1,2005-2008,0.0,0.0,0.0,0.0,3.0
KEN.25.2_1,2009-2012,0.0,1.0,0.0,0.0,0.0
KEN.25.2_1,2013-2016,0.0,0.0,1.0,0.0,4.0
KEN.25.2_1,2017-2020,0.0,0.0,0.0,0.0,6.0
KEN.25.2_1,2021-2024,0.0,0.0,0.0,0.0,0.0
KEN.25.3_1,1997-2000,0.0,0.0,0.0,0.0,94.0
KEN.25.3_1,2005-2008,0.0,0.0,0.0,0.0,47.0
KEN.25.3_1,2013-2016,0.0,0.0,0.0,0.0,0.0
KEN.25.3_1,2017-2020,0.0,0.0,0.0,0.0,23.0
KEN.25.3_1,2021-2024,0.0,0.0,0.0,0.0,1.0
KEN.25.4_1,2001-2004,2.0,0.0,0.0,0.0,0.0
KEN.25.4_1,2013-2016,0.0,0.0,0.0,0.0,2.0
KEN.25.4_1,2017-2020,0.0,0.0,3.0,0.0,6.0
KEN.25.4_1,2021-2024,0.0,0.0,0.0,0.0,5.0
KEN.26.1_1,2013-2016,0.0,0.0,0.0,0.0,0.0
KEN.26.2_1,2013-2016,0.0,0.0,1.0,0.0,0.0
KEN.26.2_1,2021-2024,0.0,0.0,1.0,0.0,0.0
KEN.26.3_1,2009-2012,0.0,0.0,0.0,0.0,1.0
KEN.26.3_1,2017-2020,0.0,0.0,1.0,0.0,0.0
KEN.26.6_1,2013-2016,0.0,0.0,2.0,0.0,2.0
KEN.26.6_1,2017-2020,0.0,0.0,3.0,0.0,1.0
KEN.26.6_1,2021-2024,0.0,0.0,1.0,0.0,0.0
KEN.26.7_1,2013-2016,0.0,0.0,3.0,0.0,0.0
KEN.26.8_1,2005-2008,0.0,0.0,0.0,0.0,21.0
KEN.26.8_1,2013-2016,0.0,0.0,0.0,0.0,0.0
KEN.26.8_1,2017-2020,0.0,0.0,0.0,0.0,1.0
KEN.26.9_1,1997-2000,0.0,0.0,0.0,0.0,0.0
KEN.26.9_1,2001-2004,0.0,0.0,0.0,0.0,1.0
KEN.26.9_1,2005-2008,0.0,0.0,0.0,0.0,0.0
KEN.26.9_1,2013-2016,0.0,0.0,0.0,0.0,1.0
KEN.26.9_1,2017-2020,0.0,0.0,2.0,0.0,1.0
KEN.27.1_1,1997-2000,0.0,0.0,0.0,0.0,0.0
KEN.27.1_1,2005-2008,0.0,0.0,1.0,0.0,0.0
KEN.27.1_1,2013-2016,0.0,0.0,1.0,0.0,0.0
KEN.27.2_1,2005-2008,0.0,0.0,0.0,0.0,1.0
KEN.27.2_1,2013-2016,0.0,0.0,0.0,0.0,1.0
KEN.27.3_1,2009-2012,0.0,0.0,2.0,0.0,0.0
KEN.27.3_1,2013-2016,0.0,0.0,0.0,0.0,3.0
KEN.27.5_1,2001-2004,0.0,0.0,0.0,0.0,1.0
KEN.27.5_1,2013-2016,0.0,0.0,1.0,0.0,0.0
KEN.27.7_1,1997-2000,0.0,0.0,0.0,0.0,0.0
KEN.27.7_1,2001-2004,0.0,0.0,0.0,0.0,1.0
KEN.27.7_1,2005-2008,0.0,0.0,9.0,0.0,0.0
KEN.27.7_1,2009-2012,0.0,0.0,1.0,0.0,1.0
KEN.27.7_1,2013-2016,0.0,0.0,2.0,0.0,0.0
KEN.27.7_1,2017-2020,0.0,0.0,12.0,0.0,2.0
KEN.27.8_1,2013-2016,0.0,0.0,1.0,0.0,0.0
KEN.28.2_1,2001-2004,0.0,0.0,0.0,0.0,1.0
KEN.28.2_1,2005-2008,0.0,0.0,0.0,0.0,6.0
KEN.28.2_1,2013-2016,0.0,0.0,0.0,0.0,0.0
KEN.28.3_1,2009-2012,0.0,0.0,0.0,0.0,1.0
KEN.28.3_1,2013-2016,0.0,0.0,4.0,0.0,0.0
KEN.28.3_1,2017-2020,0.0,0.0,6.0,0.0,3.0
KEN.28.4_1,1997-2000,0.0,0.0,0.0,0.0,10.0
KEN.28.4_1,2005-2008,0.0,0.0,0.0,0.0,4.0
KEN.28.4_1,2009-2012,0.0,0.0,0.0,0.0,1.0
KEN.28.4_1,2013-2016,0.0,0.0,0.0,0.0,10.0
KEN.28.4_1,2017-2020,0.0,0.0,6.0,0.0,3.0
KEN.28.5_1,1997-2000,0.0,0.0,0.0,0.0,40.0
KEN.28.5_1,2001-2004,15.0,0.0,3.0,0.0,0.0
KEN.28.5_1,2005-2008,0.0,1.0,10.0,0.0,6.0
KEN.28.5_1,2009-2012,5.0,0.0,2.0,0.0,1.0
KEN.28.5_1,2013-2016,4.0,0.0,5.0,0.0,14.0
KEN.28.5_1,2017-2020,0.0,0.0,3.0,0.0,7.0
KEN.28.6_1,1997-2000,0.0,0.0,0.0,0.0,1.0
KEN.28.6_1,2009-2012,1.0,0.0,0.0,0.0,0.0
KEN.28.6_1,2013-2016,0.0,0.0,3.0,0.0,6.0
KEN.28.6_1,2017-2020,0.0,0.0,0.0,0.0,1.0
KEN.28.6_1,2021-2024,0.0,0.0,1.0,0.0,0.0
KEN.29.1_1,2005-2008,0.0,0.0,0.0,0.0,0.0
KEN.29.1_1,2013-2016,0.0,0.0,0.0,0.0,2.0
KEN.29.2_1,2005-2008,0.0,0.0,0.0,0.0,0.0
KEN.29.2_1,2017-2020,0.0,0.0,0.0,0.0,1.0
KEN.29.3_1,2013-2016,0.0,0.0,2.0,0.0,0.0
KEN.29.4_1,2005-2008,0.0,0.0,0.0,0.0,2.0
KEN.29.4_1,2017-2020,0.0,0.0,0.0,0.0,1.0
KEN.29.5_1,2001-2004,0.0,0.0,0.0,0.0,3.0
KEN.29.5_1,2005-2008,0.0,0.0,0.0,0.0,0.0
KEN.29.5_1,2013-2016,0.0,0.0,3.0,0.0,1.0
KEN.29.5_1,2017-2020,0.0,0.0,3.0,0.0,0.0
KEN.29.6_1,2001-2004,0.0,0.0,0.0,0.0,1.0
KEN.29.6_1,2013-2016,0.0,0.0,0.0,0.0,1.0
KEN.29.6_1,2017-2020,0.0,0.0,2.0,0.0,0.0
KEN.29.7_1,2005-2008,0.0,0.0,2.0,0.0,0.0
KEN.3.10_1,2013-2016,0.0,0.0,0.0,0.0,1.0
KEN.3.11_1,2013-2016,0.0,0.0,1.0,0.0,0.0
KEN.3.2_1,2013-2016,0.0,0.0,1.0,0.0,0.0
KEN.3.2_1,2017-2020,0.0,0.0,1.0,0.0,1.0
KEN.3.3_1,2001-2004,0.0,0.0,0.0,0.0,0.0
KEN.3.3_1,2009-2012,0.0,0.0,0.0,0.0,1.0
KEN.3.3_1,2013-2016,0.0,0.0,0.0,0.0,7.0
KEN.3.3_1,2017-2020,0.0,0.0,4.0,0.0,0.0
KEN.3.5_1,2017-2020,0.0,0.0,1.0,0.0,1.0
KEN.3.6_1,2013-2016,0.0,0.0,1.0,0.0,0.0
KEN.3.7_1,2005-2008,0.0,0.0,0.0,0.0,13.0
KEN.3.7_1,2017-2020,0.0,0.0,3.0,0.0,1.0
KEN.3.9_1,2017-2020,0.0,1.0,1.0,0.0,0.0
KEN.30.10_1,1997-2000,0.0,0.0,0.0,0.0,4.0
KEN.30.10_1,2001-2004,0.0,0.0,8.0,0.0,23.0
KEN.30.10_1,2005-2008,0.0,0.0,6.0,0.0,21.0
KEN.30.10_1,2009-2012,0.0,0.0,3.0,0.0,0.0
KEN.30.10_1,2013-2016,0.0,0.0,1.0,0.0,0.0
KEN.30.10_1,2017-2020,0.0,0.0,6.0,0.0,3.0
KEN.30.11_1,2009-2012,0.0,0.0,4.0,0.0,0.0
KEN.30.12_1,2001-2004,0.0,0.0,0.0,0.0,2.0
KEN.30.12_1,2005-2008,0.0,0.0,0.0,0.0,0.0
KEN.30.12_1,2013-2016,0.0,0.0,1.0,0.0,0.0
KEN.30.13_1,2001-2004,0.0,0.0,0.0,0.0,8.0
KEN.30.13_1,2005-2008,0.0,0.0,3.0,0.0,9.0
KEN.30.13_1,2013-2016,0.0,0.0,1.0,0.0,0.0
KEN.30.13_1,2017-2020,0.0,0.0,9.0,0.0,7.0
KEN.30.15_1,1997-2000,0.0,0.0,1.0,0.0,2.0
KEN.30.15_1,2001-2004,0.0,0.0,0.0,0.0,20.0
KEN.30.15_1,2005-2008,0.0,0.0,15.0,0.0,9.0
KEN.30.15_1,2013-2016,0.0,0.0,0.0,0.0,1.0
KEN.30.15_1,2017-2020,0.0,3.0,8.0,0.0,18.0
KEN.30.16_1,1997-2000,213.0,11.0,17.0,0.0,14.0
KEN.30.16_1,2001-2004,0.0,3.0,1.0,0.0,13.0
KEN.30.16_1,2005-2008,2.0,0.0,56.0,0.0,18.0
KEN.30.16_1,2009-2012,20.0,1.0,11.0,0.0,19.0
KEN.30.16_1,2013-2016,13.0,1.0,15.0,1.0,11.0
KEN.30.16_1,2017-2020,0.0,4.0,29.0,0.0,11.0
KEN.30.16_1,2021-2024,0.0,0.0,0.0,0.0,1.0
KEN.30.17_1,1997-2000,0.0,0.0,0.0,0.0,1.0
KEN.30.17_1,2001-2004,0.0,0.0,0.0,0.0,0.0
KEN.30.17_1,2005-2008,0.0,0.0,0.0,0.0,3.0
KEN.30.17_1,2009-2012,0.0,0.0,0.0,0.0,0.0
KEN.30.17_1,2013-2016,0.0,0.0,1.0,0.0,61.0
KEN.30.17_1,2017-2020,0.0,0.0,0.0,0.0,20.0
KEN.30.1_1,1997-2000,0.0,0.0,0.0,0.0,0.0
KEN.30.1_1,2001-2004,0.0,0.0,0.0,0.0,5.0
KEN.30.1_1,2009-2012,6.0,0.0,0.0,0.0,1.0
KEN.30.2_1,2005-2008,0.0,0.0,1.0,0.0,0.0
KEN.30.2_1,2017-2020,0.0,0.0,9.0,0.0,1.0
KEN.30.3_1,1997-2000,0.0,0.0,1.0,0.0,0.0
KEN.30.3_1,2009-2012,0.0,0.0,0.0,0.0,0.0
KEN.30.3_1,2013-2016,0.0,0.0,3.0,0.0,0.0
KEN.30.3_1,2017-2020,0.0,0.0,1.0,0.0,0.0
KEN.30.3_1,2021-2024,0.0,0.0,0.0,0.0,1.0
KEN.30.4_1,2001-2004,0.0,0.0,1.0,0.0,0.0
KEN.30.4_1,2005-2008,0.0,0.0,0.0,0.0,2.0
KEN.30.4_1,2017-2020,0.0,0.0,3.0,0.0,2.0
KEN.30.5_1,2001-2004,0.0,0.0,3.0,0.0,1.0
KEN.30.5_1,2005-2008,0.0,0.0,0.0,0.0,0.0
KEN.30.5_1,2009-2012,0.0,0.0,0.0,0.0,1.0
KEN.30.5_1,2013-2016,0.0,0.0,4.0,0.0,0.0
KEN.30.5_1,2017-2020,0.0,0.0,4.0,0.0,9.0
KEN.30.8_1,2001-2004,0.0,0.0,0.0,0.0,2.0
KEN.30.8_1,2009-2012,18.0,0.0,0.0,0.0,0.0
KEN.30.8_1,2013-2016,17.0,0.0,1.0,0.0,2.0
KEN.30.8_1,2017-2020,0.0,0.0,2.0,0.0,1.0
KEN.30.9_1,1997-2000,0.0,0.0,0.0,0.0,1.0
KEN.30.9_1,2001-2004,0.0,0.0,0.0,0.0,0.0
KEN.30.9_1,2005-2008,0.0,0.0,0.0,0.0,0.0
KEN.30.9_1,2017-2020,0.0,0.0,2.0,0.0,1.0
KEN.31.10_1,2005-2008,0.0,0.0,0.0,0.0,5.0
KEN.31.1_1,1997-2000,0.0,0.0,3.0,0.0,6.0
KEN.31.1_1,2001-2004,0.0,0.0,0.0,0.0,4.0
KEN.31.1_1,2005-2008,0.0,0.0,12.0,0.0,57.0
KEN.31.1_1,2009-2012,0.0,0.0,1.0,0.0,0.0
KEN.31.1_1,2013-2016,0.0,0.0,0.0,0.0,0.0
KEN.31.1_1,2017-2020,0.0,0.0,2.0,0.0,1.0
KEN.31.1_1,2021-2024,0.0,0.0,0.0,0.0,0.0
KEN.31.2_1,2017-2020,0.0,0.0,0.0,0.0,0.0
KEN.31.3_1,2001-2004,0.0,0.0,0.0,0.0,1.0
KEN.31.3_1,2005-2008,0.0,0.0,0.0,0.0,0.0
KEN.31.4_1,2001-2004,0.0,0.0,0.0,0.0,0.0
KEN.31.4_1,2021-2024,0.0,1.0,0.0,0.0,0.0
KEN.31.5_1,2005-2008,0.0,0.0,34.0,0.0,3.0
KEN.31.5_1,2013-2016,0.0,0.0,1.0,0.0,0.0
KEN.31.5_1,2017-2020,0.0,0.0,1.0,0.0,1.0
KEN.31.6_1,2005-2008,0.0,0.0,0.0,0.0,42.0
KEN.31.6_1,2009-2012,0.0,0.0,2.0,0.0,0.0
KEN.31.6_1,2013-2016,0.0,0.0,0.0,0.0,1.0
KEN.31.6_1,2017-2020,0.0,0.0,4.0,0.0,3.0
KEN.31.6_1,2021-2024,0.0,0.0,2.0,0.0,0.0
KEN.31.7_1,2001-2004,0.0,0.0,0.0,0.0,2.0
KEN.31.7_1,2013-2016,0.0,0.0,0.0,0.0,1.0
KEN.31.9_1,1997-2000,0.0,0.0,0.0,0.0,4.0
KEN.31.9_1,2001-2004,0.0,0.0,0.0,0.0,1.0
KEN.31.9_1,2009-2012,0.0,0.0,0.0,0.0,2.0
KEN.31.9_1,2013-2016,0.0,0.0,2.0,0.0,0.0
KEN.31.9_1,2017-2020,0.0,0.0,0.0,0.0,0.0
KEN.31.9_1,2021-2024,0.0,0.0,0.0,0.0,1.0
KEN.32.1_1,2013-2016,0.0,0.0,1.0,0.0,0.0
KEN.33.1_1,2013-2016,0.0,0.0,0.0,0.0,1.0
KEN.33.2_1,1997-2000,0.0,0.0,0.0,0.0,1.0
KEN.33.2_1,2001-2004,0.0,0.0,0.0,0.0,0.0
KEN.33.2_1,2013-2016,0.0,0.0,1.0,0.0,0.0
KEN.33.2_1,2017-2020,0.0,0.0,0.0,0.0,0.0
KEN.33.2_1,2021-2024,0.0,0.0,0.0,0.0,0.0
KEN.33.3_1,2013-2016,0.0,0.0,0.0,0.0,0.0
KEN.33.4_1,2005-2008,0.0,0.0,2.0,0.0,0.0
KEN.33.4_1,2013-2016,0.0,0.0,3.0,0.0,0.0
KEN.33.4_1,2017-2020,0.0,0.0,0.0,0.0,0.0
KEN.33.5_1,2005-2008,0.0,0.0,0.0,0.0,2.0
KEN.33.5_1,2009-2012,0.0,0.0,0.0,0.0,0.0
KEN.33.5_1,2017-2020,0.0,0.0,0.0,0.0,0.0
KEN.33.6_1,2013-2016,0.0,0.0,0.0,0.0,5.0
KEN.33.6_1,2017-2020,0.0,0.0,0.0,0.0,1.0
KEN.34.1_1,2005-2008,0.0,0.0,0.0,0.0,0.0
KEN.34.2_1,2005-2008,0.0,0.0,0.0,0.0,3.0
KEN.34.3_1,2005-2008,0.0,0.0,0.0,0.0,8.0
KEN.34.4_1,2001-2004,0.0,0.0,2.0,0.0,1.0
KEN.34.4_1,2005-2008,0.0,0.0,12.0,0.0,0.0
KEN.34.4_1,2009-2012,0.0,0.0,0.0,0.0,1.0
KEN.34.4_1,2017-2020,0.0,0.0,0.0,0.0,1.0
KEN.35.1_1,2005-2008,0.0,0.0,0.0,0.0,8.0
KEN.35.1_1,2013-2016,0.0,0.0,1.0,0.0,0.0
KEN.35.1_1,2017-2020,0.0,1.0,3.0,0.0,1.0
KEN.35.3_1,2017-2020,0.0,0.0,0.0,0.0,0.0
KEN.35.5_1,2013-2016,0.0,0.0,1.0,0.0,0.0
KEN.36.1_1,1997-2000,0.0,0.0,0.0,0.0,100.0
KEN.36.1_1,2005-2008,0.0,0.0,0.0,0.0,3.0
KEN.36.1_1,2009-2012,0.0,0.0,0.0,0.0,0.0
KEN.36.1_1,2013-2016,0.0,0.0,0.0,0.0,3.0
KEN.36.2_1,1997-2000,0.0,0.0,0.0,0.0,2.0
KEN.36.2_1,2009-2012,0.0,0.0,3.0,0.0,0.0
KEN.36.2_1,2021-2024,0.0,0.0,2.0,0.0,0.0
KEN.36.3_1,2013-2016,0.0,0.0,2.0,0.0,0.0
KEN.36.4_1,1997-2000,0.0,0.0,0.0,0.0,6.0
KEN.36.4_1,2001-2004,0.0,0.0,2.0,0.0,0.0
KEN.36.4_1,2005-2008,0.0,0.0,0.0,0.0,2.0
KEN.36.4_1,2009-2012,0.0,0.0,0.0,0.0,1.0
KEN.36.4_1,2013-2016,0.0,0.0,2.0,0.0,1.0
KEN.36.4_1,2017-2020,0.0,0.0,3.0,0.0,0.0
KEN.36.5_1,1997-2000,0.0,0.0,0.0,0.0,30.0
KEN.36.5_1,2001-2004,0.0,0.0,0.0,0.0,11.0
KEN.36.5_1,2017-2020,0.0,0.0,0.0,0.0,1.0
KEN.37.1_1,2001-2004,0.0,0.0,0.0,0.0,0.0
KEN.37.1_1,2005-2008,0.0,0.0,1.0,0.0,0.0
KEN.37.1_1,2009-2012,0.0,0.0,0.0,0.0,2.0
KEN.37.1_1,2017-2020,0.0,0.0,0.0,0.0,0.0
KEN.37.2_1,1997-2000,0.0,0.0,0.0,0.0,12.0
KEN.37.2_1,2001-2004,0.0,0.0,0.0,0.0,15.0
KEN.37.2_1,2005-2008,0.0,0.0,0.0,0.0,5.0
KEN.37.2_1,2009-2012,0.0,0.0,0.0,0.0,13.0
KEN.37.2_1,2013-2016,0.0,0.0,0.0,0.0,0.0
KEN.37.2_1,2017-2020,0.0,0.0,0.0,0.0,23.0
KEN.37.2_1,2021-2024,0.0,0.0,0.0,0.0,2.0
KEN.37.3_1,2001-2004,0.0,0.0,0.0,0.0,2.0
KEN.37.3_1,2005-2008,0.0,0.0,0.0,0.0,6.0
KEN.37.3_1,2013-2016,0.0,0.0,1.0,0.0,0.0
KEN.38.1_1,1997-2000,0.0,0.0,0.0,0.0,1.0
KEN.38.1_1,2005-2008,0.0,0.0,0.0,0.0,6.0
KEN.38.1_1,2009-2012,0.0,0.0,0.0,0.0,0.0
KEN.38.1_1,2013-2016,0.0,0.0,2.0,0.0,0.0
KEN.38.1_1,2017-2020,0.0,1.0,2.0,0.0,0.0
KEN.38.4_1,2013-2016,0.0,0.0,1.0,0.0,0.0
KEN.38.5_1,2013-2016,0.0,0.0,4.0,0.0,0.0
KEN.38.5_1,2017-2020,0.0,0.0,6.0,0.0,1.0
KEN.38.6_1,2005-2008,0.0,0.0,0.0,0.0,1.0
KEN.38.6_1,2009-2012,0.0,0.0,0.0,0.0,0.0
KEN.39.1_1,2013-2016,0.0,0.0,1.0,0.0,0.0
KEN.39.2_1,2001-2004,0.0,0.0,1.0,0.0,0.0
KEN.39.2_1,2005-2008,0.0,0.0,0.0,0.0,1.0
KEN.39.2_1,2013-2016,0.0,0.0,0.0,0.0,1.0
KEN.39.3_1,2017-2020,0.0,0.0,2.0,0.0,3.0
KEN.4.1_1,2001-2004,0.0,0.0,0.0,0.0,0.0
KEN.4.1_1,2017-2020,0.0,0.0,0.0,0.0,1.0
KEN.4.2_1,2005-2008,0.0,0.0,0.0,0.0,1.0
KEN.4.2_1,2013-2016,0.0,0.0,1.0,0.0,2.0
KEN.4.2_1,2017-2020,0.0,0.0,6.0,0.0,0.0
KEN.4.3_1,2017-2020,0.0,0.0,1.0,0.0,0.0
KEN.4.4_1,2005-2008,0.0,0.0,3.0,0.0,30.0
KEN.4.4_1,2009-2012,0.0,0.0,0.0,0.0,3.0
KEN.4.4_1,2017-2020,0.0,0.0,2.0,0.0,0.0
KEN.4.5_1,2013-2016,0.0,0.0,2.0,0.0,0.0
KEN.4.6_1,2017-2020,0.0,0.0,0.0,0.0,1.0
KEN.4.7_1,2013-2016,0.0,0.0,1.0,0.0,3.0
KEN.40.1_1,1997-2000,0.0,0.0,0.0,0.0,0.0
KEN.40.1_1,2009-2012,0.0,0.0,0.0,0.0,3.0
KEN.40.2_1,2001-2004,0.0,0.0,0.0,0.0,0.0
KEN.40.2_1,2005-2008,0.0,0.0,0.0,0.0,0.0
KEN.40.2_1,2013-2016,0.0,0.0,1.0,0.0,0.0
KEN.40.2_1,2017-2020,0.0,0.0,0.0,0.0,1.0
KEN.40.3_1,2001-2004,0.0,0.0,0.0,0.0,1.0
KEN.40.3_1,2005-2008,0.0,0.0,0.0,0.0,9.0
KEN.40.3_1,2009-2012,0.0,0.0,0.0,0.0,138.0
KEN.40.3_1,2013-2016,0.0,0.0,0.0,0.0,21.0
KEN.41.1_1,2013-2016,0.0,0.0,10.0,0.0,0.0
KEN.41.2_1,2017-2020,0.0,0.0,1.0,0.0,0.0
KEN.42.1_1,2005-2008,0.0,0.0,0.0,0.0,2.0
KEN.42.1_1,2009-2012,0.0,0.0,1.0,0.0,0.0
KEN.42.2_1,1997-2000,0.0,0.0,0.0,0.0,1.0
KEN.42.2_1,2001-2004,0.0,0.0,0.0,0.0,0.0
KEN.42.2_1,2005-2008,0.0,0.0,0.0,0.0,7.0
KEN.42.3_1,2013-2016,0.0,0.0,3.0,0.0,0.0
KEN.42.4_1,2001-2004,0.0,0.0,0.0,0.0,1.0
KEN.42.4_1,2005-2008,0.0,0.0,0.0,0.0,0.0
KEN.42.4_1,2017-2020,0.0,0.0,5.0,0.0,0.0
KEN.42.5_1,1997-2000,0.0,0.0,1.0,0.0,0.0
KEN.42.5_1,2005-2008,0.0,0.0,0.0,0.0,0.0
KEN.42.5_1,2013-2016,0.0,0.0,0.0,0.0,1.0
KEN.43.1_1,2001-2004,0.0,0.0,0.0,0.0,6.0
KEN.43.1_1,2005-2008,0.0,0.0,0.0,0.0,0.0
KEN.43.1_1,2009-2012,0.0,0.0,0.0,0.0,6.0
KEN.43.2_1,1997-2000,0.0,0.0,0.0,0.0,0.0
KEN.43.2_1,2001-2004,0.0,0.0,0.0,0.0,57.0
KEN.43.2_1,2009-2012,0.0,0.0,0.0,0.0,3.0
KEN.43.2_1,2013-2016,0.0,0.0,0.0,0.0,0.0
KEN.43.2_1,2017-2020,0.0,0.0,0.0,0.0,3.0
KEN.43.2_1,2021-2024,0.0,0.0,0.0,0.0,3.0
KEN.43.3_1,1997-2000,0.0,0.0,0.0,0.0,3.0
KEN.43.3_1,2013-2016,0.0,0.0,0.0,0.0,4.0
KEN.43.3_1,2017-2020,0.0,0.0,0.0,0.0,4.0
KEN.43.3_1,2021-2024,0.0,0.0,0.0,0.0,1.0
KEN.43.4_1,1997-2000,0.0,0.0,0.0,0.0,16.0
KEN.43.4_1,2001-2004,0.0,0.0,0.0,0.0,57.0
KEN.43.4_1,2005-2008,0.0,0.0,0.0,0.0,5.0
KEN.43.4_1,2009-2012,0.0,0.0,0.0,0.0,64.0
KEN.43.4_1,2013-2016,0.0,0.0,0.0,0.0,14.0
KEN.43.4_1,2017-2020,0.0,0.0,0.0,0.0,2.0
KEN.43.5_1,2001-2004,0.0,0.0,0.0,0.0,1.0
KEN.43.5_1,2005-2008,0.0,0.0,0.0,0.0,9.0
KEN.43.5_1,2013-2016,0.0,0.0,0.0,0.0,1.0
KEN.43.5_1,2017-2020,0.0,0.0,0.0,0.0,1.0
KEN.43.6_1,1997-2000,0.0,0.0,0.0,0.0,7.0
KEN.43.6_1,2001-2004,0.0,0.0,0.0,0.0,5.0
KEN.43.6_1,2005-2008,0.0,0.0,2.0,0.0,17.0
KEN.43.6_1,2009-2012,0.0,0.0,0.0,0.0,13.0
KEN.43.6_1,2013-2016,0.0,0.0,0.0,0.0,0.0
KEN.43.6_1,2017-2020,0.0,0.0,7.0,0.0,7.0
KEN.43.6_1,2021-2024,0.0,0.0,0.0,0.0,1.0
KEN.43.7_1,2001-2004,0.0,0.0,0.0,0.0,9.0
KEN.43.7_1,2005-2008,0.0,0.0,0.0,0.0,1.0
KEN.43.7_1,2013-2016,0.0,0.0,0.0,0.0,1.0
KEN.43.7_1,2017-2020,0.0,0.0,0.0,0.0,6.0
KEN.44.1_1,2005-2008,0.0,0.0,42.0,0.0,11.0
KEN.44.1_1,2009-2012,0.0,0.0,3.0,0.0,1.0
KEN.44.1_1,2013-2016,0.0,0.0,3.0,0.0,2.0
KEN.44.1_1,2017-2020,0.0,0.0,1.0,0.0,0.0
KEN.44.2_1,2005-2008,0.0,0.0,0.0,0.0,12.0
KEN.44.2_1,2017-2020,0.0,0.0,0.0,0.0,0.0
KEN.44.3_1,2005-2008,0.0,0.0,0.0,0.0,1.0
KEN.44.5_1,2017-2020,0.0,0.0,0.0,0.0,3.0
KEN.45.4_1,2005-2008,0.0,0.0,0.0,0.0,1.0
KEN.45.4_1,2013-2016,0.0,0.0,4.0,0.0,0.0
KEN.45.5_1,2001-2004,0.0,0.0,0.0,0.0,1.0
KEN.45.5_1,2005-2008,0.0,0.0,3.0,0.0,0.0
KEN.45.5_1,2017-2020,0.0,0.0,3.0,0.0,1.0
KEN.46.1_1,1997-2000,0.0,0.0,0.0,0.0,56.0
KEN.46.2_1,2013-2016,12.0,0.0,0.0,0.0,2.0
KEN.46.2_1,2017-2020,8.0,1.0,0.0,0.0,3.0
KEN.46.2_1,2021-2024,0.0,0.0,0.0,0.0,0.0
KEN.46.3_1,1997-2000,0.0,0.0,0.0,0.0,2.0
KEN.46.3_1,2009-2012,2.0,0.0,0.0,0.0,1.0
KEN.46.3_1,2013-2016,17.0,0.0,0.0,0.0,18.0
KEN.46.3_1,2017-2020,11.0,0.0,0.0,0.0,6.0
KEN.46.4_1,1997-2000,1.0,0.0,0.0,0.0,28.0
KEN.46.4_1,2017-2020,0.0,0.0,0.0,0.0,2.0
KEN.46.5_1,1997-2000,0.0,0.0,0.0,0.0,86.0
KEN.46.5_1,2005-2008,0.0,0.0,0.0,0.0,3.0
KEN.46.5_1,2013-2016,0.0,0.0,0.0,0.0,0.0
KEN.47.1_1,1997-2000,0.0,0.0,0.0,0.0,0.0
KEN.47.1_1,2001-2004,0.0,0.0,0.0,0.0,9.0
KEN.47.1_1,2005-2008,0.0,0.0,0.0,0.0,12.0
KEN.47.1_1,2013-2016,0.0,0.0,0.0,0.0,4.0
KEN.47.1_1,2017-2020,0.0,0.0,2.0,0.0,0.0
KEN.47.2_1,2005-2008,0.0,0.0,0.0,0.0,3.0
KEN.47.2_1,2013-2016,0.0,0.0,0.0,0.0,1.0
KEN.47.3_1,2017-2020,0.0,0.0,0.0,0.0,1.0
KEN.47.4_1,2001-2004,0.0,0.0,0.0,0.0,7.0
KEN.47.4_1,2009-2012,0.0,0.0,0.0,0.0,1.0
KEN.47.4_1,2013-2016,0.0,0.0,2.0,0.0,2.0
KEN.47.4_1,2021-2024,0.0,0.0,0.0,0.0,3.0
KEN.5.1_1,1997-2000,0.0,0.0,0.0,0.0,0.0
KEN.5.1_1,2001-2004,0.0,0.0,0.0,0.0,0.0
KEN.5.1_1,2013-2016,0.0,0.0,0.0,0.0,0.0
KEN.5.1_1,2017-2020,0.0,0.0,0.0,0.0,0.0
KEN.5.1_1,2021-2024,0.0,0.0,0.0,0.0,12.0
KEN.5.2_1,2001-2004,0.0,0.0,0.0,0.0,1.0
KEN.5.2_1,2009-2012,0.0,0.0,0.0,0.0,1.0
KEN.5.3_1,2001-2004,0.0,0.0,0.0,0.0,1.0
KEN.5.3_1,2009-2012,0.0,0.0,0.0,0.0,1.0
KEN.5.3_1,2013-2016,0.0,0.0,0.0,0.0,3.0
KEN.5.3_1,2017-2020,0.0,0.0,1.0,0.0,6.0
KEN.5.3_1,2021-2024,0.0,0.0,0.0,0.0,1.0
KEN.6.1_1,2013-2016,0.0,0.0,11.0,0.0,0.0
KEN.6.1_1,2017-2020,0.0,0.0,2.0,0.0,1.0
KEN.6.1_1,2021-2024,0.0,1.0,0.0,0.0,0.0
KEN.6.2_1,2009-2012,0.0,0.0,0.0,0.0,8.0
KEN.6.2_1,2013-2016,0.0,0.0,1.0,0.0,1.0
KEN.6.2_1,2017-2020,0.0,0.0,0.0,0.0,1.0
KEN.6.3_1,2009-2012,0.0,0.0,1.0,0.0,0.0
KEN.6.3_1,2013-2016,0.0,0.0,1.0,0.0,0.0
KEN.6.3_1,2017-2020,0.0,0.0,0.0,0.0,1.0
KEN.6.4_1,2005-2008,0.0,0.0,0.0,0.0,0.0
KEN.7.1_1,2017-2020,0.0,0.0,0.0,0.0,1.0
KEN.7.2_1,2001-2004,0.0,0.0,0.0,0.0,7.0
KEN.7.2_1,2009-2012,3.0,0.0,2.0,0.0,18.0
KEN.7.2_1,2013-2016,12.0,0.0,0.0,0.0,8.0
KEN.7.2_1,2017-2020,22.0,0.0,0.0,0.0,0.0
KEN.7.2_1,2021-2024,0.0,0.0,0.0,0.0,0.0
KEN.7.3_1,1997-2000,0.0,0.0,0.0,0.0,0.0
KEN.7.3_1,2009-2012,0.0,0.0,0.0,0.0,0.0
KEN.7.3_1,2013-2016,0.0,0.0,0.0,2.0,0.0
KEN.7.3_1,2017-2020,2.0,0.0,0.0,0.0,3.0
KEN.7.4_1,1997-2000,0.0,0.0,0.0,0.0,3.0
KEN.7.4_1,2005-2008,0.0,0.0,1.0,0.0,8.0
KEN.7.4_1,2009-2012,10.0,0.0,0.0,0.0,28.0
KEN.7.4_1,2013-2016,3.0,0.0,2.0,3.0,178.0
KEN.7.4_1,2017-2020,2.0,2.0,0.0,0.0,4.0
KEN.7.5_1,2005-2008,0.0,0.0,0.0,0.0,2.0
KEN.7.5_1,2009-2012,0.0,0.0,0.0,0.0,0.0
KEN.7.5_1,2013-2016,3.0,0.0,0.0,0.0,0.0
KEN.7.5_1,2017-2020,2.0,0.0,0.0,0.0,5.0
KEN.7.5_1,2021-2024,0.0,0.0,0.0,0.0,0.0
KEN.7.6_1,2001-2004,0.0,0.0,0.0,0.0,0.0
KEN.8.1_1,2013-2016,0.0,0.0,0.0,0.0,1.0
KEN.8.1_1,2017-2020,0.0,0.0,6.0,0.0,2.0
KEN.8.3_1,2017-2020,0.0,0.0,1.0,0.0,1.0
KEN.8.4_1,2013-2016,0.0,0.0,1.0,0.0,0.0
KEN.8.4_1,2017-2020,0.0,0.0,0.0,0.0,1.0
KEN.8.5_1,2005-2008,0.0,0.0,2.0,0.0,0.0
KEN.8.5_1,2013-2016,0.0,0.0,1.0,0.0,0.0
KEN.8.5_1,2017-2020,0.0,0.0,1.0,0.0,0.0
KEN.8.6_1,2013-2016,0.0,0.0,0.0,0.0,0.0
KEN.8.6_1,2017-2020,0.0,0.0,2.0,0.0,0.0
KEN.8.8_1,2013-2016,0.0,0.0,2.0,0.0,0.0
KEN.9.1_1,1997-2000,0.0,0.0,0.0,0.0,18.0
KEN.9.1_1,2001-2004,0.0,0.0,0.0,0.0,6.0
KEN.9.1_1,2005-2008,0.0,0.0,0.0,0.0,6.0
KEN.9.1_1,2009-2012,0.0,0.0,0.0,0.0,17.0
KEN.9.1_1,2013-2016,0.0,0.0,1.0,0.0,2.0
KEN.9.1_1,2017-2020,0.0,0.0,1.0,0.0,6.0
KEN.9.1_1,2021-2024,0.0,0.0,0.0,0.0,1.0
KEN.9.2_1,2009-2012,0.0,0.0,0.0,0.0,5.0
KEN.9.2_1,2013-2016,0.0,0.0,1.0,0.0,15.0
KEN.9.2_1,2017-2020,1.0,0.0,0.0,0.0,4.0
LBR.1.1_1,2001-2004,0.0,0.0,0.0,0.0,12.0
LBR.10.1_1,2017-2020,0.0,0.0,3.0,0.0,0.0
LBR.11.2_1,1997-2000,0.0,2.0,0.0,0.0,4.0
LBR.11.2_1,2001-2004,0.0,0.0,0.0,0.0,18.0
LBR.11.2_1,2005-2008,0.0,0.0,3.0,0.0,0.0
LBR.11.2_1,2009-2012,0.0,0.0,0.0,0.0,0.0
LBR.11.2_1,2013-2016,0.0,0.0,2.0,0.0,2.0
LBR.11.2_1,2017-2020,0.0,0.0,2.0,0.0,2.0
LBR.11.2_1,2021-2024,0.0,0.0,0.0,0.0,2.0
LBR.11.3_1,2013-2016,0.0,0.0,2.0,0.0,0.0
LBR.11.4_1,2013-2016,0.0,0.0,1.0,0.0,0.0
LBR.11.4_1,2017-2020,0.0,0.0,1.0,0.0,0.0
LBR.12.3_1,2001-2004,0.0,0.0,0.0,0.0,0.0
LBR.12.3_1,2013-2016,0.0,0.0,2.0,0.0,0.0
LBR.12.3_1,2017-2020,0.0,0.0,2.0,0.0,0.0
LBR.14.1_1,2017-2020,0.0,0.0,0.0,0.0,1.0
LBR.15.3_1,2017-2020,0.0,0.0,2.0,0.0,0.0
LBR.15.7_1,2017-2020,0.0,0.0,0.0,0.0,1.0
LBR.2.2_1,2001-2004,0.0,0.0,0.0,0.0,0.0
LBR.2.2_1,2013-2016,0.0,0.0,1.0,0.0,0.0
LBR.2.2_1,2017-2020,0.0,0.0,1.0,0.0,0.0
LBR.2.3_1,2017-2020,0.0,0.0,1.0,0.0,0.0
LBR.4.2_1,2009-2012,0.0,0.0,0.0,0.0,11.0
LBR.4.3_1,2009-2012,0.0,0.0,0.0,0.0,2.0
LBR.4.4_1,1997-2000,0.0,0.0,0.0,0.0,0.0
LBR.5.3_1,2013-2016,0.0,0.0,21.0,0.0,0.0
LBR.5.5_1,2013-2016,0.0,0.0,0.0,0.0,0.0
LBR.6.1_1,2001-2004,0.0,0.0,0.0,0.0,0.0
LBR.6.3_1,2021-2024,0.0,0.0,1.0,0.0,0.0
LBR.7.1_1,2017-2020,0.0,0.0,1.0,0.0,0.0
LBR.8.2_1,1997-2000,0.0,0.0,0.0,0.0,101.0
LBR.8.2_1,2001-2004,0.0,0.0,0.0,0.0,0.0
LBR.8.3_1,1997-2000,0.0,0.0,0.0,0.0,0.0
LBR.8.5_1,1997-2000,0.0,0.0,0.0,0.0,20.0
LBR.8.5_1,2001-2004,0.0,0.0,0.0,0.0,1.0
LBR.8.5_1,2009-2012,0.0,0.0,1.0,0.0,0.0
LBR.8.6_1,2001-2004,0.0,0.0,0.0,0.0,0.0
LBR.8.6_1,2005-2008,0.0,0.0,0.0,0.0,0.0
LBR.9.1_1,2001-2004,0.0,0.0,0.0,0.0,15.0
LBR.9.3_1,2013-2016,0.0,0.0,2.0,0.0,0.0
LBR.9.4_1,2013-2016,0.0,0.0,0.0,0.0,1.0
LBY.10_1,2009-2012,0.0,0.0,0.0,0.0,0.0
LBY.10_1,2013-2016,77.0,0.0,0.0,0.0,13.0
LBY.10_1,2017-2020,66.0,0.0,0.0,0.0,39.0
LBY.10_1,2021-2024,2.0,0.0,0.0,0.0,2.0
LBY.11_1,1997-2000,0.0,0.0,50.0,0.0,0.0
LBY.11_1,2009-2012,0.0,0.0,0.0,0.0,0.0
LBY.11_1,2013-2016,39.0,0.0,1.0,0.0,21.0
LBY.11_1,2017-2020,5.0,0.0,0.0,0.0,0.0
LBY.11_1,2021-2024,0.0,0.0,0.0,0.0,0.0
LBY.12_1,1997-2000,0.0,0.0,0.0,0.0,3.0
LBY.12_1,2005-2008,0.0,0.0,14.0,0.0,1.0
LBY.12_1,2009-2012,16.0,378.0,44.0,0.0,40.0
LBY.12_1,2013-2016,831.0,25.0,31.0,0.0,391.0
LBY.12_1,2017-2020,272.0,0.0,1.0,0.0,109.0
LBY.12_1,2021-2024,0.0,0.0,0.0,0.0,2.0
LBY.13_1,2005-2008,0.0,0.0,1.0,0.0,0.0
LBY.13_1,2009-2012,12.0,0.0,12.0,0.0,2.0
LBY.13_1,2013-2016,266.0,7.0,0.0,0.0,82.0
LBY.13_1,2017-2020,78.0,0.0,0.0,0.0,5.0
LBY.13_1,2021-2024,0.0,0.0,0.0,0.0,1.0
LBY.14_1,2017-2020,0.0,0.0,0.0,0.0,1.0
LBY.15_1,2009-2012,330.0,10.0,0.0,0.0,30.0
LBY.15_1,2013-2016,30.0,0.0,0.0,0.0,15.0
LBY.15_1,2017-2020,40.0,0.0,0.0,0.0,6.0
LBY.15_1,2021-2024,0.0,0.0,0.0,0.0,1.0
LBY.16_1,2013-2016,0.0,0.0,0.0,0.0,3.0
LBY.16_1,2017-2020,70.0,0.0,0.0,0.0,20.0
LBY.16_1,2021-2024,0.0,0.0,0.0,0.0,0.0
LBY.17_1,2009-2012,0.0,0.0,0.0,0.0,8.0
LBY.18_1,2009-2012,0.0,0.0,0.0,0.0,0.0
LBY.18_1,2013-2016,5.0,0.0,13.0,0.0,113.0
LBY.18_1,2017-2020,30.0,0.0,0.0,0.0,29.0
LBY.18_1,2021-2024,1.0,0.0,0.0,0.0,0.0
LBY.19_1,2009-2012,560.0,300.0,0.0,0.0,361.0
LBY.19_1,2013-2016,299.0,0.0,3.0,0.0,134.0
LBY.19_1,2017-2020,159.0,1.0,0.0,0.0,2.0
LBY.19_1,2021-2024,2.0,0.0,0.0,0.0,0.0
LBY.1_1,2005-2008,0.0,0.0,2.0,0.0,0.0
LBY.1_1,2009-2012,4.0,0.0,0.0,0.0,10.0
LBY.1_1,2013-2016,11.0,0.0,1.0,0.0,0.0
LBY.1_1,2017-2020,1.0,0.0,1.0,0.0,13.0
LBY.20_1,2005-2008,0.0,0.0,1.0,0.0,1.0
LBY.20_1,2009-2012,196.0,65.0,3.0,0.0,39.0
LBY.20_1,2013-2016,49.0,43.0,12.0,1.0,88.0
LBY.20_1,2017-2020,549.0,2.0,0.0,0.0,53.0
LBY.20_1,2021-2024,5.0,0.0,0.0,0.0,2.0
LBY.21_1,2009-2012,0.0,0.0,0.0,0.0,1.0
LBY.21_1,2013-2016,0.0,0.0,0.0,0.0,0.0
LBY.21_1,2017-2020,3.0,0.0,0.0,0.0,1.0
LBY.22_1,2013-2016,37.0,0.0,0.0,0.0,0.0
LBY.22_1,2017-2020,8.0,0.0,0.0,0.0,0.0
LBY.2_1,2009-2012,0.0,0.0,4.0,0.0,26.0
LBY.2_1,2013-2016,10.0,0.0,0.0,0.0,6.0
LBY.3_1,2009-2012,20.0,0.0,14.0,0.0,13.0
LBY.3_1,2013-2016,6.0,0.0,0.0,0.0,5.0
LBY.3_1,2017-2020,111.0,0.0,0.0,0.0,34.0
LBY.4_1,2009-2012,3.0,10.0,0.0,0.0,0.0
LBY.4_1,2013-2016,8.0,0.0,0.0,0.0,31.0
LBY.4_1,2017-2020,98.0,0.0,0.0,0.0,6.0
LBY.4_1,2021-2024,0.0,0.0,0.0,0.0,0.0
LBY.5_1,2013-2016,13.0,0.0,0.0,0.0,1.0
LBY.5_1,2017-2020,49.0,0.0,0.0,0.0,8.0
LBY.5_1,2021-2024,7.0,0.0,0.0,0.0,1.0
LBY.6_1,2009-2012,0.0,0.0,0.0,0.0,0.0
LBY.6_1,2013-2016,6.0,0.0,0.0,0.0,6.0
LBY.6_1,2017-2020,0.0,0.0,0.0,0.0,12.0
LBY.8_1,2009-2012,136.0,0.0,0.0,0.0,4.0
LBY.8_1,2013-2016,83.0,0.0,0.0,0.0,14.0
LBY.8_1,2017-2020,34.0,0.0,0.0,0.0,82.0
LBY.9_1,2009-2012,95.0,8.0,0.0,0.0,2.0
LBY.9_1,2013-2016,33.0,0.0,0.0,0.0,21.0
LBY.9_1,2017-2020,9.0,0.0,0.0,0.0,7.0
LSO.10_1,1997-2000,0.0,0.0,0.0,0.0,0.0
LSO.1_1,2009-2012,0.0,0.0,0.0,0.0,1.0
LSO.3_1,2013-2016,0.0,0.0,0.0,0.0,4.0
LSO.3_1,2021-2024,0.0,0.0,1.0,0.0,0.0
LSO.4_1,2009-2012,0.0,0.0,0.0,0.0,3.0
LSO.4_1,2017-2020,0.0,0.0,0.0,0.0,2.0
LSO.5_1,1997-2000,0.0,0.0,36.0,0.0,56.0
LSO.5_1,2001-2004,0.0,1.0,0.0,0.0,9.0
LSO.5_1,2005-2008,0.0,0.0,0.0,0.0,2.0
LSO.5_1,2009-2012,0.0,0.0,0.0,0.0,3.0
LSO.5_1,2013-2016,0.0,0.0,1.0,0.0,1.0
LSO.5_1,2017-2020,0.0,0.0,0.0,0.0,1.0
LSO.5_1,2021-2024,0.0,0.0,0.0,0.0,1.0
LSO.6_1,2017-2020,0.0,0.0,0.0,0.0,1.0
LSO.7_1,1997-2000,0.0,0.0,0.0,0.0,11.0
MAR.10.3_1,1997-2000,0.0,0.0,0.0,0.0,2.0
MAR.10.3_1,2009-2012,0.0,0.0,0.0,0.0,0.0
MAR.10.4_1,2005-2008,0.0,0.0,0.0,0.0,1.0
MAR.10.5_1,1997-2000,0.0,0.0,0.0,0.0,10.0
MAR.11.2_1,2009-2012,0.0,0.0,1.0,0.0,0.0
MAR.11.2_1,2017-2020,0.0,1.0,0.0,0.0,0.0
MAR.11.3_1,2013-2016,0.0,0.0,1.0,0.0,0.0
MAR.11.4_1,2017-2020,0.0,0.0,0.0,0.0,1.0
MAR.12.1_1,2017-2020,0.0,0.0,1.0,0.0,0.0
MAR.14.4_1,2013-2016,0.0,0.0,2.0,0.0,1.0
MAR.15.1_1,2009-2012,0.0,0.0,5.0,0.0,0.0
MAR.15.1_1,2017-2020,0.0,0.0,1.0,0.0,0.0
MAR.2.2_1,2009-2012,0.0,2.0,0.0,0.0,0.0
MAR.3.2_1,2013-2016,0.0,0.0,1.0,0.0,0.0
MAR.4.2_1,2013-2016,0.0,0.0,0.0,0.0,3.0
MAR.5.1_1,2001-2004,41.0,0.0,0.0,0.0,1.0
MAR.5.1_1,2005-2008,2.0,0.0,0.0,0.0,0.0
MAR.5.1_1,2017-2020,0.0,0.0,0.0,0.0,2.0
MAR.6.1_1,2013-2016,0.0,0.0,1.0,0.0,0.0
MAR.6.3_1,2005-2008,0.0,0.0,0.0,0.0,1.0
MAR.8.5_1,2009-2012,17.0,0.0,0.0,0.0,0.0
MAR.9.4_1,2013-2016,0.0,0.0,1.0,0.0,0.0
MAR.9.5_1,2001-2004,0.0,0.0,0.0,0.0,1.0
MAR.9.5_1,2017-2020,0.0,0.0,0.0,0.0,0.0
MDG.1.1_1,2001-2004,0.0,0.0,1.0,0.0,3.0
MDG.1.1_1,2005-2008,0.0,0.0,0.0,0.0,2.0
MDG.1.1_1,2009-2012,0.0,0.0,22.0,1.0,86.0
MDG.1.1_1,2013-2016,3.0,0.0,4.0,1.0,3.0
MDG.1.1_1,2017-2020,0.0,2.0,1.0,0.0,19.0
MDG.1.1_1,2021-2024,0.0,0.0,5.0,0.0,7.0
MDG.1.2_1,2013-2016,0.0,0.0,0.0,0.0,0.0
MDG.1.2_1,2017-2020,0.0,0.0,3.0,0.0,4.0
MDG.1.2_1,2021-2024,0.0,0.0,0.0,0.0,1.0
MDG.1.3_1,2013-2016,0.0,0.0,0.0,0.0,0.0
MDG.1.3_1,2017-2020,0.0,0.0,1.0,0.0,5.0
MDG.1.3_1,2021-2024,0.0,0.0,1.0,0.0,0.0
MDG.1.4_1,2009-2012,0.0,0.0,0.0,0.0,1.0
MDG.1.4_1,2013-2016,0.0,0.0,4.0,0.0,3.0
MDG.1.4_1,2017-2020,0.0,0.0,4.0,0.0,21.0
MDG.1.4_1,2021-2024,0.0,0.0,0.0,0.0,4.0
MDG.2.1_1,2001-2004,0.0,0.0,0.0,0.0,1.0
MDG.2.1_1,2013-2016,0.0,0.0,6.0,0.0,1.0
MDG.2.1_1,2017-2020,0.0,0.0,0.0,0.0,1.0
MDG.2.2_1,2005-2008,0.0,0.0,0.0,0.0,1.0
MDG.2.2_1,2017-2020,0.0,0.0,13.0,0.0,3.0
MDG.2.2_1,2021-2024,0.0,0.0,2.0,0.0,0.0
MDG.3.1_1,2013-2016,0.0,0.0,0.0,0.0,2.0
MDG.3.1_1,2017-2020,0.0,0.0,1.0,0.0,2.0
MDG.3.2_1,2009-2012,0.0,0.0,0.0,0.0,0.0
MDG.3.2_1,2013-2016,0.0,0.0,4.0,0.0,3.0
MDG.3.2_1,2017-2020,0.0,0.0,23.0,0.0,10.0
MDG.3.2_1,2021-2024,0.0,0.0,0.0,0.0,0.0
MDG.3.3_1,2001-2004,1.0,0.0,3.0,0.0,12.0
MDG.3.3_1,2009-2012,0.0,0.0,0.0,0.0,3.0
MDG.3.3_1,2013-2016,0.0,0.0,1.0,0.0,0.0
MDG.3.3_1,2017-2020,0.0,0.0,0.0,0.0,14.0
MDG.3.4_1,2013-2016,0.0,0.0,2.0,0.0,0.0
MDG.3.4_1,2017-2020,0.0,0.0,1.0,0.0,10.0
MDG.3.4_1,2021-2024,0.0,0.0,0.0,0.0,0.0
MDG.3.5_1,2013-2016,0.0,0.0,5.0,0.0,1.0
MDG.3.5_1,2017-2020,0.0,0.0,4.0,0.0,5.0
MDG.4.1_1,2013-2016,0.0,0.0,0.0,0.0,0.0
MDG.4.1_1,2017-2020,0.0,0.0,6.0,0.0,4.0
MDG.4.1_1,2021-2024,0.0,0.0,1.0,0.0,2.0
MDG.4.2_1,2001-2004,0.0,0.0,0.0,0.0,0.0
MDG.4.2_1,2009-2012,0.0,0.0,0.0,0.0,1.0
MDG.4.2_1,2013-2016,0.0,0.0,1.0,0.0,0.0
MDG.4.2_1,2017-2020,0.0,0.0,3.0,0.0,2.0
MDG.4.2_1,2021-2024,0.0,0.0,0.0,0.0,0.0
MDG.4.3_1,1997-2000,0.0,0.0,0.0,0.0,1.0
MDG.4.3_1,2013-2016,0.0,0.0,2.0,0.0,5.0
MDG.4.3_1,2017-2020,0.0,0.0,4.0,0.0,8.0
MDG.4.3_1,2021-2024,0.0,0.0,0.0,0.0,0.0
MDG.4.4_1,2001-2004,0.0,0.0,2.0,0.0,0.0
MDG.4.4_1,2013-2016,0.0,1.0,5.0,0.0,0.0
MDG.4.4_1,2017-2020,0.0,0.0,12.0,0.0,3.0
MDG.4.4_1,2021-2024,0.0,0.0,0.0,0.0,0.0
MDG.5.1_1,2001-2004,0.0,0.0,0.0,0.0,1.0
MDG.5.1_1,2013-2016,0.0,0.0,1.0,0.0,0.0
MDG.5.1_1,2017-2020,0.0,0.0,3.0,0.0,11.0
MDG.5.2_1,2009-2012,0.0,0.0,0.0,0.0,2.0
MDG.5.2_1,2013-2016,0.0,0.0,4.0,0.0,0.0
MDG.5.2_1,2017-2020,0.0,0.0,4.0,0.0,4.0
MDG.5.3_1,2001-2004,0.0,0.0,3.0,0.0,11.0
MDG.5.3_1,2005-2008,0.0,0.0,0.0,0.0,0.0
MDG.5.3_1,2009-2012,0.0,0.0,1.0,0.0,0.0
MDG.5.3_1,2013-2016,0.0,0.0,2.0,0.0,1.0
MDG.5.3_1,2017-2020,0.0,0.0,9.0,0.0,4.0
MDG.5.3_1,2021-2024,0.0,0.0,2.0,0.0,0.0
MDG.6.1_1,2013-2016,0.0,0.0,0.0,0.0,0.0
MDG.6.1_1,2017-2020,0.0,0.0,0.0,0.0,4.0
MDG.6.2_1,2001-2004,0.0,0.0,0.0,0.0,2.0
MDG.6.2_1,2009-2012,0.0,0.0,0.0,0.0,2.0
MDG.6.2_1,2013-2016,1.0,0.0,1.0,0.0,1.0
MDG.6.2_1,2017-2020,0.0,0.0,3.0,0.0,9.0
MDG.6.2_1,2021-2024,0.0,0.0,0.0,0.0,10.0
MDG.6.3_1,2001-2004,1.0,0.0,0.0,0.0,0.0
MDG.6.3_1,2005-2008,0.0,0.0,15.0,0.0,5.0
MDG.6.3_1,2009-2012,0.0,0.0,36.0,0.0,0.0
MDG.6.3_1,2013-2016,4.0,0.0,1.0,0.0,4.0
MDG.6.3_1,2017-2020,0.0,0.0,4.0,0.0,31.0
MDG.6.3_1,2021-2024,0.0,0.0,1.0,0.0,1.0
MDG.6.4_1,2009-2012,0.0,0.0,0.0,0.0,0.0
MDG.6.4_1,2013-2016,0.0,0.0,2.0,0.0,5.0
MDG.6.4_1,2017-2020,0.0,0.0,0.0,0.0,15.0
MDG.6.4_1,2021-2024,0.0,0.0,0.0,0.0,4.0
MLI.1.1_1,1997-2000,0.0,0.0,3.0,0.0,0.0
MLI.1.1_1,2009-2012,0.0,0.0,4.0,0.0,0.0
MLI.1.1_1,2013-2016,5.0,0.0,1.0,0.0,6.0
MLI.1.1_1,2017-2020,0.0,0.0,21.0,0.0,3.0
MLI.1.1_1,2021-2024,0.0,0.0,2.0,1.0,1.0
MLI.2.1_1,1997-2000,0.0,0.0,0.0,0.0,3.0
MLI.2.1_1,2005-2008,0.0,0.0,0.0,0.0,0.0
MLI.2.1_1,2009-2012,13.0,0.0,0.0,0.0,0.0
MLI.2.1_1,2013-2016,0.0,0.0,0.0,0.0,25.0
MLI.2.1_1,2017-2020,3.0,0.0,0.0,0.0,34.0
MLI.2.1_1,2021-2024,0.0,0.0,0.0,0.0,68.0
MLI.2.2_1,1997-2000,0.0,0.0,0.0,0.0,0.0
MLI.2.2_1,2009-2012,0.0,0.0,0.0,0.0,0.0
MLI.2.2_1,2013-2016,2.0,0.0,0.0,1.0,6.0
MLI.2.2_1,2017-2020,0.0,0.0,0.0,0.0,1.0
MLI.2.2_1,2021-2024,0.0,0.0,0.0,0.0,0.0
MLI.2.3_1,1997-2000,0.0,0.0,0.0,0.0,2.0
MLI.2.3_1,2005-2008,2.0,0.0,0.0,0.0,0.0
MLI.2.3_1,2009-2012,24.0,0.0,4.0,0.0,4.0
MLI.2.3_1,2013-2016,77.0,4.0,8.0,0.0,10.0
MLI.2.3_1,2017-2020,61.0,0.0,2.0,0.0,42.0
MLI.2.3_1,2021-2024,1.0,0.0,0.0,0.0,9.0
MLI.2.4_1,2005-2008,0.0,0.0,0.0,0.0,0.0
MLI.2.4_1,2009-2012,0.0,0.0,1.0,0.0,14.0
MLI.2.4_1,2013-2016,1.0,0.0,0.0,0.0,3.0
MLI.2.4_1,2017-2020,9.0,0.0,0.0,2.0,90.0
MLI.2.4_1,2021-2024,10.0,0.0,0.0,0.0,2.0
MLI.3.1_1,2021-2024,0.0,0.0,0.0,0.0,1.0
MLI.3.2_1,2009-2012,0.0,0.0,0.0,0.0,3.0
MLI.3.2_1,2017-2020,0.0,0.0,0.0,0.0,0.0
MLI.3.3_1,2017-2020,0.0,0.0,3.0,0.0,0.0
MLI.3.4_1,2017-2020,0.0,0.0,1.0,0.0,0.0
MLI.3.4_1,2021-2024,0.0,0.0,0.0,0.0,1.0
MLI.3.5_1,2009-2012,0.0,0.0,1.0,0.0,0.0
MLI.3.5_1,2017-2020,0.0,0.0,0.0,0.0,0.0
MLI.3.6_1,1997-2000,0.0,0.0,0.0,0.0,0.0
MLI.3.6_1,2001-2004,0.0,0.0,0.0,0.0,13.0
MLI.3.6_1,2009-2012,0.0,0.0,0.0,0.0,0.0
MLI.3.6_1,2017-2020,0.0,0.0,0.0,0.0,4.0
MLI.3.6_1,2021-2024,0.0,0.0,0.0,0.0,0.0
MLI.3.7_1,1997-2000,0.0,0.0,0.0,0.0,0.0
MLI.4.1_1,2005-2008,0.0,0.0,0.0,0.0,0.0
MLI.4.1_1,2009-2012,11.0,0.0,0.0,0.0,0.0
MLI.4.1_1,2013-2016,40.0,0.0,0.0,0.0,0.0
MLI.4.1_1,2017-2020,0.0,0.0,0.0,0.0,2.0
MLI.4.2_1,1997-2000,0.0,0.0,0.0,0.0,5.0
MLI.4.2_1,2005-2008,0.0,0.0,0.0,0.0,7.0
MLI.4.2_1,2009-2012,2.0,0.0,0.0,0.0,2.0
MLI.4.2_1,2013-2016,29.0,0.0,5.0,0.0,1.0
MLI.4.2_1,2017-2020,4.0,0.0,0.0,0.0,6.0
MLI.4.3_1,2005-2008,0.0,0.0,0.0,0.0,0.0
MLI.4.3_1,2009-2012,0.0,0.0,0.0,0.0,2.0
MLI.4.3_1,2013-2016,16.0,0.0,0.0,0.0,2.0
MLI.4.3_1,2017-2020,3.0,0.0,0.0,0.0,0.0
MLI.4.3_1,2021-2024,0.0,0.0,0.0,0.0,3.0
MLI.4.4_1,2017-2020,0.0,0.0,0.0,0.0,3.0
MLI.5.1_1,2017-2020,0.0,0.0,0.0,0.0,0.0
MLI.5.2_1,1997-2000,0.0,0.0,0.0,0.0,0.0
MLI.5.2_1,2017-2020,0.0,0.0,1.0,0.0,4.0
MLI.5.3_1,2017-2020,0.0,0.0,4.0,0.0,0.0
MLI.5.4_1,2009-2012,0.0,0.0,0.0,0.0,2.0
MLI.5.4_1,2013-2016,0.0,0.0,0.0,0.0,3.0
MLI.5.4_1,2017-2020,0.0,0.0,0.0,0.0,0.0
MLI.5.4_1,2021-2024,0.0,0.0,0.0,0.0,0.0
MLI.5.5_1,2017-2020,0.0,0.0,0.0,0.0,0.0
MLI.5.6_1,1997-2000,0.0,0.0,0.0,0.0,0.0
MLI.5.6_1,2009-2012,0.0,0.0,2.0,0.0,0.0
MLI.5.6_1,2017-2020,0.0,0.0,0.0,0.0,0.0
MLI.5.7_1,2013-2016,0.0,0.0,0.0,0.0,1.0
MLI.5.7_1,2017-2020,0.0,0.0,0.0,0.0,2.0
MLI.5.7_1,2021-2024,0.0,0.0,0.0,0.0,0.0
MLI.6.1_1,2017-2020,1.0,0.0,0.0,1.0,95.0
MLI.6.1_1,2021-2024,4.0,0.0,0.0,0.0,21.0
MLI.6.2_1,2013-2016,0.0,0.0,0.0,0.0,0.0
MLI.6.2_1,2017-2020,0.0,0.0,0.0,0.0,429.0
MLI.6.2_1,2021-2024,0.0,0.0,0.0,0.0,5.0
MLI.6.3_1,2013-2016,0.0,0.0,0.0,0.0,2.0
MLI.6.3_1,2017-2020,1.0,0.0,0.0,0.0,78.0
MLI.6.3_1,2021-2024,0.0,0.0,0.0,0.0,14.0
MLI.6.4_1,2001-2004,0.0,0.0,0.0,0.0,2.0
MLI.6.4_1,2009-2012,0.0,0.0,0.0,0.0,1.0
MLI.6.4_1,2013-2016,0.0,0.0,0.0,0.0,33.0
MLI.6.4_1,2017-2020,0.0,0.0,0.0,0.0,176.0
MLI.6.4_1,2021-2024,1.0,0.0,0.0,0.0,22.0
MLI.6.5_1,2009-2012,0.0,0.0,0.0,0.0,0.0
MLI.6.5_1,2013-2016,0.0,0.0,0.0,0.0,0.0
MLI.6.5_1,2017-2020,9.0,0.0,0.0,0.0,286.0
MLI.6.5_1,2021-2024,0.0,0.0,0.0,0.0,11.0
MLI.6.6_1,2013-2016,12.0,0.0,0.0,0.0,56.0
MLI.6.6_1,2017-2020,3.0,0.0,0.0,0.0,75.0
MLI.6.6_1,2021-2024,0.0,0.0,2.0,0.0,5.0
MLI.6.7_1,2001-2004,0.0,0.0,0.0,0.0,5.0
MLI.6.7_1,2013-2016,0.0,0.0,0.0,0.0,23.0
MLI.6.7_1,2017-2020,0.0,0.0,14.0,0.0,45.0
MLI.6.7_1,2021-2024,2.0,0.0,0.0,0.0,4.0
MLI.6.8_1,2013-2016,0.0,0.0,0.0,0.0,1.0
MLI.6.8_1,2017-2020,0.0,0.0,0.0,0.0,6.0
MLI.6.8_1,2021-2024,0.0,0.0,0.0,0.0,4.0
MLI.7.2_1,2017-2020,0.0,0.0,0.0,0.0,0.0
MLI.7.3_1,2013-2016,0.0,0.0,0.0,0.0,0.0
MLI.7.3_1,2017-2020,0.0,0.0,0.0,0.0,19.0
MLI.7.3_1,2021-2024,0.0,0.0,0.0,0.0,3.0
MLI.7.4_1,1997-2000,0.0,0.0,0.0,0.0,0.0
MLI.7.4_1,2005-2008,0.0,0.0,0.0,0.0,0.0
MLI.7.4_1,2009-2012,0.0,0.0,0.0,0.0,9.0
MLI.7.4_1,2013-2016,0.0,0.0,0.0,0.0,6.0
MLI.7.4_1,2017-2020,3.0,0.0,0.0,0.0,99.0
MLI.7.4_1,2021-2024,0.0,0.0,0.0,0.0,22.0
MLI.7.5_1,2017-2020,0.0,0.0,0.0,0.0,1.0
MLI.7.5_1,2021-2024,0.0,0.0,0.0,0.0,3.0
MLI.7.6_1,2017-2020,0.0,0.0,0.0,0.0,1.0
MLI.7.6_1,2021-2024,0.0,0.0,0.0,0.0,6.0
MLI.7.7_1,2017-2020,0.0,0.0,0.0,0.0,2.0
MLI.7.7_1,2021-2024,0.0,0.0,0.0,0.0,7.0
MLI.8.1_1,2021-2024,0.0,0.0,0.0,0.0,0.0
MLI.8.2_1,2009-2012,0.0,2.0,0.0,0.0,0.0
MLI.8.2_1,2013-2016,0.0,0.0,0.0,0.0,0.0
MLI.8.3_1,2013-2016,0.0,0.0,0.0,0.0,0.0
MLI.8.4_1,2001-2004,0.0,0.0,0.0,0.0,0.0
MLI.8.4_1,2005-2008,0.0,0.0,0.0,0.0,0.0
MLI.8.4_1,2017-2020,0.0,0.0,0.0,0.0,0.0
MLI.8.4_1,2021-2024,0.0,0.0,0.0,0.0,0.0
MLI.8.5_1,2017-2020,0.0,0.0,1.0,0.0,0.0
MLI.8.5_1,2021-2024,0.0,0.0,0.0,0.0,0.0
MLI.8.7_1,2017-2020,0.0,0.0,1.0,0.0,2.0
MLI.8.7_1,2021-2024,0.0,0.0,0.0,0.0,1.0
MLI.9.1_1,2013-2016,0.0,0.0,0.0,0.0,0.0
MLI.9.1_1,2017-2020,0.0,0.0,0.0,0.0,1.0
MLI.9.2_1,2013-2016,4.0,0.0,0.0,0.0,2.0
MLI.9.2_1,2017-2020,0.0,0.0,0.0,0.0,1.0
MLI.9.2_1,2021-2024,0.0,0.0,0.0,0.0,0.0
MLI.9.3_1,1997-2000,0.0,0.0,0.0,0.0,7.0
MLI.9.3_1,2013-2016,4.0,0.0,0.0,0.0,11.0
MLI.9.3_1,2017-2020,1.0,0.0,0.0,0.0,11.0
MLI.9.3_1,2021-2024,1.0,0.0,0.0,0.0,9.0
MLI.9.4_1,2005-2008,0.0,0.0,0.0,0.0,1.0
MLI.9.4_1,2009-2012,8.0,0.0,0.0,0.0,0.0
MLI.9.4_1,2013-2016,0.0,0.0,1.0,0.0,0.0
MLI.9.4_1,2017-2020,9.0,0.0,0.0,0.0,4.0
MLI.9.4_1,2021-2024,0.0,0.0,0.0,0.0,1.0
MLI.9.5_1,2009-2012,0.0,0.0,0.0,0.0,5.0
MLI.9.5_1,2013-2016,24.0,0.0,0.0,0.0,9.0
MLI.9.5_1,2017-2020,1.0,0.0,0.0,0.0,14.0
MLI.9.5_1,2021-2024,0.0,0.0,0.0,0.0,2.0
MOZ.1.10_1,2009-2012,0.0,0.0,1.0,0.0,0.0
MOZ.1.10_1,2017-2020,0.0,0.0,1.0,0.0,215.0
MOZ.1.10_1,2021-2024,0.0,0.0,0.0,0.0,13.0
MOZ.1.12_1,2013-2016,0.0,0.0,0.0,0.0,0.0
MOZ.1.12_1,2017-2020,0.0,0.0,0.0,0.0,58.0
MOZ.1.12_1,2021-2024,0.0,0.0,0.0,0.0,8.0
MOZ.1.13_1,2009-2012,0.0,0.0,0.0,0.0,4.0
MOZ.1.13_1,2017-2020,0.0,0.0,0.0,0.0,58.0
MOZ.1.13_1,2021-2024,100.0,0.0,0.0,0.0,39.0
MOZ.1.14_1,2017-2020,0.0,0.0,1.0,0.0,12.0
MOZ.1.14_1,2021-2024,0.0,0.0,0.0,0.0,1.0
MOZ.1.15_1,2017-2020,0.0,0.0,0.0,0.0,55.0
MOZ.1.15_1,2021-2024,0.0,0.0,0.0,0.0,18.0
MOZ.1.1_1,2017-2020,0.0,0.0,0.0,0.0,3.0
MOZ.1.4_1,2013-2016,0.0,0.0,1.0,0.0,0.0
MOZ.1.4_1,2017-2020,6.0,0.0,0.0,0.0,261.0
MOZ.1.4_1,2021-2024,0.0,0.0,8.0,0.0,66.0
MOZ.1.6_1,2017-2020,0.0,0.0,0.0,0.0,25.0
MOZ.1.7_1,2005-2008,0.0,0.0,12.0,0.0,0.0
MOZ.1.7_1,2017-2020,3.0,0.0,0.0,10.0,161.0
MOZ.1.7_1,2021-2024,0.0,0.0,0.0,0.0,3.0
MOZ.1.9_1,2017-2020,0.0,0.0,0.0,0.0,0.0
MOZ.10.11_1,2013-2016,0.0,0.0,0.0,0.0,0.0
MOZ.10.11_1,2017-2020,0.0,0.0,0.0,0.0,1.0
MOZ.10.12_1,2017-2020,0.0,0.0,0.0,0.0,3.0
MOZ.10.1_1,2017-2020,0.0,0.0,1.0,0.0,0.0
MOZ.10.3_1,2013-2016,0.0,0.0,1.0,0.0,0.0
MOZ.10.3_1,2017-2020,8.0,0.0,0.0,0.0,0.0
MOZ.10.6_1,2017-2020,0.0,0.0,3.0,0.0,0.0
MOZ.10.9_1,2013-2016,0.0,0.0,0.0,0.0,1.0
MOZ.10.9_1,2017-2020,0.0,0.0,1.0,0.0,0.0
MOZ.11.11_1,2013-2016,0.0,0.0,0.0,0.0,0.0
MOZ.11.12_1,2013-2016,0.0,0.0,0.0,0.0,0.0
MOZ.11.12_1,2017-2020,0.0,0.0,0.0,2.0,0.0
MOZ.11.13_1,2017-2020,0.0,0.0,0.0,0.0,0.0
MOZ.11.15_1,2013-2016,0.0,0.0,1.0,0.0,1.0
MOZ.11.1_1,2021-2024,0.0,0.0,3.0,0.0,0.0
MOZ.11.2_1,2013-2016,0.0,0.0,0.0,0.0,2.0
MOZ.11.4_1,2013-2016,0.0,0.0,0.0,0.0,1.0
MOZ.11.6_1,2017-2020,0.0,0.0,0.0,0.0,1.0
MOZ.11.9_1,2017-2020,0.0,0.0,0.0,0.0,3.0
MOZ.2.11_1,2017-2020,0.0,0.0,2.0,0.0,1.0
MOZ.3.1_1,2013-2016,0.0,0.0,0.0,0.0,0.0
MOZ.3.3_1,2013-2016,0.0,0.0,0.0,0.0,0.0
MOZ.3.3_1,2021-2024,0.0,0.0,1.0,0.0,0.0
MOZ.3.6_1,2017-2020,0.0,0.0,0.0,0.0,1.0
MOZ.3.8_1,2017-2020,0.0,0.0,1.0,0.0,0.0
MOZ.4.1_1,2013-2016,0.0,0.0,0.0,0.0,2.0
MOZ.4.2_1,2009-2012,0.0,0.0,3.0,0.0,0.0
MOZ.4.2_1,2013-2016,0.0,0.0,0.0,0.0,2.0
MOZ.4.2_1,2017-2020,0.0,0.0,2.0,0.0,7.0
MOZ.4.6_1,2013-2016,0.0,0.0,0.0,0.0,2.0
MOZ.4.6_1,2017-2020,0.0,0.0,1.0,0.0,0.0
MOZ.4.7_1,2017-2020,0.0,0.0,0.0,0.0,1.0
MOZ.4.8_1,2013-2016,0.0,0.0,0.0,0.0,0.0
MOZ.4.9_1,2017-2020,0.0,0.0,0.0,0.0,1.0
MOZ.5.1_1,2005-2008,0.0,0.0,0.0,0.0,2.0
MOZ.5.2_1,1997-2000,0.0,0.0,0.0,0.0,2.0
MOZ.5.2_1,2001-2004,0.0,0.0,2.0,0.0,0.0
MOZ.5.2_1,2005-2008,0.0,0.0,2.0,0.0,0.0
MOZ.5.2_1,2009-2012,0.0,0.0,13.0,0.0,6.0
MOZ.5.2_1,2013-2016,0.0,0.0,1.0,0.0,5.0
MOZ.5.2_1,2017-2020,0.0,0.0,3.0,0.0,8.0
MOZ.5.2_1,2021-2024,0.0,0.0,1.0,0.0,3.0
MOZ.6.3_1,2013-2016,0.0,0.0,1.0,0.0,0.0
MOZ.6.5_1,2013-2016,3.0,0.0,0.0,0.0,0.0
MOZ.6.5_1,2017-2020,0.0,0.0,0.0,0.0,0.0
MOZ.6.6_1,2009-2012,0.0,0.0,0.0,0.0,0.0
MOZ.7.14_1,2013-2016,0.0,0.0,0.0,0.0,3.0
MOZ.7.15_1,2017-2020,0.0,0.0,0.0,0.0,1.0
MOZ.7.15_1,2021-2024,0.0,0.0,1.0,0.0,0.0
MOZ.7.17_1,2009-2012,0.0,0.0,0.0,0.0,1.0
MOZ.7.17_1,2013-2016,0.0,0.0,1.0,0.0,1.0
MOZ.7.17_1,2017-2020,0.0,0.0,5.0,0.0,7.0
MOZ.7.1_1,2009-2012,0.0,0.0,4.0,0.0,0.0
MOZ.7.1_1,2013-2016,0.0,0.0,1.0,0.0,0.0
MOZ.7.4_1,2017-2020,0.0,0.0,1.0,0.0,0.0
MOZ.7.7_1,2017-2020,0.0,0.0,0.0,0.0,1.0
MOZ.7.8_1,2017-2020,0.0,0.0,0.0,0.0,0.0
MOZ.7.9_1,2017-2020,0.0,0.0,0.0,0.0,2.0
MOZ.8.10_1,2017-2020,0.0,0.0,0.0,0.0,0.0
MOZ.8.1_1,2017-2020,0.0,0.0,5.0,0.0,0.0
MOZ.8.3_1,2017-2020,0.0,0.0,2.0,0.0,0.0
MOZ.8.9_1,2017-2020,0.0,0.0,4.0,0.0,0.0
MOZ.9.11_1,2013-2016,0.0,0.0,0.0,0.0,0.0
MOZ.9.11_1,2021-2024,0.0,0.0,0.0,0.0,2.0
MOZ.9.12_1,2013-2016,0.0,0.0,1.0,0.0,1.0
MOZ.9.12_1,2017-2020,0.0,0.0,0.0,0.0,1.0
MOZ.9.1_1,2009-2012,0.0,0.0,2.0,0.0,0.0
MOZ.9.1_1,2017-2020,0.0,0.0,0.0,0.0,4.0
MOZ.9.2_1,2013-2016,0.0,0.0,0.0,0.0,2.0
MOZ.9.4_1,2001-2004,0.0,0.0,0.0,0.0,0.0
MOZ.9.4_1,2013-2016,0.0,0.0,0.0,0.0,12.0
MOZ.9.5_1,2013-2016,0.0,0.0,0.0,0.0,12.0
MOZ.9.5_1,2017-2020,0.0,0.0,0.0,0.0,12.0
MOZ.9.6_1,2009-2012,0.0,0.0,0.0,0.0,0.0
MOZ.9.6_1,2013-2016,0.0,0.0,1.0,0.0,5.0
MOZ.9.6_1,2017-2020,0.0,0.0,4.0,0.0,7.0
MOZ.9.7_1,2013-2016,0.0,0.0,0.0,0.0,16.0
MOZ.9.7_1,2017-2020,0.0,0.0,0.0,0.0,2.0
MOZ.9.8_1,2013-2016,0.0,0.0,0.0,0.0,2.0
MOZ.9.9_1,2013-2016,0.0,0.0,0.0,0.0,0.0
MRT.10.1_1,1997-2000,0.0,1.0,0.0,0.0,0.0
MRT.10.1_1,2001-2004,0.0,0.0,1.0,0.0,8.0
MRT.10.1_1,2005-2008,0.0,0.0,1.0,0.0,0.0
MRT.10.1_1,2009-2012,0.0,0.0,2.0,0.0,3.0
MRT.10.1_1,2013-2016,0.0,1.0,0.0,0.0,0.0
MRT.10.1_1,2017-2020,2.0,0.0,0.0,0.0,0.0
MRT.12.1_1,2009-2012,0.0,0.0,0.0,0.0,0.0
MRT.12.2_1,2005-2008,0.0,0.0,0.0,0.0,0.0
MRT.13.3_1,2017-2020,0.0,0.0,0.0,0.0,0.0
MRT.3.1_1,2005-2008,0.0,0.0,0.0,0.0,4.0
MRT.3.1_1,2021-2024,0.0,0.0,1.0,0.0,0.0
MRT.4.1_1,1997-2000,0.0,0.0,0.0,0.0,0.0
MRT.4.1_1,2005-2008,0.0,0.0,0.0,0.0,0.0
MRT.5.1_1,2009-2012,0.0,0.0,0.0,1.0,0.0
MRT.5.3_1,2009-2012,0.0,1.0,0.0,0.0,0.0
MRT.6.2_1,2005-2008,0.0,0.0,0.0,0.0,0.0
MWI.1.1_1,2017-2020,0.0,0.0,1.0,0.0,0.0
MWI.11.11_1,2017-2020,0.0,0.0,1.0,0.0,0.0
MWI.11.13_1,2021-2024,0.0,0.0,1.0,0.0,0.0
MWI.11.1_1,2001-2004,0.0,0.0,0.0,0.0,2.0
MWI.11.1_1,2005-2008,0.0,0.0,1.0,0.0,0.0
MWI.11.1_1,2009-2012,0.0,0.0,7.0,0.0,0.0
MWI.11.1_1,2013-2016,0.0,0.0,5.0,0.0,3.0
MWI.11.1_1,2017-2020,0.0,0.0,13.0,0.0,5.0
MWI.11.6_1,2013-2016,0.0,0.0,1.0,0.0,0.0
MWI.12.8_1,2013-2016,0.0,0.0,1.0,0.0,0.0
MWI.13.12_1,2013-2016,0.0,0.0,1.0,0.0,0.0
MWI.13.5_1,2017-2020,0.0,0.0,1.0,0.0,0.0
MWI.14.1_1,2017-2020,0.0,0.0,2.0,0.0,0.0
MWI.15.1_1,2013-2016,0.0,0.0,1.0,0.0,1.0
MWI.15.1_1,2017-2020,0.0,0.0,5.0,0.0,0.0
MWI.15.1_1,2021-2024,0.0,0.0,2.0,0.0,0.0
MWI.16.2_1,2005-2008,0.0,0.0,3.0,0.0,0.0
MWI.16.2_1,2013-2016,0.0,0.0,4.0,0.0,0.0
MWI.17.10_1,2017-2020,0.0,0.0,1.0,0.0,0.0
MWI.17.1_1,2017-2020,0.0,0.0,1.0,0.0,0.0
MWI.17.6_1,1997-2000,1.0,0.0,0.0,0.0,0.0
MWI.17.6_1,2009-2012,0.0,0.0,2.0,0.0,0.0
MWI.17.6_1,2017-2020,0.0,0.0,1.0,0.0,0.0
MWI.18.2_1,2013-2016,0.0,0.0,4.0,0.0,0.0
MWI.19.1_1,2017-2020,0.0,0.0,6.0,0.0,1.0
MWI.2.1_1,2001-2004,0.0,0.0,1.0,0.0,1.0
MWI.2.1_1,2009-2012,0.0,0.0,6.0,0.0,1.0
MWI.2.1_1,2013-2016,0.0,0.0,1.0,0.0,0.0
MWI.2.1_1,2017-2020,0.0,0.0,9.0,0.0,0.0
MWI.2.1_1,2021-2024,0.0,0.0,2.0,0.0,0.0
MWI.21.2_1,2001-2004,0.0,0.0,1.0,0.0,1.0
MWI.21.2_1,2013-2016,0.0,0.0,7.0,0.0,0.0
MWI.21.2_1,2017-2020,0.0,0.0,3.0,0.0,0.0
MWI.21.2_1,2021-2024,0.0,0.0,1.0,0.0,0.0
MWI.21.8_1,2013-2016,0.0,0.0,1.0,0.0,0.0
MWI.22.1_1,2017-2020,0.0,0.0,3.0,0.0,0.0
MWI.22.4_1,2017-2020,0.0,0.0,1.0,0.0,0.0
MWI.26.6_1,2017-2020,0.0,0.0,2.0,0.0,0.0
MWI.26.6_1,2021-2024,0.0,0.0,1.0,0.0,0.0
MWI.27.10_1,2001-2004,0.0,0.0,0.0,0.0,1.0
MWI.27.10_1,2013-2016,0.0,0.0,3.0,0.0,0.0
MWI.27.10_1,2017-2020,0.0,0.0,3.0,0.0,0.0
MWI.28.9_1,1997-2000,0.0,0.0,2.0,0.0,1.0
MWI.28.9_1,2009-2012,0.0,0.0,2.0,0.0,0.0
MWI.28.9_1,2013-2016,0.0,0.0,0.0,0.0,1.0
MWI.3.1_1,2013-2016,0.0,0.0,1.0,0.0,0.0
MWI.3.1_1,2017-2020,0.0,0.0,1.0,0.0,0.0
MWI.4.5_1,2017-2020,0.0,0.0,1.0,0.0,0.0
MWI.5.4_1,2001-2004,0.0,2.0,0.0,0.0,0.0
MWI.5.4_1,2017-2020,0.0,0.0,1.0,0.0,0.0
MWI.6.3_1,2021-2024,0.0,0.0,0.0,0.0,1.0
MWI.6.6_1,2017-2020,0.0,0.0,1.0,0.0,0.0
MWI.6.8_1,2013-2016,0.0,0.0,1.0,0.0,0.0
MWI.6.8_1,2017-2020,0.0,0.0,2.0,0.0,0.0
MWI.6.8_1,2021-2024,0.0,0.0,1.0,0.0,0.0
MWI.7.9_1,2017-2020,0.0,0.0,2.0,0.0,0.0
MWI.8.1_1,2001-2004,0.0,0.0,2.0,0.0,0.0
MWI.8.1_1,2009-2012,0.0,0.0,2.0,0.0,0.0
MWI.8.1_1,2013-2016,0.0,0.0,1.0,0.0,0.0
MWI.8.1_1,2017-2020,0.0,0.0,4.0,0.0,3.0
MWI.8.2_1,2013-2016,0.0,0.0,2.0,0.0,0.0
MWI.9.1_1,2017-2020,0.0,0.0,3.0,0.0,0.0
MWI.9.5_1,2013-2016,0.0,0.0,1.0,0.0,0.0
MWI.9.5_1,2021-2024,0.0,0.0,1.0,0.0,0.0
MWI.9.7_1,2017-2020,0.0,0.0,1.0,0.0,0.0
NAM.1.1_1,2013-2016,0.0,0.0,0.0,0.0,2.0
NAM.10.8_1,2017-2020,0.0,0.0,1.0,0.0,0.0
NAM.13.1_1,2005-2008,0.0,0.0,0.0,0.0,0.0
NAM.13.3_1,1997-2000,0.0,0.0,0.0,0.0,14.0
NAM.13.3_1,2001-2004,0.0,0.0,0.0,0.0,3.0
NAM.13.4_1,1997-2000,0.0,0.0,0.0,0.0,2.0
NAM.13.4_1,2001-2004,0.0,0.0,0.0,0.0,6.0
NAM.2.5_1,2013-2016,0.0,0.0,1.0,0.0,0.0
NAM.4.1_1,1997-2000,8.0,0.0,0.0,0.0,2.0
NAM.4.2_1,1997-2000,0.0,0.0,0.0,0.0,3.0
NAM.4.2_1,2001-2004,0.0,0.0,0.0,0.0,4.0
NAM.4.3_1,2013-2016,0.0,0.0,1.0,0.0,0.0
NAM.4.4_1,1997-2000,0.0,0.0,0.0,0.0,2.0
NAM.4.5_1,1997-2000,2.0,0.0,0.0,0.0,7.0
NAM.4.5_1,2001-2004,0.0,0.0,0.0,0.0,1.0
NAM.4.6_1,1997-2000,0.0,0.0,0.0,0.0,5.0
NAM.4.7_1,1997-2000,0.0,0.0,0.0,0.0,20.0
NAM.4.8_1,1997-2000,0.0,0.0,0.0,0.0,27.0
NAM.4.8_1,2001-2004,3.0,0.0,0.0,0.0,0.0
NAM.5.2_1,2009-2012,0.0,0.0,0.0,0.0,1.0
NAM.5.2_1,2013-2016,0.0,0.0,2.0,0.0,1.0
NAM.5.7_1,2013-2016,0.0,0.0,0.0,0.0,1.0
NAM.5.7_1,2017-2020,0.0,0.0,1.0,0.0,0.0
NAM.5.8_1,2009-2012,0.0,0.0,0.0,0.0,1.0
NAM.5.8_1,2013-2016,0.0,0.0,0.0,0.0,2.0
NAM.5.8_1,2017-2020,0.0,0.0,0.0,0.0,2.0
NAM.7.3_1,1997-2000,0.0,0.0,0.0,0.0,28.0
NAM.8.2_1,2013-2016,2.0,0.0,0.0,0.0,0.0
NAM.9.12_1,2017-2020,1.0,0.0,0.0,0.0,0.0
NAM.9.2_1,2017-2020,1.0,0.0,0.0,0.0,0.0
NAM.9.3_1,2001-2004,0.0,0.0,0.0,0.0,1.0
NER.1.1_1,2005-2008,2.0,0.0,0.0,0.0,0.0
NER.1.1_1,2009-2012,0.0,0.0,0.0,0.0,0.0
NER.1.2_1,1997-2000,0.0,0.0,0.0,0.0,0.0
NER.1.2_1,2001-2004,0.0,0.0,2.0,0.0,0.0
NER.1.3_1,1997-2000,0.0,0.0,0.0,0.0,1.0
NER.1.3_1,2001-2004,0.0,0.0,0.0,0.0,0.0
NER.1.3_1,2005-2008,4.0,0.0,0.0,0.0,10.0
NER.1.3_1,2013-2016,23.0,0.0,0.0,0.0,0.0
NER.1.3_1,2017-2020,0.0,0.0,0.0,0.0,0.0
NER.2.1_1,1997-2000,0.0,0.0,0.0,0.0,0.0
NER.2.1_1,2001-2004,0.0,0.0,0.0,0.0,72.0
NER.2.1_1,2005-2008,0.0,0.0,0.0,0.0,0.0
NER.2.1_1,2013-2016,58.0,0.0,0.0,1.0,65.0
NER.2.1_1,2017-2020,44.0,0.0,2.0,0.0,221.0
NER.2.1_1,2021-2024,0.0,0.0,1.0,0.0,5.0
NER.2.2_1,1997-2000,0.0,0.0,0.0,0.0,150.0
NER.2.2_1,2017-2020,0.0,0.0,0.0,0.0,1.0
NER.2.2_1,2021-2024,0.0,0.0,0.0,0.0,1.0
NER.2.3_1,1997-2000,0.0,0.0,0.0,0.0,0.0
NER.2.3_1,2001-2004,0.0,1.0,0.0,0.0,0.0
NER.2.3_1,2013-2016,6.0,0.0,0.0,0.0,13.0
NER.2.3_1,2017-2020,3.0,0.0,0.0,0.0,48.0
NER.2.3_1,2021-2024,0.0,0.0,0.0,0.0,3.0
NER.3.2_1,2017-2020,0.0,0.0,0.0,0.0,1.0
NER.3.3_1,1997-2000,0.0,0.0,0.0,0.0,0.0
NER.3.3_1,2017-2020,0.0,0.0,0.0,0.0,3.0
NER.4.3_1,2017-2020,0.0,0.0,0.0,0.0,3.0
NER.4.3_1,2021-2024,0.0,0.0,0.0,0.0,7.0
NER.4.4_1,2017-2020,0.0,0.0,0.0,0.0,15.0
NER.4.4_1,2021-2024,0.0,0.0,0.0,0.0,5.0
NER.5.1_1,1997-2000,0.0,0.0,0.0,0.0,1.0
NER.5.1_1,2001-2004,0.0,0.0,1.0,0.0,0.0
NER.5.1_1,2005-2008,1.0,0.0,1.0,0.0,0.0
NER.5.1_1,2009-2012,0.0,0.0,0.0,0.0,0.0
NER.5.1_1,2013-2016,0.0,0.0,3.0,0.0,4.0
NER.5.1_1,2017-2020,0.0,0.0,4.0,0.0,1.0
NER.5.1_1,2021-2024,0.0,0.0,2.0,0.0,0.0
NER.6.1_1,2013-2016,0.0,0.0,0.0,0.0,0.0
NER.6.1_1,2017-2020,0.0,0.0,0.0,0.0,2.0
NER.6.1_1,2021-2024,0.0,0.0,0.0,0.0,0.0
NER.6.4_1,2017-2020,0.0,0.0,0.0,0.0,1.0
NER.6.5_1,2013-2016,0.0,0.0,0.0,0.0,0.0
NER.6.6_1,1997-2000,0.0,0.0,0.0,0.0,0.0
NER.6.6_1,2005-2008,1.0,0.0,0.0,0.0,0.0
NER.6.6_1,2013-2016,0.0,0.0,0.0,0.0,0.0
NER.6.7_1,2009-2012,0.0,0.0,0.0,0.0,1.0
NER.6.7_1,2013-2016,0.0,0.0,0.0,0.0,0.0
NER.6.7_1,2017-2020,0.0,0.0,0.0,0.0,1.0
NER.6.7_1,2021-2024,0.0,0.0,0.0,0.0,14.0
NER.7.1_1,2017-2020,0.0,0.0,0.0,0.0,5.0
NER.7.1_1,2021-2024,0.0,0.0,0.0,0.0,6.0
NER.7.2_1,1997-2000,0.0,0.0,0.0,0.0,0.0
NER.7.2_1,2017-2020,0.0,0.0,0.0,0.0,0.0
NER.7.3_1,1997-2000,0.0,0.0,0.0,0.0,12.0
NER.7.3_1,2005-2008,0.0,0.0,0.0,0.0,0.0
NER.7.3_1,2009-2012,0.0,0.0,0.0,0.0,0.0
NER.7.3_1,2013-2016,0.0,0.0,0.0,0.0,0.0
NER.7.3_1,2017-2020,0.0,0.0,2.0,0.0,61.0
NER.7.3_1,2021-2024,0.0,0.0,0.0,0.0,251.0
NER.7.4_1,2001-2004,0.0,0.0,0.0,0.0,0.0
NER.7.4_1,2017-2020,4.0,0.0,0.0,0.0,14.0
NER.7.4_1,2021-2024,3.0,0.0,0.0,0.0,3.0
NER.7.5_1,2013-2016,0.0,0.0,0.0,0.0,0.0
NER.7.5_1,2017-2020,0.0,0.0,0.0,0.0,10.0
NER.7.5_1,2021-2024,7.0,0.0,0.0,0.0,15.0
NER.7.6_1,2009-2012,0.0,0.0,0.0,0.0,4.0
NER.7.6_1,2017-2020,0.0,0.0,0.0,0.0,57.0
NER.7.6_1,2021-2024,0.0,0.0,0.0,0.0,60.0
NER.8.1_1,2005-2008,3.0,0.0,0.0,0.0,0.0
NER.8.4_1,2009-2012,0.0,0.0,2.0,0.0,0.0
NER.8.4_1,2013-2016,0.0,0.0,4.0,0.0,0.0
NER.8.5_1,2005-2008,0.0,0.0,0.0,0.0,3.0
NGA.1.10_1,2017-2020,0.0,0.0,1.0,0.0,1.0
NGA.1.10_1,2021-2024,0.0,0.0,0.0,0.0,0.0
NGA.1.11_1,2009-2012,0.0,0.0,0.0,0.0,0.0
NGA.1.11_1,2017-2020,0.0,0.0,0.0,0.0,13.0
NGA.1.14_1,2017-2020,0.0,0.0,0.0,0.0,45.0
NGA.1.15_1,2005-2008,0.0,0.0,0.0,0.0,0.0
NGA.1.16_1,1997-2000,0.0,0.0,0.0,0.0,0.0
NGA.1.16_1,2009-2012,0.0,0.0,0.0,0.0,1.0
NGA.1.16_1,2013-2016,0.0,0.0,1.0,0.0,0.0
NGA.1.16_1,2017-2020,0.0,2.0,0.0,0.0,47.0
NGA.1.16_1,2021-2024,0.0,0.0,0.0,0.0,0.0
NGA.1.2_1,1997-2000,0.0,0.0,55.0,0.0,0.0
NGA.1.2_1,2005-2008,0.0,0.0,0.0,0.0,0.0
NGA.1.2_1,2009-2012,0.0,0.0,0.0,0.0,3.0
NGA.1.2_1,2013-2016,0.0,14.0,1.0,0.0,2.0
NGA.1.2_1,2017-2020,0.0,1.0,4.0,0.0,66.0
NGA.1.2_1,2021-2024,0.0,0.0,0.0,0.0,1.0
NGA.1.3_1,2017-2020,0.0,0.0,0.0,0.0,0.0
NGA.1.4_1,2017-2020,0.0,0.0,0.0,0.0,0.0
NGA.1.6_1,2013-2016,0.0,0.0,0.0,0.0,4.0
NGA.1.7_1,2017-2020,0.0,0.0,0.0,0.0,1.0
NGA.1.7_1,2021-2024,0.0,0.0,0.0,0.0,0.0
NGA.10.10_1,2005-2008,0.0,0.0,0.0,0.0,0.0
NGA.10.10_1,2013-2016,0.0,0.0,1.0,0.0,5.0
NGA.10.10_1,2017-2020,0.0,0.0,0.0,0.0,15.0
NGA.10.10_1,2021-2024,0.0,0.0,0.0,0.0,1.0
NGA.10.11_1,2001-2004,0.0,0.0,2.0,0.0,0.0
NGA.10.11_1,2009-2012,0.0,0.0,0.0,0.0,0.0
NGA.10.11_1,2013-2016,0.0,0.0,0.0,0.0,3.0
NGA.10.11_1,2017-2020,0.0,0.0,0.0,0.0,11.0
NGA.10.12_1,2009-2012,0.0,0.0,0.0,0.0,3.0
NGA.10.12_1,2013-2016,0.0,0.0,0.0,0.0,1.0
NGA.10.12_1,2017-2020,0.0,0.0,2.0,0.0,3.0
NGA.10.13_1,2009-2012,0.0,0.0,0.0,0.0,1.0
NGA.10.13_1,2017-2020,0.0,0.0,0.0,0.0,0.0
NGA.10.14_1,2009-2012,0.0,0.0,0.0,0.0,5.0
NGA.10.14_1,2017-2020,0.0,0.0,0.0,0.0,6.0
NGA.10.14_1,2021-2024,0.0,0.0,0.0,0.0,0.0
NGA.10.15_1,2001-2004,0.0,0.0,1.0,0.0,0.0
NGA.10.15_1,2013-2016,0.0,0.0,9.0,0.0,0.0
NGA.10.15_1,2017-2020,0.0,2.0,1.0,0.0,12.0
NGA.10.15_1,2021-2024,0.0,0.0,0.0,0.0,1.0
NGA.10.16_1,2013-2016,0.0,0.0,0.0,0.0,7.0
NGA.10.16_1,2017-2020,0.0,0.0,0.0,0.0,1.0
NGA.10.17_1,2001-2004,0.0,0.0,2.0,0.0,0.0
NGA.10.17_1,2009-2012,0.0,0.0,0.0,0.0,0.0
NGA.10.17_1,2013-2016,0.0,0.0,0.0,0.0,0.0
NGA.10.17_1,2017-2020,0.0,0.0,0.0,0.0,3.0
NGA.10.17_1,2021-2024,0.0,0.0,0.0,0.0,1.0
NGA.10.18_1,2013-2016,0.0,0.0,0.0,0.0,1.0
NGA.10.18_1,2017-2020,0.0,0.0,3.0,0.0,4.0
NGA.10.18_1,2021-2024,0.0,0.0,3.0,0.0,0.0
NGA.10.19_1,1997-2000,0.0,0.0,0.0,0.0,1.0
NGA.10.19_1,2009-2012,0.0,0.0,0.0,0.0,15.0
NGA.10.19_1,2013-2016,0.0,2.0,0.0,0.0,3.0
NGA.10.19_1,2017-2020,0.0,0.0,8.0,0.0,11.0
NGA.10.19_1,2021-2024,0.0,0.0,1.0,0.0,2.0
NGA.10.1_1,2013-2016,0.0,0.0,0.0,0.0,4.0
NGA.10.1_1,2017-2020,0.0,0.0,1.0,0.0,12.0
NGA.10.20_1,2013-2016,0.0,0.0,0.0,0.0,2.0
NGA.10.20_1,2017-2020,0.0,0.0,0.0,0.0,22.0
NGA.10.21_1,2001-2004,0.0,0.0,0.0,0.0,15.0
NGA.10.21_1,2013-2016,0.0,0.0,0.0,0.0,0.0
NGA.10.21_1,2021-2024,0.0,0.0,0.0,0.0,0.0
NGA.10.22_1,1997-2000,0.0,0.0,0.0,0.0,0.0
NGA.10.22_1,2001-2004,0.0,0.0,5.0,0.0,0.0
NGA.10.22_1,2009-2012,0.0,0.0,0.0,0.0,0.0
NGA.10.22_1,2013-2016,0.0,0.0,0.0,0.0,1.0
NGA.10.22_1,2017-2020,0.0,0.0,8.0,0.0,1.0
NGA.10.22_1,2021-2024,0.0,0.0,0.0,0.0,0.0
NGA.10.23_1,1997-2000,0.0,0.0,0.0,0.0,0.0
NGA.10.24_1,1997-2000,0.0,0.0,13.0,0.0,9.0
NGA.10.24_1,2001-2004,0.0,0.0,0.0,0.0,77.0
NGA.10.24_1,2005-2008,0.0,0.0,0.0,0.0,2.0
NGA.10.24_1,2009-2012,1.0,1.0,0.0,0.0,12.0
NGA.10.24_1,2013-2016,0.0,0.0,8.0,0.0,0.0
NGA.10.24_1,2017-2020,0.0,0.0,4.0,0.0,4.0
NGA.10.24_1,2021-2024,0.0,0.0,0.0,0.0,1.0
NGA.10.25_1,1997-2000,0.0,0.0,0.0,0.0,0.0
NGA.10.25_1,2009-2012,100.0,0.0,0.0,0.0,0.0
NGA.10.25_1,2013-2016,0.0,0.0,0.0,0.0,1.0
NGA.10.25_1,2017-2020,0.0,0.0,0.0,0.0,1.0
NGA.10.2_1,1997-2000,0.0,0.0,0.0,0.0,1.0
NGA.10.2_1,2001-2004,0.0,0.0,0.0,0.0,25.0
NGA.10.2_1,2013-2016,0.0,0.0,0.0,0.0,1.0
NGA.10.2_1,2017-2020,0.0,0.0,0.0,0.0,4.0
NGA.10.2_1,2021-2024,0.0,0.0,1.0,0.0,0.0
NGA.10.3_1,2013-2016,0.0,0.0,0.0,0.0,0.0
NGA.10.3_1,2017-2020,0.0,0.0,0.0,0.0,0.0
NGA.10.4_1,1997-2000,0.0,0.0,0.0,0.0,5.0
NGA.10.4_1,2001-2004,0.0,0.0,30.0,0.0,20.0
NGA.10.4_1,2009-2012,0.0,0.0,0.0,0.0,6.0
NGA.10.4_1,2013-2016,0.0,0.0,0.0,0.0,0.0
NGA.10.4_1,2017-2020,0.0,0.0,0.0,0.0,0.0
NGA.10.5_1,1997-2000,700.0,0.0,0.0,0.0,0.0
NGA.10.5_1,2009-2012,0.0,0.0,6.0,0.0,0.0
NGA.10.5_1,2013-2016,0.0,0.0,0.0,0.0,1.0
NGA.10.5_1,2017-2020,0.0,0.0,2.0,0.0,0.0
NGA.10.5_1,2021-2024,0.0,0.0,1.0,0.0,0.0
NGA.10.6_1,1997-2000,0.0,0.0,0.0,0.0,1.0
NGA.10.6_1,2013-2016,0.0,0.0,4.0,0.0,5.0
NGA.10.6_1,2017-2020,0.0,0.0,1.0,0.0,4.0
NGA.10.7_1,2009-2012,0.0,0.0,0.0,0.0,1.0
NGA.10.7_1,2017-2020,0.0,0.0,1.0,0.0,1.0
NGA.10.8_1,2001-2004,0.0,0.0,0.0,0.0,5.0
NGA.10.8_1,2013-2016,0.0,0.0,0.0,0.0,0.0
NGA.10.8_1,2017-2020,0.0,0.0,0.0,0.0,6.0
NGA.10.9_1,2001-2004,0.0,0.0,0.0,0.0,8.0
NGA.10.9_1,2009-2012,0.0,0.0,0.0,0.0,0.0
NGA.10.9_1,2013-2016,0.0,0.0,0.0,0.0,0.0
NGA.10.9_1,2017-2020,0.0,1.0,0.0,0.0,2.0
NGA.11.10_1,2017-2020,0.0,0.0,0.0,0.0,1.0
NGA.11.11_1,2013-2016,0.0,0.0,1.0,0.0,0.0
NGA.11.11_1,2017-2020,0.0,0.0,0.0,0.0,1.0
NGA.11.11_1,2021-2024,0.0,0.0,0.0,0.0,0.0
NGA.11.12_1,2013-2016,0.0,0.0,0.0,0.0,1.0
NGA.11.12_1,2017-2020,0.0,0.0,0.0,0.0,1.0
NGA.11.12_1,2021-2024,0.0,0.0,25.0,0.0,0.0
NGA.11.13_1,2013-2016,0.0,0.0,0.0,0.0,3.0
NGA.11.2_1,2013-2016,0.0,0.0,1.0,0.0,0.0
NGA.11.2_1,2017-2020,0.0,0.0,0.0,0.0,0.0
NGA.11.3_1,2017-2020,0.0,0.0,0.0,0.0,3.0
NGA.11.4_1,2001-2004,0.0,0.0,1.0,0.0,1.0
NGA.11.4_1,2005-2008,0.0,0.0,0.0,0.0,0.0
NGA.11.4_1,2009-2012,0.0,0.0,0.0,0.0,1.0
NGA.11.4_1,2013-2016,0.0,0.0,20.0,0.0,0.0
NGA.11.4_1,2017-2020,0.0,0.0,1.0,0.0,1.0
NGA.11.4_1,2021-2024,0.0,0.0,2.0,0.0,3.0
NGA.11.6_1,2017-2020,0.0,0.0,2.0,0.0,0.0
NGA.11.6_1,2021-2024,0.0,0.0,0.0,0.0,0.0
NGA.11.7_1,2013-2016,0.0,0.0,0.0,0.0,3.0
NGA.11.7_1,2017-2020,0.0,0.0,0.0,0.0,0.0
NGA.11.8_1,2013-2016,0.0,0.0,0.0,0.0,1.0
NGA.11.8_1,2017-2020,0.0,0.0,1.0,0.0,0.0
NGA.11.8_1,2021-2024,0.0,0.0,0.0,0.0,5.0
NGA.12.11_1,1997-2000,0.0,0.0,1.0,0.0,0.0
NGA.12.11_1,2001-2004,0.0,0.0,0.0,0.0,8.0
NGA.12.11_1,2005-2008,0.0,0.0,0.0,0.0,6.0
NGA.12.11_1,2009-2012,0.0,0.0,0.0,0.0,16.0
NGA.12.11_1,2013-2016,0.0,0.0,0.0,0.0,16.0
NGA.12.11_1,2017-2020,0.0,0.0,7.0,0.0,13.0
NGA.12.12_1,2001-2004,0.0,0.0,0.0,0.0,0.0
NGA.12.12_1,2017-2020,0.0,0.0,2.0,0.0,0.0
NGA.12.13_1,2013-2016,0.0,0.0,0.0,0.0,1.0
NGA.12.13_1,2017-2020,0.0,0.0,0.0,0.0,1.0
NGA.12.14_1,2017-2020,0.0,0.0,0.0,0.0,11.0
NGA.12.14_1,2021-2024,0.0,0.0,0.0,0.0,1.0
NGA.12.15_1,2013-2016,0.0,0.0,0.0,0.0,7.0
NGA.12.16_1,2017-2020,0.0,0.0,4.0,0.0,0.0
NGA.12.17_1,2017-2020,0.0,0.0,0.0,0.0,2.0
NGA.12.18_1,2017-2020,0.0,0.0,0.0,0.0,0.0
NGA.12.18_1,2021-2024,0.0,0.0,0.0,0.0,0.0
NGA.12.1_1,2013-2016,0.0,0.0,0.0,0.0,0.0
NGA.12.1_1,2017-2020,0.0,0.0,0.0,0.0,1.0
NGA.12.2_1,2009-2012,0.0,0.0,0.0,0.0,1.0
NGA.12.2_1,2017-2020,0.0,0.0,0.0,0.0,0.0
NGA.12.2_1,2021-2024,0.0,0.0,1.0,0.0,1.0
NGA.12.5_1,2017-2020,0.0,0.0,0.0,0.0,4.0
NGA.12.6_1,2001-2004,0.0,0.0,0.0,0.0,5.0
NGA.12.6_1,2005-2008,0.0,0.0,0.0,0.0,7.0
NGA.12.6_1,2009-2012,0.0,0.0,0.0,0.0,0.0
NGA.12.6_1,2017-2020,0.0,0.0,0.0,0.0,1.0
NGA.12.7_1,2013-2016,0.0,0.0,0.0,0.0,0.0
NGA.12.8_1,2017-2020,0.0,0.0,0.0,1.0,0.0
NGA.12.9_1,2001-2004,0.0,0.0,0.0,0.0,0.0
NGA.12.9_1,2005-2008,0.0,0.0,0.0,0.0,0.0
NGA.12.9_1,2009-2012,0.0,0.0,0.0,0.0,0.0
NGA.12.9_1,2017-2020,0.0,5.0,0.0,0.0,0.0
NGA.13.10_1,2017-2020,0.0,0.0,0.0,0.0,2.0
NGA.13.10_1,2021-2024,0.0,0.0,1.0,0.0,0.0
NGA.13.11_1,2017-2020,0.0,0.0,0.0,0.0,2.0
NGA.13.14_1,2013-2016,0.0,0.0,1.0,0.0,0.0
NGA.13.14_1,2017-2020,0.0,0.0,0.0,0.0,1.0
NGA.13.15_1,2017-2020,0.0,0.0,0.0,0.0,1.0
NGA.13.16_1,2013-2016,0.0,0.0,0.0,0.0,0.0
NGA.13.16_1,2017-2020,0.0,0.0,2.0,0.0,3.0
NGA.13.1_1,1997-2000,0.0,0.0,0.0,0.0,0.0
NGA.13.1_1,2001-2004,0.0,0.0,0.0,0.0,1.0
NGA.13.1_1,2005-2008,0.0,0.0,0.0,0.0,0.0
NGA.13.1_1,2013-2016,1.0,0.0,2.0,0.0,1.0
NGA.13.1_1,2017-2020,0.0,2.0,6.0,0.0,8.0
NGA.13.1_1,2021-2024,0.0,0.0,1.0,0.0,0.0
NGA.13.2_1,2013-2016,0.0,0.0,1.0,0.0,0.0
NGA.13.2_1,2017-2020,0.0,0.0,0.0,0.0,3.0
NGA.13.3_1,2017-2020,0.0,0.0,1.0,0.0,0.0
NGA.13.3_1,2021-2024,0.0,0.0,0.0,0.0,0.0
NGA.13.4_1,2017-2020,0.0,0.0,1.0,0.0,0.0
NGA.13.5_1,2013-2016,0.0,0.0,0.0,0.0,1.0
NGA.13.6_1,2017-2020,0.0,0.0,0.0,0.0,1.0
NGA.13.7_1,2017-2020,0.0,0.0,0.0,0.0,1.0
NGA.13.8_1,2013-2016,0.0,0.0,1.0,0.0,0.0
NGA.13.8_1,2017-2020,0.0,0.0,0.0,0.0,2.0
NGA.14.10_1,2017-2020,0.0,0.0,0.0,0.0,3.0
NGA.14.10_1,2021-2024,0.0,0.0,0.0,0.0,8.0
NGA.14.11_1,2013-2016,0.0,0.0,0.0,0.0,1.0
NGA.14.11_1,2017-2020,0.0,0.0,0.0,0.0,0.0
NGA.14.11_1,2021-2024,0.0,0.0,0.0,0.0,1.0
NGA.14.12_1,2009-2012,0.0,0.0,0.0,0.0,0.0
NGA.14.13_1,2001-2004,0.0,0.0,0.0,0.0,23.0
NGA.14.13_1,2013-2016,0.0,0.0,1.0,0.0,3.0
NGA.14.13_1,2017-2020,0.0,0.0,0.0,0.0,1.0
NGA.14.15_1,2009-2012,0.0,0.0,0.0,0.0,1.0
NGA.14.15_1,2017-2020,0.0,0.0,0.0,0.0,1.0
NGA.14.16_1,2009-2012,0.0,0.0,0.0,0.0,0.0
NGA.14.16_1,2017-2020,0.0,0.0,0.0,0.0,1.0
NGA.14.17_1,2009-2012,0.0,0.0,0.0,0.0,2.0
NGA.14.17_1,2013-2016,0.0,0.0,0.0,0.0,50.0
NGA.14.17_1,2017-2020,0.0,0.0,4.0,0.0,0.0
NGA.14.17_1,2021-2024,0.0,0.0,0.0,0.0,3.0
NGA.14.2_1,2001-2004,0.0,0.0,0.0,0.0,8.0
NGA.14.2_1,2009-2012,0.0,0.0,0.0,0.0,0.0
NGA.14.2_1,2013-2016,0.0,0.0,0.0,0.0,1.0
NGA.14.2_1,2017-2020,0.0,0.0,0.0,0.0,2.0
NGA.14.3_1,2013-2016,0.0,0.0,0.0,0.0,0.0
NGA.14.3_1,2017-2020,0.0,0.0,0.0,0.0,0.0
NGA.14.4_1,2001-2004,0.0,0.0,7.0,0.0,0.0
NGA.14.4_1,2005-2008,0.0,0.0,0.0,0.0,0.0
NGA.14.4_1,2009-2012,0.0,0.0,0.0,0.0,6.0
NGA.14.4_1,2013-2016,0.0,0.0,0.0,0.0,3.0
NGA.14.4_1,2017-2020,0.0,0.0,5.0,0.0,3.0
NGA.14.4_1,2021-2024,0.0,0.0,0.0,0.0,5.0
NGA.14.5_1,2017-2020,0.0,0.0,0.0,0.0,3.0
NGA.14.5_1,2021-2024,0.0,0.0,0.0,0.0,0.0
NGA.14.8_1,2013-2016,0.0,0.0,1.0,0.0,0.0
NGA.14.8_1,2017-2020,0.0,0.0,0.0,0.0,0.0
NGA.15.1_1,2013-2016,0.0,0.0,0.0,0.0,1.0
NGA.15.2_1,2005-2008,0.0,0.0,0.0,0.0,0.0
NGA.15.2_1,2013-2016,105.0,0.0,0.0,0.0,1.0
NGA.15.2_1,2017-2020,0.0,0.0,4.0,0.0,2.0
NGA.15.2_1,2021-2024,0.0,0.0,1.0,0.0,1.0
NGA.15.3_1,1997-2000,1.0,0.0,5.0,0.0,1.0
NGA.15.3_1,2001-2004,0.0,0.0,0.0,0.0,14.0
NGA.15.3_1,2005-2008,0.0,0.0,1.0,0.0,14.0
NGA.15.3_1,2009-2012,163.0,0.0,0.0,0.0,1.0
NGA.15.3_1,2013-2016,60.0,0.0,5.0,0.0,15.0
NGA.15.3_1,2017-2020,0.0,6.0,52.0,0.0,17.0
NGA.15.3_1,2021-2024,0.0,2.0,6.0,0.0,0.0
NGA.15.4_1,2013-2016,0.0,0.0,1.0,0.0,1.0
NGA.15.5_1,2013-2016,0.0,0.0,0.0,0.0,3.0
NGA.15.5_1,2017-2020,0.0,0.0,0.0,0.0,2.0
NGA.15.6_1,2013-2016,0.0,0.0,0.0,0.0,3.0
NGA.16.10_1,2009-2012,0.0,0.0,0.0,0.0,0.0
NGA.16.10_1,2017-2020,0.0,0.0,0.0,0.0,1.0
NGA.16.11_1,2017-2020,0.0,0.0,1.0,0.0,0.0
NGA.16.1_1,2001-2004,0.0,0.0,0.0,0.0,1.0
NGA.16.1_1,2009-2012,0.0,0.0,17.0,0.0,16.0
NGA.16.1_1,2013-2016,166.0,1.0,1.0,0.0,8.0
NGA.16.1_1,2017-2020,0.0,0.0,4.0,0.0,9.0
NGA.16.3_1,1997-2000,0.0,0.0,0.0,0.0,0.0
NGA.16.3_1,2013-2016,0.0,0.0,0.0,0.0,1.0
NGA.16.3_1,2021-2024,0.0,0.0,4.0,0.0,0.0
NGA.16.4_1,2013-2016,0.0,0.0,0.0,0.0,5.0
NGA.16.5_1,2009-2012,0.0,0.0,0.0,0.0,0.0
NGA.16.5_1,2013-2016,1.0,0.0,0.0,3.0,0.0
NGA.16.8_1,2013-2016,0.0,0.0,1.0,0.0,0.0
NGA.16.9_1,2013-2016,11.0,0.0,0.0,0.0,15.0
NGA.17.10_1,2017-2020,0.0,0.0,0.0,0.0,1.0
NGA.17.11_1,2013-2016,0.0,0.0,0.0,0.0,0.0
NGA.17.12_1,2017-2020,0.0,0.0,4.0,0.0,0.0
NGA.17.13_1,2021-2024,0.0,0.0,0.0,0.0,4.0
NGA.17.16_1,2013-2016,0.0,0.0,0.0,0.0,0.0
NGA.17.16_1,2017-2020,0.0,0.0,0.0,0.0,3.0
NGA.17.17_1,2017-2020,0.0,0.0,0.0,0.0,1.0
NGA.17.17_1,2021-2024,0.0,0.0,0.0,0.0,0.0
NGA.17.18_1,2013-2016,0.0,0.0,0.0,0.0,0.0
NGA.17.18_1,2017-2020,0.0,0.0,1.0,0.0,5.0
NGA.17.18_1,2021-2024,0.0,0.0,0.0,0.0,4.0
NGA.17.19_1,1997-2000,0.0,0.0,0.0,0.0,0.0
NGA.17.20_1,2017-2020,0.0,0.0,0.0,0.0,2.0
NGA.17.20_1,2021-2024,0.0,0.0,0.0,0.0,7.0
NGA.17.22_1,2021-2024,0.0,0.0,0.0,0.0,13.0
NGA.17.24_1,1997-2000,0.0,0.0,0.0,0.0,0.0
NGA.17.24_1,2001-2004,0.0,0.0,0.0,0.0,25.0
NGA.17.24_1,2005-2008,0.0,0.0,0.0,0.0,0.0
NGA.17.24_1,2013-2016,0.0,0.0,1.0,0.0,0.0
NGA.17.24_1,2017-2020,0.0,0.0,7.0,0.0,4.0
NGA.17.24_1,2021-2024,0.0,0.0,0.0,0.0,5.0
NGA.17.25_1,2013-2016,0.0,0.0,0.0,0.0,1.0
NGA.17.25_1,2017-2020,0.0,0.0,0.0,0.0,1.0
NGA.17.25_1,2021-2024,0.0,0.0,0.0,0.0,0.0
NGA.17.26_1,2013-2016,0.0,0.0,3.0,0.0,0.0
NGA.17.26_1,2017-2020,0.0,0.0,0.0,0.0,0.0
NGA.17.26_1,2021-2024,0.0,0.0,0.0,0.0,1.0
NGA.17.27_1,2013-2016,0.0,0.0,0.0,0.0,0.0
NGA.17.6_1,2013-2016,0.0,0.0,0.0,0.0,0.0
NGA.17.6_1,2017-2020,0.0,0.0,0.0,0.0,3.0
NGA.17.7_1,2017-2020,0.0,0.0,0.0,0.0,1.0
NGA.17.8_1,2013-2016,0.0,0.0,0.0,0.0,1.0
NGA.18.10_1,2013-2016,0.0,0.0,0.0,0.0,0.0
NGA.18.10_1,2017-2020,0.0,0.0,1.0,0.0,0.0
NGA.18.11_1,2013-2016,3.0,0.0,0.0,0.0,5.0
NGA.18.12_1,2017-2020,0.0,0.0,0.0,0.0,0.0
NGA.18.18_1,1997-2000,0.0,0.0,0.0,0.0,0.0
NGA.18.1_1,2013-2016,0.0,0.0,0.0,0.0,6.0
NGA.18.22_1,2001-2004,0.0,0.0,0.0,0.0,0.0
NGA.18.22_1,2017-2020,0.0,0.0,1.0,0.0,0.0
NGA.18.23_1,2017-2020,0.0,0.0,1.0,0.0,0.0
NGA.18.25_1,2017-2020,0.0,0.0,2.0,0.0,2.0
NGA.18.3_1,2009-2012,0.0,0.0,0.0,0.0,0.0
NGA.18.4_1,2005-2008,0.0,0.0,0.0,0.0,0.0
NGA.18.4_1,2013-2016,0.0,0.0,0.0,0.0,1.0
NGA.18.4_1,2017-2020,0.0,0.0,2.0,0.0,0.0
NGA.18.6_1,2001-2004,0.0,0.0,0.0,0.0,0.0
NGA.18.6_1,2013-2016,0.0,0.0,1.0,0.0,0.0
NGA.18.6_1,2017-2020,0.0,0.0,0.0,0.0,1.0
NGA.18.8_1,2013-2016,0.0,0.0,0.0,0.0,1.0
NGA.19.10_1,1997-2000,0.0,15.0,7.0,0.0,37.0
NGA.19.10_1,2001-2004,0.0,0.0,166.0,0.0,95.0
NGA.19.10_1,2009-2012,81.0,0.0,13.0,0.0,112.0
NGA.19.10_1,2013-2016,0.0,8.0,3.0,0.0,4.0
NGA.19.10_1,2017-2020,0.0,0.0,21.0,0.0,3.0
NGA.19.10_1,2021-2024,1.0,0.0,2.0,0.0,0.0
NGA.19.11_1,2013-2016,0.0,0.0,0.0,0.0,0.0
NGA.19.11_1,2017-2020,0.0,0.0,0.0,0.0,2.0
NGA.19.12_1,2017-2020,0.0,0.0,0.0,0.0,61.0
NGA.19.12_1,2021-2024,0.0,0.0,0.0,0.0,3.0
NGA.19.13_1,2009-2012,0.0,0.0,0.0,0.0,47.0
NGA.19.13_1,2013-2016,0.0,0.0,0.0,0.0,5.0
NGA.19.13_1,2017-2020,0.0,0.0,0.0,0.0,38.0
NGA.19.14_1,2013-2016,0.0,0.0,0.0,0.0,38.0
NGA.19.14_1,2017-2020,0.0,0.0,0.0,0.0,0.0
NGA.19.14_1,2021-2024,0.0,0.0,0.0,0.0,3.0
NGA.19.16_1,2009-2012,0.0,0.0,0.0,0.0,1.0
NGA.19.17_1,2005-2008,0.0,0.0,0.0,0.0,1.0
NGA.19.17_1,2013-2016,0.0,0.0,0.0,0.0,30.0
NGA.19.17_1,2021-2024,3.0,0.0,0.0,0.0,0.0
NGA.19.19_1,1997-2000,0.0,0.0,0.0,0.0,1.0
NGA.19.19_1,2009-2012,30.0,0.0,0.0,0.0,4.0
NGA.19.19_1,2013-2016,37.0,0.0,200.0,0.0,108.0
NGA.19.19_1,2017-2020,0.0,0.0,0.0,0.0,21.0
NGA.19.19_1,2021-2024,0.0,0.0,0.0,0.0,3.0
NGA.19.1_1,2009-2012,0.0,0.0,12.0,0.0,28.0
NGA.19.1_1,2013-2016,0.0,0.0,0.0,0.0,6.0
NGA.19.1_1,2017-2020,20.0,0.0,0.0,0.0,88.0
NGA.19.1_1,2021-2024,20.0,0.0,0.0,0.0,1.0
NGA.19.20_1,2001-2004,0.0,0.0,0.0,0.0,0.0
NGA.19.20_1,2013-2016,0.0,0.0,0.0,0.0,70.0
NGA.19.20_1,2017-2020,0.0,0.0,2.0,0.0,9.0
NGA.19.21_1,2009-2012,0.0,0.0,0.0,0.0,2.0
NGA.19.22_1,1997-2000,0.0,0.0,0.0,0.0,0.0
NGA.19.22_1,2009-2012,0.0,0.0,0.0,0.0,558.0
NGA.19.22_1,2013-2016,0.0,1.0,0.0,0.0,21.0
NGA.19.22_1,2017-2020,0.0,0.0,0.0,0.0,51.0
NGA.19.22_1,2021-2024,0.0,1.0,2.0,0.0,30.0
NGA.19.23_1,2021-2024,0.0,0.0,0.0,0.0,1.0
NGA.19.2_1,2009-2012,4.0,0.0,5.0,0.0,51.0
NGA.19.2_1,2013-2016,0.0,0.0,0.0,0.0,3.0
NGA.19.2_1,2017-2020,0.0,0.0,0.0,0.0,62.0
NGA.19.2_1,2021-2024,5.0,0.0,0.0,0.0,16.0
NGA.19.3_1,2013-2016,0.0,0.0,0.0,0.0,9.0
NGA.19.3_1,2017-2020,0.0,0.0,0.0,0.0,0.0
NGA.19.3_1,2021-2024,3.0,0.0,0.0,0.0,7.0
NGA.19.4_1,2009-2012,15.0,0.0,0.0,0.0,2.0
NGA.19.4_1,2013-2016,0.0,0.0,0.0,0.0,29.0
NGA.19.4_1,2017-2020,0.0,0.0,0.0,0.0,14.0
NGA.19.4_1,2021-2024,50.0,0.0,0.0,0.0,3.0
NGA.19.5_1,2009-2012,1.0,0.0,0.0,0.0,0.0
NGA.19.5_1,2013-2016,35.0,0.0,0.0,0.0,1.0
NGA.19.5_1,2017-2020,0.0,0.0,0.0,0.0,14.0
NGA.19.7_1,2013-2016,0.0,0.0,4.0,0.0,69.0
NGA.19.7_1,2017-2020,0.0,2.0,0.0,0.0,37.0
NGA.19.7_1,2021-2024,0.0,0.0,0.0,0.0,4.0
NGA.19.8_1,2001-2004,0.0,0.0,0.0,0.0,17.0
NGA.19.8_1,2005-2008,2.0,0.0,0.0,0.0,0.0
NGA.19.8_1,2013-2016,0.0,0.0,1.0,0.0,0.0
NGA.19.8_1,2017-2020,0.0,0.0,0.0,0.0,2.0
NGA.19.8_1,2021-2024,0.0,0.0,0.0,0.0,1.0
NGA.19.9_1,2013-2016,50.0,0.0,0.0,0.0,10.0
NGA.19.9_1,2021-2024,0.0,0.0,0.0,0.0,1.0
NGA.2.10_1,2009-2012,0.0,0.0,0.0,0.0,0.0
NGA.2.10_1,2013-2016,103.0,0.0,0.0,0.0,157.0
NGA.2.10_1,2017-2020,34.0,0.0,0.0,2.0,18.0
NGA.2.10_1,2021-2024,0.0,0.0,2.0,0.0,3.0
NGA.2.11_1,2009-2012,0.0,0.0,0.0,0.0,0.0
NGA.2.11_1,2013-2016,0.0,0.0,0.0,0.0,10.0
NGA.2.11_1,2021-2024,0.0,0.0,0.0,0.0,0.0
NGA.2.13_1,2005-2008,0.0,0.0,1.0,0.0,0.0
NGA.2.13_1,2009-2012,0.0,0.0,1.0,0.0,0.0
NGA.2.13_1,2013-2016,0.0,0.0,17.0,0.0,59.0
NGA.2.13_1,2017-2020,0.0,0.0,0.0,0.0,7.0
NGA.2.14_1,2017-2020,0.0,0.0,0.0,0.0,0.0
NGA.2.15_1,2013-2016,0.0,0.0,0.0,0.0,20.0
NGA.2.16_1,2005-2008,0.0,0.0,0.0,0.0,0.0
NGA.2.16_1,2017-2020,16.0,0.0,0.0,0.0,42.0
NGA.2.17_1,2013-2016,0.0,0.0,0.0,0.0,10.0
NGA.2.17_1,2017-2020,0.0,0.0,0.0,0.0,3.0
NGA.2.18_1,2001-2004,0.0,0.0,0.0,0.0,89.0
NGA.2.18_1,2013-2016,0.0,0.0,0.0,0.0,2.0
NGA.2.19_1,2013-2016,0.0,0.0,0.0,0.0,8.0
NGA.2.19_1,2017-2020,0.0,0.0,0.0,0.0,7.0
NGA.2.1_1,2001-2004,0.0,0.0,0.0,0.0,2.0
NGA.2.1_1,2013-2016,20.0,0.0,0.0,0.0,3.0
NGA.2.1_1,2017-2020,15.0,0.0,8.0,0.0,7.0
NGA.2.1_1,2021-2024,0.0,0.0,1.0,0.0,0.0
NGA.2.21_1,2009-2012,0.0,0.0,3.0,0.0,18.0
NGA.2.21_1,2013-2016,99.0,0.0,0.0,0.0,1.0
NGA.2.21_1,2017-2020,0.0,0.0,8.0,0.0,3.0
NGA.2.2_1,2017-2020,0.0,4.0,0.0,0.0,0.0
NGA.2.3_1,2009-2012,0.0,0.0,0.0,0.0,20.0
NGA.2.3_1,2013-2016,0.0,0.0,0.0,0.0,23.0
NGA.2.3_1,2017-2020,0.0,0.0,0.0,0.0,2.0
NGA.2.4_1,2005-2008,0.0,0.0,0.0,0.0,0.0
NGA.2.4_1,2009-2012,0.0,0.0,0.0,0.0,8.0
NGA.2.4_1,2013-2016,10.0,0.0,0.0,0.0,7.0
NGA.2.4_1,2017-2020,0.0,0.0,0.0,0.0,7.0
NGA.2.5_1,2017-2020,0.0,0.0,0.0,0.0,5.0
NGA.2.7_1,2009-2012,5.0,0.0,1.0,0.0,66.0
NGA.2.7_1,2013-2016,54.0,0.0,0.0,0.0,84.0
NGA.2.7_1,2017-2020,73.0,0.0,1.0,0.0,4.0
NGA.2.7_1,2021-2024,0.0,0.0,0.0,0.0,25.0
NGA.2.8_1,2017-2020,0.0,0.0,2.0,0.0,0.0
NGA.2.9_1,2009-2012,0.0,0.0,0.0,0.0,12.0
NGA.2.9_1,2017-2020,0.0,0.0,0.0,0.0,13.0
NGA.20.11_1,2013-2016,0.0,0.0,0.0,0.0,5.0
NGA.20.13_1,2001-2004,0.0,0.0,0.0,0.0,1000.0
NGA.20.17_1,2013-2016,0.0,0.0,0.0,0.0,0.0
NGA.20.17_1,2017-2020,0.0,0.0,0.0,0.0,1.0
NGA.20.18_1,2013-2016,0.0,0.0,0.0,0.0,0.0
NGA.20.1_1,2009-2012,0.0,0.0,0.0,0.0,1.0
NGA.20.21_1,2009-2012,0.0,0.0,0.0,0.0,4.0
NGA.20.23_1,2013-2016,0.0,0.0,0.0,0.0,0.0
NGA.20.24_1,2001-2004,0.0,0.0,0.0,0.0,3.0
NGA.20.28_1,2013-2016,0.0,0.0,0.0,0.0,3.0
NGA.20.30_1,2013-2016,0.0,0.0,0.0,0.0,2.0
NGA.20.31_1,1997-2000,0.0,0.0,4.0,0.0,0.0
NGA.20.31_1,2001-2004,0.0,0.0,200.0,0.0,22.0
NGA.20.31_1,2005-2008,0.0,0.0,0.0,0.0,7.0
NGA.20.31_1,2009-2012,195.0,0.0,3.0,0.0,59.0
NGA.20.31_1,2013-2016,291.0,0.0,6.0,1.0,66.0
NGA.20.31_1,2017-2020,0.0,2.0,3.0,0.0,1.0
NGA.20.34_1,2017-2020,0.0,0.0,0.0,0.0,0.0
NGA.20.36_1,2009-2012,0.0,0.0,0.0,0.0,0.0
NGA.20.38_1,2009-2012,0.0,0.0,0.0,0.0,3.0
NGA.20.3_1,2017-2020,0.0,0.0,0.0,0.0,2.0
NGA.20.42_1,2001-2004,0.0,0.0,0.0,0.0,6.0
NGA.20.42_1,2013-2016,49.0,0.0,0.0,0.0,0.0
NGA.20.43_1,2009-2012,0.0,0.0,0.0,0.0,1.0
NGA.20.43_1,2013-2016,0.0,0.0,0.0,0.0,0.0
NGA.20.4_1,2013-2016,0.0,0.0,0.0,0.0,1.0
NGA.20.4_1,2017-2020,0.0,0.0,0.0,0.0,0.0
NGA.20.5_1,2001-2004,0.0,0.0,0.0,0.0,1.0
NGA.20.5_1,2009-2012,0.0,0.0,4.0,0.0,0.0
NGA.20.6_1,2013-2016,0.0,0.0,0.0,0.0,0.0
NGA.20.8_1,2009-2012,0.0,0.0,2.0,0.0,1.0
NGA.20.8_1,2017-2020,0.0,0.0,0.0,0.0,3.0
NGA.21.11_1,2017-2020,0.0,0.0,0.0,0.0,0.0
NGA.21.12_1,2017-2020,0.0,0.0,0.0,0.0,5.0
NGA.21.13_1,2013-2016,0.0,0.0,0.0,0.0,200.0
NGA.21.13_1,2017-2020,7.0,0.0,0.0,0.0,60.0
NGA.21.13_1,2021-2024,0.0,0.0,0.0,0.0,10.0
NGA.21.14_1,2013-2016,0.0,0.0,0.0,0.0,0.0
NGA.21.14_1,2017-2020,0.0,0.0,0.0,0.0,9.0
NGA.21.14_1,2021-2024,0.0,0.0,0.0,0.0,3.0
NGA.21.16_1,2013-2016,0.0,0.0,0.0,0.0,0.0
NGA.21.16_1,2017-2020,0.0,0.0,1.0,0.0,5.0
NGA.21.16_1,2021-2024,0.0,0.0,3.0,0.0,0.0
NGA.21.19_1,2009-2012,0.0,0.0,0.0,0.0,0.0
NGA.21.19_1,2013-2016,0.0,0.0,0.0,0.0,2.0
NGA.21.19_1,2017-2020,0.0,0.0,0.0,0.0,35.0
NGA.21.1_1,2005-2008,0.0,0.0,0.0,0.0,1.0
NGA.21.20_1,2013-2016,0.0,0.0,0.0,0.0,0.0
NGA.21.20_1,2017-2020,0.0,0.0,0.0,0.0,2.0
NGA.21.21_1,1997-2000,0.0,0.0,0.0,0.0,0.0
NGA.21.21_1,2005-2008,0.0,0.0,3.0,0.0,0.0
NGA.21.21_1,2009-2012,0.0,0.0,8.0,0.0,0.0
NGA.21.21_1,2013-2016,0.0,0.0,0.0,0.0,0.0
NGA.21.21_1,2017-2020,0.0,0.0,0.0,0.0,1.0
NGA.21.22_1,2017-2020,0.0,0.0,0.0,0.0,13.0
NGA.21.22_1,2021-2024,0.0,0.0,0.0,0.0,0.0
NGA.21.23_1,2017-2020,0.0,0.0,1.0,0.0,0.0
NGA.21.23_1,2021-2024,0.0,0.0,0.0,0.0,1.0
NGA.21.25_1,1997-2000,0.0,0.0,0.0,0.0,0.0
NGA.21.25_1,2017-2020,0.0,0.0,1.0,0.0,0.0
NGA.21.26_1,2017-2020,0.0,0.0,0.0,0.0,3.0
NGA.21.28_1,2017-2020,0.0,0.0,0.0,0.0,1.0
NGA.21.29_1,2021-2024,0.0,0.0,0.0,0.0,1.0
NGA.21.2_1,2013-2016,0.0,0.0,0.0,0.0,0.0
NGA.21.2_1,2017-2020,0.0,0.0,0.0,0.0,19.0
NGA.21.30_1,2009-2012,0.0,0.0,0.0,0.0,0.0
NGA.21.30_1,2017-2020,0.0,0.0,0.0,0.0,7.0
NGA.21.30_1,2021-2024,0.0,0.0,0.0,0.0,0.0
NGA.21.31_1,2017-2020,0.0,0.0,0.0,0.0,19.0
NGA.21.31_1,2021-2024,0.0,0.0,0.0,0.0,3.0
NGA.21.32_1,2017-2020,0.0,0.0,0.0,0.0,10.0
NGA.21.32_1,2021-2024,0.0,0.0,0.0,0.0,11.0
NGA.21.34_1,2017-2020,0.0,0.0,0.0,0.0,1.0
NGA.21.3_1,2017-2020,0.0,0.0,5.0,0.0,29.0
NGA.21.3_1,2021-2024,0.0,0.0,0.0,0.0,0.0
NGA.21.7_1,2017-2020,0.0,0.0,0.0,0.0,3.0
NGA.21.9_1,2013-2016,0.0,0.0,0.0,0.0,2.0
NGA.21.9_1,2017-2020,37.0,0.0,0.0,0.0,8.0
NGA.21.9_1,2021-2024,0.0,0.0,0.0,0.0,7.0
NGA.22.11_1,2009-2012,0.0,0.0,0.0,0.0,0.0
NGA.22.14_1,2009-2012,0.0,0.0,0.0,0.0,1.0
NGA.22.15_1,2013-2016,0.0,0.0,0.0,0.0,4.0
NGA.22.16_1,2005-2008,0.0,2.0,0.0,0.0,0.0
NGA.22.16_1,2021-2024,0.0,0.0,0.0,0.0,0.0
NGA.22.1_1,2021-2024,0.0,0.0,1.0,0.0,0.0
NGA.22.21_1,2013-2016,0.0,0.0,0.0,0.0,0.0
NGA.22.21_1,2017-2020,0.0,0.0,0.0,0.0,7.0
NGA.22.2_1,2021-2024,0.0,0.0,0.0,0.0,0.0
NGA.22.4_1,2017-2020,0.0,0.0,0.0,0.0,1.0
NGA.22.5_1,2017-2020,0.0,0.0,0.0,0.0,1.0
NGA.22.6_1,2001-2004,0.0,0.0,0.0,0.0,0.0
NGA.22.6_1,2009-2012,0.0,0.0,0.0,0.0,7.0
NGA.22.7_1,2017-2020,0.0,0.0,0.0,0.0,1.0
NGA.22.8_1,2013-2016,0.0,0.0,4.0,0.0,1.0
NGA.22.8_1,2017-2020,0.0,0.0,0.0,0.0,0.0
NGA.22.9_1,2017-2020,0.0,0.0,1.0,0.0,1.0
NGA.23.10_1,2001-2004,0.0,0.0,0.0,0.0,1.0
NGA.23.10_1,2021-2024,0.0,0.0,0.0,0.0,1.0
NGA.23.11_1,2009-2012,0.0,0.0,0.0,0.0,0.0
NGA.23.11_1,2013-2016,0.0,0.0,0.0,0.0,0.0
NGA.23.11_1,2017-2020,0.0,0.0,0.0,0.0,23.0
NGA.23.11_1,2021-2024,0.0,0.0,0.0,0.0,0.0
NGA.23.12_1,2001-2004,0.0,0.0,4.0,0.0,7.0
NGA.23.12_1,2009-2012,0.0,0.0,0.0,0.0,2.0
NGA.23.12_1,2013-2016,0.0,0.0,0.0,0.0,7.0
NGA.23.12_1,2017-2020,0.0,3.0,3.0,0.0,5.0
NGA.23.13_1,2017-2020,0.0,0.0,0.0,0.0,1.0
NGA.23.14_1,2013-2016,0.0,0.0,0.0,0.0,1.0
NGA.23.14_1,2017-2020,0.0,0.0,0.0,0.0,1.0
NGA.23.15_1,2017-2020,0.0,0.0,0.0,0.0,1.0
NGA.23.16_1,2009-2012,0.0,0.0,0.0,0.0,19.0
NGA.23.16_1,2013-2016,0.0,0.0,0.0,0.0,1.0
NGA.23.16_1,2017-2020,0.0,0.0,1.0,0.0,1.0
NGA.23.16_1,2021-2024,0.0,0.0,2.0,0.0,0.0
NGA.23.17_1,2009-2012,0.0,0.0,0.0,0.0,0.0
NGA.23.18_1,2017-2020,0.0,0.0,0.0,0.0,1.0
NGA.23.19_1,2017-2020,0.0,0.0,0.0,0.0,1.0
NGA.23.19_1,2021-2024,0.0,0.0,0.0,0.0,4.0
NGA.23.1_1,2009-2012,0.0,0.0,6.0,0.0,0.0
NGA.23.1_1,2013-2016,6.0,0.0,0.0,0.0,6.0
NGA.23.1_1,2017-2020,0.0,0.0,0.0,0.0,11.0
NGA.23.1_1,2021-2024,0.0,0.0,1.0,0.0,0.0
NGA.23.20_1,2017-2020,0.0,0.0,0.0,0.0,3.0
NGA.23.21_1,2013-2016,0.0,0.0,0.0,0.0,0.0
NGA.23.2_1,2017-2020,0.0,1.0,0.0,0.0,11.0
NGA.23.3_1,2013-2016,0.0,0.0,0.0,0.0,1.0
NGA.23.3_1,2017-2020,0.0,0.0,0.0,0.0,3.0
NGA.23.4_1,2009-2012,0.0,0.0,0.0,0.0,0.0
NGA.23.4_1,2013-2016,0.0,0.0,0.0,0.0,0.0
NGA.23.4_1,2017-2020,0.0,0.0,0.0,0.0,0.0
NGA.23.5_1,2013-2016,0.0,0.0,0.0,0.0,11.0
NGA.23.5_1,2017-2020,0.0,0.0,0.0,0.0,8.0
NGA.23.5_1,2021-2024,0.0,0.0,0.0,0.0,1.0
NGA.23.8_1,2017-2020,0.0,0.0,0.0,0.0,6.0
NGA.23.8_1,2021-2024,0.0,0.0,0.0,0.0,1.0
NGA.23.9_1,2017-2020,0.0,0.0,0.0,0.0,2.0
NGA.24.11_1,2013-2016,0.0,0.0,0.0,0.0,1.0
NGA.24.12_1,2009-2012,0.0,0.0,0.0,0.0,1.0
NGA.24.12_1,2013-2016,0.0,0.0,0.0,0.0,0.0
NGA.24.12_1,2017-2020,0.0,0.0,1.0,0.0,1.0
NGA.24.13_1,2013-2016,0.0,0.0,1.0,0.0,0.0
NGA.24.15_1,2017-2020,0.0,0.0,0.0,0.0,0.0
NGA.24.1_1,2001-2004,0.0,0.0,0.0,0.0,0.0
NGA.24.1_1,2009-2012,0.0,0.0,0.0,0.0,1.0
NGA.24.1_1,2017-2020,0.0,0.0,0.0,0.0,1.0
NGA.24.1_1,2021-2024,0.0,0.0,0.0,0.0,6.0
NGA.24.2_1,2021-2024,0.0,0.0,5.0,0.0,0.0
NGA.24.3_1,2013-2016,0.0,0.0,0.0,0.0,1.0
NGA.24.3_1,2017-2020,0.0,0.0,0.0,0.0,0.0
NGA.24.5_1,1997-2000,0.0,0.0,0.0,0.0,0.0
NGA.24.5_1,2013-2016,0.0,0.0,0.0,0.0,0.0
NGA.24.8_1,1997-2000,0.0,0.0,0.0,0.0,2.0
NGA.24.8_1,2001-2004,0.0,0.0,0.0,0.0,13.0
NGA.24.8_1,2005-2008,0.0,0.0,0.0,0.0,0.0
NGA.24.8_1,2009-2012,0.0,3.0,0.0,0.0,0.0
NGA.24.8_1,2013-2016,0.0,0.0,4.0,0.0,1.0
NGA.24.8_1,2017-2020,0.0,0.0,0.0,0.0,3.0
NGA.24.9_1,2013-2016,0.0,0.0,0.0,0.0,2.0
NGA.24.9_1,2017-2020,0.0,0.0,1.0,0.0,0.0
NGA.25.10_1,2001-2004,0.0,0.0,1.0,0.0,0.0
NGA.25.10_1,2013-2016,0.0,0.0,0.0,0.0,1.0
NGA.25.11_1,1997-2000,0.0,0.0,0.0,0.0,0.0
NGA.25.11_1,2001-2004,0.0,0.0,0.0,0.0,3.0
NGA.25.11_1,2005-2008,0.0,0.0,0.0,0.0,4.0
NGA.25.11_1,2013-2016,0.0,0.0,0.0,0.0,2.0
NGA.25.11_1,2017-2020,0.0,3.0,2.0,0.0,2.0
NGA.25.11_1,2021-2024,0.0,0.0,2.0,0.0,0.0
NGA.25.12_1,1997-2000,0.0,0.0,4.0,0.0,0.0
NGA.25.12_1,2001-2004,0.0,0.0,0.0,0.0,0.0
NGA.25.12_1,2005-2008,0.0,0.0,0.0,0.0,0.0
NGA.25.12_1,2009-2012,0.0,0.0,0.0,0.0,0.0
NGA.25.12_1,2013-2016,0.0,1.0,2.0,0.0,12.0
NGA.25.12_1,2017-2020,0.0,0.0,7.0,0.0,6.0
NGA.25.12_1,2021-2024,0.0,0.0,0.0,0.0,2.0
NGA.25.13_1,2001-2004,0.0,0.0,0.0,0.0,5.0
NGA.25.13_1,2009-2012,0.0,0.0,0.0,0.0,0.0
NGA.25.13_1,2013-2016,0.0,0.0,0.0,0.0,6.0
NGA.25.13_1,2017-2020,0.0,0.0,0.0,0.0,0.0
NGA.25.13_1,2021-2024,0.0,1.0,0.0,0.0,0.0
NGA.25.14_1,1997-2000,9.0,2.0,99.0,0.0,80.0
NGA.25.14_1,2001-2004,45.0,0.0,1.0,0.0,73.0
NGA.25.14_1,2005-2008,0.0,0.0,2.0,0.0,12.0
NGA.25.14_1,2009-2012,0.0,6.0,7.0,0.0,11.0
NGA.25.14_1,2013-2016,1.0,0.0,4.0,0.0,1.0
NGA.25.14_1,2017-2020,0.0,2.0,11.0,0.0,9.0
NGA.25.14_1,2021-2024,0.0,0.0,1.0,0.0,0.0
NGA.25.15_1,2001-2004,0.0,0.0,0.0,0.0,3.0
NGA.25.15_1,2013-2016,0.0,0.0,0.0,0.0,2.0
NGA.25.15_1,2017-2020,0.0,0.0,3.0,0.0,0.0
NGA.25.16_1,2001-2004,0.0,0.0,0.0,0.0,0.0
NGA.25.16_1,2009-2012,0.0,0.0,0.0,0.0,0.0
NGA.25.16_1,2013-2016,0.0,0.0,7.0,0.0,0.0
NGA.25.16_1,2017-2020,0.0,0.0,3.0,0.0,0.0
NGA.25.17_1,1997-2000,0.0,0.0,0.0,0.0,0.0
NGA.25.17_1,2013-2016,0.0,0.0,0.0,0.0,2.0
NGA.25.17_1,2017-2020,0.0,1.0,0.0,0.0,1.0
NGA.25.17_1,2021-2024,0.0,0.0,0.0,0.0,1.0
NGA.25.18_1,1997-2000,0.0,0.0,0.0,0.0,1.0
NGA.25.18_1,2017-2020,0.0,0.0,3.0,0.0,0.0
NGA.25.1_1,2001-2004,0.0,0.0,0.0,0.0,1.0
NGA.25.1_1,2013-2016,0.0,0.0,4.0,0.0,1.0
NGA.25.20_1,1997-2000,0.0,0.0,0.0,0.0,5.0
NGA.25.20_1,2013-2016,0.0,0.0,1.0,0.0,2.0
NGA.25.20_1,2017-2020,0.0,1.0,1.0,0.0,0.0
NGA.25.20_1,2021-2024,0.0,0.0,0.0,0.0,3.0
NGA.25.2_1,1997-2000,0.0,0.0,2.0,0.0,4.0
NGA.25.2_1,2009-2012,0.0,0.0,0.0,0.0,1.0
NGA.25.2_1,2013-2016,0.0,2.0,0.0,0.0,0.0
NGA.25.2_1,2017-2020,0.0,0.0,1.0,0.0,0.0
NGA.25.3_1,2001-2004,0.0,0.0,0.0,0.0,0.0
NGA.25.3_1,2013-2016,0.0,0.0,1.0,0.0,21.0
NGA.25.3_1,2017-2020,0.0,0.0,4.0,0.0,3.0
NGA.25.3_1,2021-2024,0.0,0.0,4.0,0.0,0.0
NGA.25.4_1,1997-2000,0.0,0.0,0.0,0.0,0.0
NGA.25.4_1,2013-2016,0.0,0.0,40.0,0.0,0.0
NGA.25.4_1,2017-2020,0.0,0.0,0.0,0.0,3.0
NGA.25.4_1,2021-2024,0.0,0.0,1.0,0.0,0.0
NGA.25.5_1,2001-2004,0.0,0.0,0.0,0.0,0.0
NGA.25.5_1,2009-2012,0.0,0.0,0.0,0.0,1.0
NGA.25.5_1,2013-2016,0.0,0.0,2.0,0.0,0.0
NGA.25.5_1,2017-2020,0.0,0.0,1.0,0.0,0.0
NGA.25.6_1,1997-2000,0.0,0.0,0.0,0.0,0.0
NGA.25.6_1,2005-2008,0.0,0.0,0.0,0.0,0.0
NGA.25.6_1,2009-2012,0.0,0.0,0.0,0.0,1.0
NGA.25.6_1,2013-2016,0.0,0.0,1.0,0.0,1.0
NGA.25.6_1,2017-2020,0.0,0.0,0.0,0.0,0.0
NGA.25.7_1,1997-2000,0.0,0.0,0.0,0.0,0.0
NGA.25.7_1,2001-2004,0.0,0.0,0.0,0.0,1.0
NGA.25.7_1,2013-2016,0.0,1.0,0.0,0.0,3.0
NGA.25.7_1,2017-2020,0.0,1.0,1.0,0.0,0.0
NGA.25.8_1,1997-2000,0.0,0.0,0.0,0.0,1.0
NGA.25.8_1,2001-2004,0.0,0.0,0.0,0.0,0.0
NGA.25.8_1,2005-2008,0.0,0.0,5.0,0.0,0.0
NGA.25.8_1,2013-2016,0.0,0.0,0.0,0.0,4.0
NGA.25.8_1,2017-2020,0.0,0.0,4.0,0.0,1.0
NGA.25.9_1,2009-2012,0.0,0.0,0.0,0.0,1.0
NGA.25.9_1,2013-2016,0.0,0.0,0.0,0.0,10.0
NGA.25.9_1,2017-2020,0.0,1.0,6.0,0.0,1.0
NGA.26.10_1,2013-2016,0.0,0.0,0.0,0.0,1.0
NGA.26.11_1,2013-2016,0.0,0.0,4.0,0.0,9.0
NGA.26.12_1,1997-2000,0.0,0.0,0.0,0.0,0.0
NGA.26.12_1,2017-2020,0.0,0.0,0.0,0.0,15.0
NGA.26.1_1,2001-2004,0.0,0.0,0.0,0.0,1.0
NGA.26.1_1,2013-2016,0.0,4.0,2.0,0.0,0.0
NGA.26.1_1,2017-2020,0.0,0.0,1.0,0.0,1.0
NGA.26.2_1,2017-2020,0.0,0.0,0.0,0.0,3.0
NGA.26.3_1,2013-2016,0.0,0.0,0.0,0.0,12.0
NGA.26.3_1,2017-2020,0.0,0.0,0.0,0.0,9.0
NGA.26.4_1,2005-2008,0.0,0.0,0.0,0.0,0.0
NGA.26.4_1,2009-2012,0.0,0.0,0.0,0.0,3.0
NGA.26.4_1,2013-2016,0.0,0.0,4.0,0.0,0.0
NGA.26.4_1,2017-2020,0.0,0.0,0.0,0.0,0.0
NGA.26.5_1,2009-2012,0.0,0.0,0.0,0.0,1.0
NGA.26.5_1,2013-2016,0.0,0.0,0.0,0.0,25.0
NGA.26.5_1,2017-2020,0.0,0.0,0.0,0.0,31.0
NGA.26.6_1,2013-2016,0.0,4.0,0.0,0.0,0.0
NGA.26.6_1,2017-2020,0.0,0.0,0.0,0.0,1.0
NGA.26.7_1,2013-2016,0.0,0.0,0.0,0.0,4.0
NGA.26.7_1,2021-2024,0.0,0.0,0.0,0.0,2.0
NGA.26.8_1,2001-2004,0.0,0.0,0.0,0.0,0.0
NGA.26.8_1,2005-2008,0.0,0.0,0.0,0.0,1.0
NGA.26.8_1,2009-2012,1.0,0.0,0.0,0.0,2.0
NGA.26.8_1,2013-2016,0.0,2.0,4.0,0.0,35.0
NGA.26.8_1,2017-2020,0.0,0.0,1.0,0.0,12.0
NGA.26.9_1,2001-2004,0.0,0.0,0.0,0.0,1.0
NGA.26.9_1,2009-2012,0.0,0.0,0.0,0.0,4.0
NGA.26.9_1,2013-2016,0.0,0.0,0.0,0.0,47.0
NGA.26.9_1,2017-2020,0.0,0.0,0.0,0.0,7.0
NGA.27.11_1,2005-2008,0.0,0.0,0.0,0.0,9.0
NGA.27.11_1,2021-2024,0.0,0.0,0.0,0.0,2.0
NGA.27.12_1,2009-2012,0.0,0.0,0.0,0.0,1.0
NGA.27.12_1,2021-2024,0.0,0.0,0.0,0.0,0.0
NGA.27.13_1,2017-2020,0.0,0.0,0.0,0.0,0.0
NGA.27.13_1,2021-2024,0.0,0.0,0.0,0.0,0.0
NGA.27.14_1,1997-2000,0.0,0.0,0.0,0.0,0.0
NGA.27.14_1,2021-2024,0.0,0.0,0.0,0.0,1.0
NGA.27.15_1,2017-2020,4.0,0.0,1.0,0.0,9.0
NGA.27.15_1,2021-2024,70.0,0.0,0.0,0.0,0.0
NGA.27.16_1,2013-2016,0.0,0.0,0.0,0.0,1.0
NGA.27.16_1,2017-2020,0.0,0.0,0.0,0.0,2.0
NGA.27.17_1,2009-2012,0.0,0.0,0.0,0.0,0.0
NGA.27.19_1,2017-2020,0.0,0.0,0.0,0.0,9.0
NGA.27.1_1,2009-2012,0.0,0.0,0.0,0.0,8.0
NGA.27.20_1,2013-2016,0.0,0.0,4.0,0.0,0.0
NGA.27.20_1,2017-2020,0.0,0.0,0.0,0.0,12.0
NGA.27.20_1,2021-2024,0.0,0.0,0.0,0.0,10.0
NGA.27.21_1,2021-2024,5.0,0.0,0.0,0.0,0.0
NGA.27.22_1,2009-2012,0.0,0.0,0.0,0.0,8.0
NGA.27.22_1,2013-2016,0.0,0.0,0.0,0.0,44.0
NGA.27.22_1,2017-2020,3.0,0.0,0.0,0.0,41.0
NGA.27.22_1,2021-2024,15.0,0.0,0.0,0.0,14.0
NGA.27.24_1,2009-2012,5.0,0.0,0.0,0.0,0.0
NGA.27.24_1,2017-2020,0.0,0.0,0.0,0.0,2.0
NGA.27.25_1,2021-2024,0.0,0.0,0.0,0.0,2.0
NGA.27.3_1,2013-2016,0.0,0.0,5.0,0.0,0.0
NGA.27.3_1,2017-2020,0.0,0.0,1.0,0.0,0.0
NGA.27.4_1,2017-2020,0.0,0.0,0.0,0.0,1.0
NGA.27.5_1,2017-2020,0.0,0.0,0.0,0.0,1.0
NGA.27.6_1,2009-2012,0.0,0.0,3.0,0.0,1.0
NGA.27.6_1,2021-2024,0.0,0.0,0.0,0.0,1.0
NGA.27.9_1,2013-2016,0.0,0.0,2.0,0.0,0.0
NGA.28.10_1,2001-2004,0.0,0.0,0.0,0.0,0.0
NGA.28.10_1,2009-2012,0.0,0.0,0.0,0.0,0.0
NGA.28.10_1,2013-2016,0.0,0.0,0.0,0.0,1.0
NGA.28.10_1,2017-2020,0.0,0.0,0.0,0.0,1.0
NGA.28.11_1,1997-2000,0.0,0.0,0.0,0.0,11.0
NGA.28.11_1,2005-2008,0.0,0.0,0.0,0.0,10.0
NGA.28.11_1,2009-2012,0.0,0.0,0.0,0.0,1.0
NGA.28.11_1,2013-2016,0.0,1.0,0.0,0.0,0.0
NGA.28.11_1,2017-2020,0.0,0.0,0.0,0.0,0.0
NGA.28.11_1,2021-2024,0.0,0.0,0.0,0.0,2.0
NGA.28.13_1,2001-2004,0.0,0.0,0.0,0.0,1.0
NGA.28.13_1,2017-2020,0.0,0.0,0.0,0.0,1.0
NGA.28.14_1,2013-2016,0.0,0.0,1.0,0.0,0.0
NGA.28.14_1,2017-2020,0.0,0.0,0.0,0.0,1.0
NGA.28.15_1,2013-2016,0.0,0.0,1.0,0.0,4.0
NGA.28.15_1,2017-2020,0.0,0.0,3.0,0.0,1.0
NGA.28.16_1,1997-2000,0.0,0.0,0.0,0.0,0.0
NGA.28.16_1,2017-2020,0.0,0.0,0.0,0.0,2.0
NGA.28.18_1,2017-2020,0.0,0.0,0.0,0.0,0.0
NGA.28.1_1,2001-2004,0.0,0.0,0.0,0.0,0.0
NGA.28.1_1,2005-2008,0.0,0.0,2.0,0.0,6.0
NGA.28.1_1,2009-2012,0.0,2.0,0.0,0.0,1.0
NGA.28.1_1,2013-2016,0.0,1.0,1.0,0.0,1.0
NGA.28.1_1,2021-2024,0.0,0.0,1.0,0.0,0.0
NGA.28.20_1,1997-2000,0.0,0.0,0.0,0.0,0.0
NGA.28.20_1,2001-2004,0.0,0.0,0.0,0.0,11.0
NGA.28.20_1,2009-2012,0.0,0.0,0.0,0.0,2.0
NGA.28.20_1,2013-2016,0.0,0.0,0.0,0.0,60.0
NGA.28.20_1,2017-2020,0.0,0.0,6.0,0.0,2.0
NGA.28.2_1,2017-2020,0.0,0.0,0.0,0.0,1.0
NGA.28.2_1,2021-2024,0.0,0.0,0.0,0.0,1.0
NGA.28.3_1,1997-2000,0.0,0.0,0.0,0.0,0.0
NGA.28.3_1,2009-2012,0.0,0.0,0.0,0.0,3.0
NGA.28.3_1,2013-2016,0.0,0.0,2.0,0.0,0.0
NGA.28.3_1,2017-2020,0.0,0.0,4.0,0.0,2.0
NGA.28.4_1,2009-2012,0.0,0.0,0.0,0.0,0.0
NGA.28.4_1,2013-2016,0.0,0.0,0.0,0.0,3.0
NGA.28.4_1,2017-2020,0.0,0.0,0.0,0.0,2.0
NGA.28.4_1,2021-2024,0.0,0.0,1.0,0.0,5.0
NGA.28.5_1,1997-2000,0.0,0.0,3.0,0.0,0.0
NGA.28.5_1,2009-2012,0.0,0.0,0.0,0.0,1.0
NGA.28.5_1,2013-2016,0.0,0.0,2.0,0.0,0.0
NGA.28.5_1,2017-2020,0.0,0.0,0.0,0.0,0.0
NGA.28.6_1,2013-2016,0.0,0.0,2.0,0.0,0.0
NGA.28.6_1,2017-2020,0.0,0.0,0.0,0.0,0.0
NGA.28.6_1,2021-2024,0.0,0.0,0.0,0.0,0.0
NGA.28.7_1,2001-2004,0.0,0.0,0.0,0.0,0.0
NGA.28.7_1,2009-2012,0.0,0.0,0.0,0.0,0.0
NGA.28.7_1,2017-2020,0.0,0.0,0.0,0.0,1.0
NGA.28.8_1,1997-2000,0.0,0.0,0.0,0.0,0.0
NGA.28.9_1,2009-2012,0.0,0.0,25.0,0.0,0.0
NGA.28.9_1,2013-2016,0.0,0.0,0.0,0.0,15.0
NGA.29.10_1,2001-2004,0.0,0.0,5.0,0.0,0.0
NGA.29.10_1,2009-2012,0.0,0.0,0.0,0.0,4.0
NGA.29.10_1,2017-2020,0.0,0.0,0.0,0.0,1.0
NGA.29.13_1,2013-2016,0.0,0.0,0.0,0.0,1.0
NGA.29.13_1,2017-2020,0.0,0.0,0.0,0.0,1.0
NGA.29.14_1,2013-2016,0.0,0.0,0.0,0.0,3.0
NGA.29.14_1,2017-2020,0.0,0.0,0.0,0.0,0.0
NGA.29.17_1,2017-2020,0.0,0.0,0.0,0.0,4.0
NGA.29.18_1,1997-2000,0.0,0.0,15.0,0.0,0.0
NGA.29.18_1,2001-2004,0.0,0.0,0.0,0.0,0.0
NGA.29.18_1,2013-2016,0.0,0.0,1.0,0.0,0.0
NGA.29.18_1,2017-2020,0.0,0.0,1.0,0.0,0.0
NGA.29.1_1,2009-2012,0.0,0.0,0.0,0.0,1.0
NGA.29.1_1,2013-2016,0.0,0.0,0.0,0.0,1.0
NGA.29.2_1,2017-2020,0.0,0.0,0.0,0.0,1.0
NGA.29.3_1,2009-2012,0.0,0.0,0.0,0.0,0.0
NGA.29.3_1,2013-2016,0.0,0.0,2.0,0.0,0.0
NGA.29.3_1,2017-2020,0.0,0.0,0.0,0.0,0.0
NGA.29.4_1,2001-2004,0.0,0.0,0.0,0.0,0.0
NGA.29.4_1,2009-2012,0.0,0.0,0.0,0.0,0.0
NGA.29.4_1,2017-2020,0.0,0.0,0.0,0.0,1.0
NGA.29.4_1,2021-2024,0.0,0.0,0.0,0.0,4.0
NGA.29.5_1,2013-2016,0.0,0.0,0.0,0.0,1.0
NGA.29.5_1,2017-2020,0.0,0.0,0.0,0.0,3.0
NGA.29.5_1,2021-2024,0.0,0.0,0.0,0.0,0.0
NGA.29.6_1,1997-2000,0.0,0.0,0.0,0.0,1.0
NGA.29.6_1,2005-2008,0.0,0.0,0.0,0.0,1.0
NGA.29.6_1,2013-2016,0.0,0.0,1.0,0.0,1.0
NGA.29.6_1,2017-2020,0.0,1.0,7.0,0.0,5.0
NGA.29.6_1,2021-2024,0.0,0.0,1.0,0.0,0.0
NGA.29.7_1,2017-2020,0.0,0.0,0.0,0.0,0.0
NGA.29.8_1,2005-2008,0.0,0.0,0.0,0.0,5.0
NGA.29.8_1,2017-2020,0.0,0.0,0.0,0.0,0.0
NGA.29.9_1,2017-2020,0.0,0.0,0.0,0.0,1.0
NGA.3.11_1,2017-2020,0.0,0.0,0.0,0.0,0.0
NGA.3.11_1,2021-2024,0.0,0.0,0.0,0.0,0.0
NGA.3.13_1,2005-2008,0.0,0.0,0.0,0.0,1.0
NGA.3.14_1,2001-2004,0.0,0.0,0.0,0.0,1.0
NGA.3.14_1,2009-2012,0.0,0.0,0.0,0.0,0.0
NGA.3.14_1,2021-2024,0.0,0.0,0.0,0.0,0.0
NGA.3.15_1,2017-2020,0.0,0.0,0.0,0.0,0.0
NGA.3.15_1,2021-2024,0.0,0.0,0.0,0.0,0.0
NGA.3.16_1,1997-2000,0.0,0.0,0.0,0.0,55.0
NGA.3.16_1,2017-2020,0.0,0.0,0.0,0.0,8.0
NGA.3.17_1,2013-2016,0.0,0.0,6.0,0.0,0.0
NGA.3.1_1,2017-2020,0.0,0.0,0.0,0.0,1.0
NGA.3.21_1,2013-2016,0.0,0.0,0.0,0.0,1.0
NGA.3.22_1,2017-2020,0.0,0.0,3.0,0.0,0.0
NGA.3.26_1,2017-2020,0.0,0.0,0.0,0.0,0.0
NGA.3.27_1,2017-2020,0.0,0.0,5.0,0.0,0.0
NGA.3.28_1,2017-2020,0.0,0.0,0.0,0.0,8.0
NGA.3.29_1,2017-2020,0.0,0.0,1.0,0.0,51.0
NGA.3.2_1,2013-2016,0.0,0.0,0.0,0.0,0.0
NGA.3.31_1,2001-2004,0.0,0.0,0.0,0.0,0.0
NGA.3.31_1,2009-2012,0.0,0.0,0.0,0.0,1.0
NGA.3.31_1,2013-2016,0.0,0.0,6.0,0.0,12.0
NGA.3.31_1,2017-2020,0.0,0.0,6.0,0.0,21.0
NGA.3.3_1,2005-2008,0.0,0.0,0.0,0.0,2.0
NGA.3.3_1,2013-2016,0.0,0.0,0.0,0.0,1.0
NGA.3.3_1,2017-2020,0.0,0.0,0.0,0.0,2.0
NGA.3.6_1,2013-2016,0.0,0.0,0.0,0.0,1.0
NGA.3.6_1,2017-2020,0.0,0.0,0.0,0.0,5.0
NGA.3.8_1,2005-2008,0.0,2.0,0.0,0.0,0.0
NGA.30.10_1,1997-2000,0.0,0.0,0.0,0.0,0.0
NGA.30.10_1,2009-2012,0.0,0.0,0.0,0.0,0.0
NGA.30.10_1,2013-2016,0.0,0.0,0.0,0.0,1.0
NGA.30.12_1,1997-2000,5.0,0.0,0.0,0.0,7.0
NGA.30.12_1,2013-2016,0.0,0.0,1.0,0.0,2.0
NGA.30.12_1,2017-2020,0.0,0.0,2.0,0.0,1.0
NGA.30.12_1,2021-2024,0.0,0.0,0.0,0.0,2.0
NGA.30.13_1,2017-2020,0.0,0.0,0.0,0.0,0.0
NGA.30.16_1,2009-2012,0.0,0.0,0.0,0.0,0.0
NGA.30.16_1,2013-2016,0.0,0.0,0.0,0.0,1.0
NGA.30.19_1,2013-2016,0.0,0.0,0.0,0.0,1.0
NGA.30.19_1,2017-2020,0.0,0.0,0.0,0.0,1.0
NGA.30.1_1,1997-2000,0.0,0.0,0.0,0.0,14.0
NGA.30.1_1,2001-2004,0.0,0.0,3.0,0.0,0.0
NGA.30.1_1,2013-2016,0.0,0.0,3.0,0.0,0.0
NGA.30.1_1,2017-2020,0.0,0.0,4.0,0.0,1.0
NGA.30.21_1,1997-2000,0.0,0.0,0.0,0.0,0.0
NGA.30.21_1,2017-2020,0.0,0.0,6.0,0.0,1.0
NGA.30.21_1,2021-2024,0.0,0.0,0.0,0.0,7.0
NGA.30.23_1,2017-2020,0.0,0.0,8.0,0.0,3.0
NGA.30.23_1,2021-2024,0.0,0.0,4.0,0.0,1.0
NGA.30.24_1,1997-2000,0.0,0.0,5.0,0.0,0.0
NGA.30.24_1,2017-2020,0.0,0.0,2.0,0.0,1.0
NGA.30.29_1,2017-2020,0.0,0.0,0.0,0.0,1.0
NGA.30.2_1,2017-2020,0.0,0.0,0.0,0.0,0.0
NGA.30.2_1,2021-2024,0.0,0.0,0.0,0.0,0.0
NGA.30.30_1,2001-2004,0.0,0.0,0.0,0.0,1.0
NGA.30.30_1,2009-2012,0.0,0.0,0.0,0.0,2.0
NGA.30.30_1,2013-2016,0.0,0.0,3.0,0.0,1.0
NGA.30.30_1,2017-2020,0.0,0.0,0.0,0.0,6.0
NGA.30.30_1,2021-2024,0.0,0.0,0.0,0.0,1.0
NGA.30.3_1,2013-2016,0.0,0.0,0.0,0.0,0.0
NGA.30.5_1,2009-2012,0.0,0.0,0.0,0.0,1.0
NGA.31.11_1,2017-2020,0.0,0.0,0.0,0.0,1.0
NGA.31.11_1,2021-2024,0.0,0.0,0.0,0.0,3.0
NGA.31.12_1,2021-2024,0.0,0.0,2.0,0.0,0.0
NGA.31.13_1,2017-2020,0.0,0.0,0.0,0.0,2.0
NGA.31.13_1,2021-2024,0.0,0.0,2.0,0.0,1.0
NGA.31.16_1,2009-2012,0.0,0.0,0.0,0.0,0.0
NGA.31.16_1,2017-2020,0.0,0.0,0.0,0.0,1.0
NGA.31.18_1,2021-2024,0.0,0.0,0.0,0.0,1.0
NGA.31.19_1,2017-2020,0.0,0.0,3.0,0.0,0.0
NGA.31.1_1,2021-2024,0.0,0.0,0.0,0.0,1.0
NGA.31.20_1,2009-2012,0.0,0.0,0.0,0.0,1.0
NGA.31.21_1,2009-2012,0.0,0.0,0.0,0.0,1.0
NGA.31.21_1,2017-2020,0.0,1.0,0.0,0.0,0.0
NGA.31.21_1,2021-2024,0.0,0.0,1.0,0.0,1.0
NGA.31.23_1,2021-2024,0.0,0.0,0.0,0.0,3.0
NGA.31.24_1,2001-2004,0.0,0.0,0.0,0.0,4.0
NGA.31.24_1,2017-2020,0.0,0.0,0.0,0.0,1.0
NGA.31.25_1,2013-2016,0.0,0.0,0.0,0.0,0.0
NGA.31.28_1,2017-2020,0.0,0.0,0.0,0.0,9.0
NGA.31.2_1,2005-2008,0.0,0.0,0.0,0.0,0.0
NGA.31.2_1,2013-2016,0.0,0.0,1.0,0.0,1.0
NGA.31.2_1,2017-2020,0.0,0.0,1.0,0.0,4.0
NGA.31.2_1,2021-2024,0.0,0.0,1.0,0.0,1.0
NGA.31.30_1,2017-2020,0.0,1.0,3.0,0.0,0.0
NGA.31.31_1,1997-2000,0.0,0.0,0.0,0.0,0.0
NGA.31.31_1,2017-2020,0.0,0.0,1.0,0.0,0.0
NGA.31.3_1,1997-2000,0.0,0.0,0.0,0.0,0.0
NGA.31.4_1,2001-2004,0.0,0.0,2.0,0.0,0.0
NGA.31.6_1,2017-2020,0.0,0.0,0.0,0.0,1.0
NGA.31.6_1,2021-2024,0.0,0.0,4.0,0.0,1.0
NGA.31.8_1,1997-2000,0.0,0.0,24.0,0.0,16.0
NGA.31.8_1,2001-2004,0.0,0.0,0.0,0.0,6.0
NGA.31.8_1,2005-2008,0.0,0.0,0.0,0.0,2.0
NGA.31.8_1,2009-2012,0.0,0.0,0.0,0.0,1.0
NGA.31.8_1,2013-2016,0.0,0.0,1.0,0.0,3.0
NGA.31.8_1,2017-2020,0.0,0.0,8.0,0.0,3.0
NGA.31.9_1,2021-2024,0.0,0.0,0.0,0.0,0.0
NGA.32.11_1,2009-2012,0.0,0.0,0.0,0.0,78.0
NGA.32.11_1,2013-2016,0.0,0.0,0.0,0.0,23.0
NGA.32.11_1,2017-2020,0.0,0.0,1.0,0.0,13.0
NGA.32.11_1,2021-2024,0.0,0.0,0.0,0.0,0.0
NGA.32.13_1,2001-2004,0.0,0.0,0.0,0.0,30.0
NGA.32.14_1,2001-2004,0.0,0.0,0.0,0.0,0.0
NGA.32.14_1,2017-2020,0.0,0.0,0.0,0.0,0.0
NGA.32.15_1,2009-2012,0.0,0.0,0.0,0.0,17.0
NGA.32.15_1,2013-2016,0.0,0.0,0.0,0.0,8.0
NGA.32.15_1,2017-2020,0.0,0.0,0.0,0.0,65.0
NGA.32.15_1,2021-2024,0.0,0.0,0.0,0.0,6.0
NGA.32.16_1,2001-2004,0.0,0.0,0.0,0.0,788.0
NGA.32.16_1,2009-2012,0.0,0.0,0.0,0.0,0.0
NGA.32.16_1,2013-2016,0.0,0.0,0.0,0.0,33.0
NGA.32.16_1,2017-2020,0.0,0.0,0.0,0.0,0.0
NGA.32.17_1,2001-2004,0.0,0.0,0.0,0.0,7.0
NGA.32.17_1,2013-2016,0.0,0.0,2.0,0.0,13.0
NGA.32.17_1,2021-2024,0.0,0.0,0.0,0.0,6.0
NGA.32.1_1,2001-2004,0.0,0.0,0.0,0.0,0.0
NGA.32.1_1,2009-2012,0.0,0.0,0.0,0.0,276.0
NGA.32.1_1,2013-2016,0.0,1.0,0.0,0.0,126.0
NGA.32.1_1,2017-2020,0.0,0.0,0.0,0.0,98.0
NGA.32.2_1,2009-2012,0.0,0.0,0.0,0.0,2.0
NGA.32.2_1,2013-2016,0.0,0.0,0.0,0.0,39.0
NGA.32.2_1,2017-2020,0.0,0.0,0.0,0.0,61.0
NGA.32.2_1,2021-2024,0.0,0.0,0.0,0.0,67.0
NGA.32.3_1,2001-2004,0.0,0.0,0.0,0.0,0.0
NGA.32.3_1,2009-2012,0.0,0.0,0.0,0.0,3.0
NGA.32.3_1,2013-2016,0.0,0.0,0.0,0.0,14.0
NGA.32.3_1,2017-2020,0.0,0.0,0.0,0.0,34.0
NGA.32.4_1,2013-2016,0.0,0.0,0.0,0.0,2.0
NGA.32.4_1,2021-2024,0.0,0.0,0.0,0.0,1.0
NGA.32.5_1,1997-2000,0.0,0.0,0.0,0.0,1.0
NGA.32.5_1,2001-2004,0.0,0.0,1040.0,0.0,5.0
NGA.32.5_1,2005-2008,0.0,1.0,761.0,0.0,0.0
NGA.32.5_1,2009-2012,69.0,1.0,54.0,0.0,168.0
NGA.32.5_1,2013-2016,252.0,0.0,1.0,0.0,8.0
NGA.32.5_1,2017-2020,0.0,0.0,4.0,0.0,16.0
NGA.32.5_1,2021-2024,0.0,0.0,2.0,0.0,2.0
NGA.32.6_1,1997-2000,0.0,0.0,0.0,0.0,10.0
NGA.32.6_1,2009-2012,1.0,0.0,7.0,0.0,531.0
NGA.32.6_1,2013-2016,0.0,0.0,0.0,0.0,40.0
NGA.32.6_1,2017-2020,0.0,0.0,0.0,0.0,22.0
NGA.32.6_1,2021-2024,0.0,0.0,0.0,0.0,21.0
NGA.32.7_1,2017-2020,0.0,0.0,0.0,0.0,1.0
NGA.32.8_1,2013-2016,0.0,0.0,1.0,0.0,2.0
NGA.32.8_1,2017-2020,0.0,0.0,0.0,0.0,26.0
NGA.32.9_1,2001-2004,0.0,0.0,0.0,0.0,40.0
NGA.32.9_1,2013-2016,0.0,0.0,0.0,0.0,11.0
NGA.33.10_1,2013-2016,0.0,0.0,0.0,0.0,7.0
NGA.33.10_1,2017-2020,0.0,0.0,0.0,0.0,3.0
NGA.33.10_1,2021-2024,0.0,0.0,1.0,0.0,0.0
NGA.33.11_1,2009-2012,0.0,0.0,0.0,0.0,0.0
NGA.33.11_1,2013-2016,0.0,0.0,0.0,0.0,0.0
NGA.33.11_1,2017-2020,0.0,0.0,0.0,0.0,1.0
NGA.33.12_1,2005-2008,0.0,0.0,0.0,0.0,0.0
NGA.33.12_1,2013-2016,0.0,0.0,0.0,0.0,8.0
NGA.33.12_1,2017-2020,0.0,1.0,0.0,0.0,3.0
NGA.33.13_1,2013-2016,0.0,0.0,0.0,0.0,8.0
NGA.33.13_1,2017-2020,0.0,0.0,0.0,0.0,21.0
NGA.33.13_1,2021-2024,0.0,0.0,0.0,0.0,0.0
NGA.33.14_1,2001-2004,0.0,0.0,3.0,0.0,0.0
NGA.33.14_1,2013-2016,0.0,0.0,1.0,0.0,6.0
NGA.33.14_1,2017-2020,0.0,0.0,0.0,0.0,13.0
NGA.33.14_1,2021-2024,0.0,1.0,0.0,0.0,6.0
NGA.33.15_1,2009-2012,2.0,0.0,0.0,0.0,0.0
NGA.33.15_1,2013-2016,0.0,0.0,0.0,0.0,2.0
NGA.33.15_1,2017-2020,0.0,0.0,0.0,0.0,27.0
NGA.33.15_1,2021-2024,0.0,0.0,0.0,0.0,1.0
NGA.33.16_1,2013-2016,0.0,0.0,0.0,0.0,56.0
NGA.33.16_1,2017-2020,0.0,0.0,0.0,0.0,19.0
NGA.33.17_1,2013-2016,0.0,0.0,0.0,0.0,2.0
NGA.33.19_1,2009-2012,0.0,0.0,0.0,0.0,1.0
NGA.33.19_1,2013-2016,0.0,0.0,0.0,0.0,1.0
NGA.33.19_1,2017-2020,0.0,0.0,0.0,0.0,1.0
NGA.33.1_1,2017-2020,0.0,0.0,0.0,0.0,5.0
NGA.33.1_1,2021-2024,0.0,0.0,0.0,0.0,0.0
NGA.33.20_1,2013-2016,0.0,0.0,0.0,0.0,1.0
NGA.33.20_1,2017-2020,0.0,0.0,0.0,0.0,0.0
NGA.33.21_1,2013-2016,0.0,0.0,0.0,0.0,0.0
NGA.33.21_1,2017-2020,0.0,0.0,0.0,0.0,25.0
NGA.33.22_1,1997-2000,7.0,0.0,0.0,0.0,4.0
NGA.33.22_1,2001-2004,0.0,0.0,20.0,0.0,28.0
NGA.33.22_1,2005-2008,0.0,0.0,5.0,0.0,40.0
NGA.33.22_1,2009-2012,0.0,0.0,16.0,0.0,5.0
NGA.33.22_1,2013-2016,0.0,0.0,4.0,0.0,30.0
NGA.33.22_1,2017-2020,0.0,11.0,2.0,0.0,16.0
NGA.33.23_1,2013-2016,0.0,0.0,0.0,0.0,1.0
NGA.33.23_1,2017-2020,0.0,0.0,0.0,0.0,0.0
NGA.33.2_1,2005-2008,0.0,0.0,0.0,0.0,0.0
NGA.33.2_1,2009-2012,0.0,0.0,0.0,0.0,0.0
NGA.33.2_1,2013-2016,0.0,0.0,0.0,0.0,19.0
NGA.33.3_1,2005-2008,0.0,0.0,0.0,0.0,0.0
NGA.33.3_1,2013-2016,0.0,0.0,0.0,0.0,1.0
NGA.33.3_1,2017-2020,0.0,0.0,0.0,0.0,1.0
NGA.33.6_1,2013-2016,0.0,0.0,0.0,0.0,1.0
NGA.33.7_1,2005-2008,0.0,0.0,0.0,0.0,5.0
NGA.33.7_1,2017-2020,0.0,0.0,0.0,0.0,4.0
NGA.33.7_1,2021-2024,0.0,1.0,0.0,0.0,0.0
NGA.33.8_1,2001-2004,0.0,0.0,0.0,0.0,0.0
NGA.33.8_1,2005-2008,0.0,0.0,0.0,0.0,0.0
NGA.33.8_1,2013-2016,0.0,0.0,0.0,0.0,5.0
NGA.33.8_1,2017-2020,0.0,0.0,0.0,0.0,0.0
NGA.33.9_1,1997-2000,0.0,0.0,0.0,0.0,0.0
NGA.33.9_1,2013-2016,0.0,0.0,2.0,0.0,4.0
NGA.33.9_1,2017-2020,0.0,0.0,2.0,0.0,18.0
NGA.33.9_1,2021-2024,0.0,0.0,0.0,0.0,0.0
NGA.34.10_1,2017-2020,0.0,0.0,1.0,0.0,0.0
NGA.34.12_1,2017-2020,0.0,0.0,0.0,0.0,48.0
NGA.34.12_1,2021-2024,0.0,0.0,0.0,0.0,9.0
NGA.34.13_1,2017-2020,0.0,0.0,0.0,0.0,25.0
NGA.34.13_1,2021-2024,0.0,0.0,0.0,0.0,21.0
NGA.34.14_1,2013-2016,0.0,0.0,0.0,0.0,1.0
NGA.34.19_1,2017-2020,0.0,0.0,0.0,0.0,0.0
NGA.34.19_1,2021-2024,0.0,0.0,4.0,0.0,2.0
NGA.34.20_1,2017-2020,0.0,0.0,0.0,0.0,0.0
NGA.34.20_1,2021-2024,0.0,0.0,0.0,0.0,6.0
NGA.34.21_1,1997-2000,0.0,0.0,3.0,0.0,0.0
NGA.34.21_1,2005-2008,0.0,0.0,0.0,0.0,3.0
NGA.34.21_1,2009-2012,0.0,0.0,0.0,0.0,1.0
NGA.34.21_1,2013-2016,0.0,0.0,0.0,0.0,0.0
NGA.34.21_1,2017-2020,0.0,0.0,4.0,0.0,2.0
NGA.34.3_1,2021-2024,0.0,0.0,0.0,0.0,1.0
NGA.34.4_1,2021-2024,0.0,0.0,0.0,0.0,0.0
NGA.34.5_1,2017-2020,0.0,0.0,0.0,0.0,30.0
NGA.34.5_1,2021-2024,0.0,0.0,0.0,0.0,6.0
NGA.34.6_1,2017-2020,0.0,0.0,0.0,0.0,1.0
NGA.34.9_1,2017-2020,1.0,0.0,8.0,0.0,4.0
NGA.34.9_1,2021-2024,0.0,0.0,0.0,0.0,4.0
NGA.35.10_1,2017-2020,0.0,0.0,0.0,0.0,20.0
NGA.35.10_1,2021-2024,0.0,0.0,0.0,0.0,1.0
NGA.35.11_1,2001-2004,0.0,0.0,0.0,0.0,0.0
NGA.35.11_1,2017-2020,0.0,0.0,0.0,0.0,2.0
NGA.35.12_1,2009-2012,0.0,0.0,0.0,0.0,0.0
NGA.35.12_1,2013-2016,0.0,0.0,0.0,0.0,25.0
NGA.35.12_1,2017-2020,0.0,0.0,0.0,0.0,16.0
NGA.35.12_1,2021-2024,0.0,0.0,0.0,0.0,0.0
NGA.35.14_1,2001-2004,0.0,0.0,0.0,0.0,167.0
NGA.35.14_1,2009-2012,0.0,0.0,0.0,0.0,0.0
NGA.35.14_1,2013-2016,0.0,0.0,3.0,0.0,41.0
NGA.35.14_1,2017-2020,0.0,0.0,0.0,0.0,51.0
NGA.35.16_1,2013-2016,0.0,0.0,1.0,0.0,0.0
NGA.35.16_1,2017-2020,0.0,0.0,0.0,0.0,1.0
NGA.35.1_1,1997-2000,0.0,0.0,10.0,0.0,100.0
NGA.35.1_1,2009-2012,12.0,0.0,0.0,0.0,1.0
NGA.35.1_1,2013-2016,0.0,0.0,0.0,0.0,12.0
NGA.35.1_1,2017-2020,0.0,0.0,2.0,0.0,30.0
NGA.35.1_1,2021-2024,0.0,0.0,0.0,0.0,2.0
NGA.35.2_1,2013-2016,0.0,0.0,0.0,0.0,7.0
NGA.35.2_1,2017-2020,0.0,0.0,0.0,0.0,18.0
NGA.35.2_1,2021-2024,0.0,0.0,0.0,0.0,2.0
NGA.35.3_1,2001-2004,0.0,0.0,0.0,0.0,53.0
NGA.35.3_1,2013-2016,0.0,0.0,0.0,0.0,22.0
NGA.35.3_1,2017-2020,0.0,0.0,0.0,0.0,25.0
NGA.35.3_1,2021-2024,0.0,0.0,0.0,0.0,3.0
NGA.35.4_1,2001-2004,0.0,0.0,0.0,0.0,0.0
NGA.35.4_1,2013-2016,0.0,0.0,0.0,0.0,50.0
NGA.35.5_1,2009-2012,0.0,0.0,1.0,0.0,0.0
NGA.35.5_1,2013-2016,0.0,0.0,0.0,0.0,4.0
NGA.35.5_1,2017-2020,0.0,0.0,9.0,0.0,16.0
NGA.35.5_1,2021-2024,0.0,0.0,0.0,0.0,12.0
NGA.35.6_1,2001-2004,0.0,0.0,0.0,0.0,0.0
NGA.35.6_1,2009-2012,3.0,0.0,10.0,0.0,1.0
NGA.35.6_1,2013-2016,0.0,0.0,0.0,0.0,24.0
NGA.35.6_1,2017-2020,0.0,0.0,0.0,0.0,3.0
NGA.35.7_1,2017-2020,0.0,0.0,0.0,0.0,6.0
NGA.35.8_1,2013-2016,0.0,0.0,0.0,0.0,35.0
NGA.35.8_1,2017-2020,0.0,0.0,4.0,0.0,38.0
NGA.35.9_1,2013-2016,0.0,0.0,0.0,0.0,13.0
NGA.35.9_1,2017-2020,0.0,0.0,0.0,0.0,12.0
NGA.36.10_1,2021-2024,0.0,0.0,0.0,0.0,0.0
NGA.36.12_1,2001-2004,0.0,0.0,0.0,0.0,0.0
NGA.36.12_1,2009-2012,35.0,0.0,0.0,0.0,91.0
NGA.36.12_1,2013-2016,202.0,0.0,0.0,0.0,7.0
NGA.36.12_1,2017-2020,0.0,0.0,1.0,0.0,0.0
NGA.36.14_1,2013-2016,0.0,0.0,0.0,0.0,34.0
NGA.36.15_1,2013-2016,0.0,0.0,0.0,0.0,1.0
NGA.36.15_1,2017-2020,0.0,0.0,0.0,0.0,0.0
NGA.36.16_1,2001-2004,0.0,0.0,0.0,0.0,0.0
NGA.36.16_1,2013-2016,0.0,0.0,0.0,0.0,21.0
NGA.36.16_1,2017-2020,0.0,0.0,0.0,0.0,0.0
NGA.36.16_1,2021-2024,3.0,0.0,0.0,0.0,0.0
NGA.36.17_1,2009-2012,0.0,0.0,0.0,0.0,0.0
NGA.36.17_1,2013-2016,0.0,0.0,0.0,0.0,0.0
NGA.36.17_1,2017-2020,0.0,0.0,0.0,0.0,0.0
NGA.36.2_1,2013-2016,0.0,0.0,0.0,0.0,0.0
NGA.36.2_1,2017-2020,0.0,0.0,0.0,0.0,0.0
NGA.36.2_1,2021-2024,0.0,0.0,0.0,0.0,0.0
NGA.36.3_1,2009-2012,110.0,0.0,0.0,0.0,47.0
NGA.36.3_1,2013-2016,111.0,0.0,0.0,0.0,46.0
NGA.36.3_1,2017-2020,0.0,0.0,0.0,0.0,8.0
NGA.36.4_1,2009-2012,0.0,0.0,0.0,0.0,0.0
NGA.36.4_1,2013-2016,0.0,0.0,0.0,0.0,5.0
NGA.36.5_1,2009-2012,4.0,0.0,0.0,0.0,17.0
NGA.36.5_1,2013-2016,6.0,0.0,0.0,0.0,0.0
NGA.36.6_1,2001-2004,0.0,0.0,0.0,0.0,0.0
NGA.36.6_1,2009-2012,3.0,0.0,0.0,0.0,5.0
NGA.36.6_1,2013-2016,0.0,0.0,0.0,0.0,55.0
NGA.36.6_1,2017-2020,0.0,0.0,0.0,0.0,0.0
NGA.36.6_1,2021-2024,0.0,0.0,0.0,0.0,0.0
NGA.36.7_1,2005-2008,0.0,0.0,0.0,0.0,0.0
NGA.36.7_1,2009-2012,0.0,0.0,0.0,0.0,0.0
NGA.36.7_1,2013-2016,10.0,0.0,0.0,0.0,174.0
NGA.36.7_1,2017-2020,1.0,0.0,0.0,0.0,0.0
NGA.36.7_1,2021-2024,16.0,0.0,0.0,3.0,0.0
NGA.36.8_1,2009-2012,0.0,0.0,0.0,0.0,0.0
NGA.36.8_1,2013-2016,0.0,0.0,0.0,0.0,2.0
NGA.36.8_1,2017-2020,0.0,0.0,0.0,0.0,0.0
NGA.36.8_1,2021-2024,3.0,0.0,0.0,0.0,0.0
NGA.36.9_1,2005-2008,0.0,0.0,0.0,0.0,7.0
NGA.36.9_1,2013-2016,0.0,0.0,0.0,0.0,0.0
NGA.36.9_1,2017-2020,10.0,0.0,0.0,0.0,0.0
NGA.37.10_1,2009-2012,0.0,0.0,0.0,0.0,32.0
NGA.37.10_1,2013-2016,0.0,0.0,0.0,0.0,12.0
NGA.37.10_1,2017-2020,4.0,0.0,0.0,0.0,90.0
NGA.37.10_1,2021-2024,39.0,0.0,0.0,0.0,90.0
NGA.37.11_1,2017-2020,11.0,0.0,0.0,0.0,61.0
NGA.37.11_1,2021-2024,2.0,0.0,0.0,0.0,7.0
NGA.37.12_1,2017-2020,0.0,0.0,0.0,0.0,1.0
NGA.37.12_1,2021-2024,0.0,1.0,3.0,0.0,0.0
NGA.37.13_1,2017-2020,8.0,0.0,0.0,0.0,34.0
NGA.37.14_1,2013-2016,0.0,0.0,0.0,0.0,22.0
NGA.37.14_1,2017-2020,38.0,0.0,0.0,0.0,52.0
NGA.37.1_1,2001-2004,0.0,0.0,0.0,0.0,0.0
NGA.37.1_1,2017-2020,0.0,0.0,0.0,0.0,0.0
NGA.37.2_1,2017-2020,0.0,0.0,0.0,0.0,1.0
NGA.37.2_1,2021-2024,0.0,0.0,0.0,0.0,0.0
NGA.37.3_1,2013-2016,0.0,0.0,0.0,0.0,43.0
NGA.37.3_1,2017-2020,0.0,0.0,7.0,0.0,10.0
NGA.37.4_1,2017-2020,15.0,0.0,0.0,0.0,1.0
NGA.37.5_1,2013-2016,0.0,0.0,0.0,0.0,209.0
NGA.37.5_1,2017-2020,0.0,0.0,0.0,0.0,0.0
NGA.37.5_1,2021-2024,0.0,0.0,0.0,0.0,41.0
NGA.37.6_1,2013-2016,0.0,0.0,0.0,0.0,0.0
NGA.37.6_1,2017-2020,0.0,0.0,0.0,0.0,23.0
NGA.37.7_1,2001-2004,0.0,0.0,0.0,0.0,4.0
NGA.37.7_1,2009-2012,0.0,0.0,0.0,0.0,0.0
NGA.37.7_1,2013-2016,0.0,0.0,0.0,0.0,57.0
NGA.37.7_1,2017-2020,51.0,0.0,0.0,0.0,46.0
NGA.37.7_1,2021-2024,0.0,0.0,0.0,0.0,7.0
NGA.37.8_1,2017-2020,0.0,0.0,0.0,0.0,23.0
NGA.37.8_1,2021-2024,0.0,0.0,0.0,0.0,2.0
NGA.37.9_1,2013-2016,0.0,0.0,0.0,0.0,2.0
NGA.37.9_1,2017-2020,0.0,0.0,0.0,0.0,45.0
NGA.37.9_1,2021-2024,0.0,0.0,0.0,0.0,0.0
NGA.4.10_1,2013-2016,0.0,0.0,0.0,0.0,25.0
NGA.4.10_1,2017-2020,0.0,0.0,0.0,0.0,3.0
NGA.4.10_1,2021-2024,0.0,0.0,1.0,0.0,0.0
NGA.4.11_1,2017-2020,0.0,0.0,0.0,0.0,1.0
NGA.4.11_1,2021-2024,0.0,0.0,0.0,0.0,2.0
NGA.4.12_1,2017-2020,0.0,0.0,0.0,0.0,1.0
NGA.4.13_1,2001-2004,0.0,0.0,0.0,0.0,4.0
NGA.4.13_1,2013-2016,0.0,0.0,0.0,0.0,1.0
NGA.4.13_1,2017-2020,0.0,0.0,0.0,0.0,1.0
NGA.4.13_1,2021-2024,0.0,0.0,0.0,0.0,0.0
NGA.4.14_1,2009-2012,0.0,0.0,0.0,0.0,0.0
NGA.4.14_1,2013-2016,0.0,0.0,0.0,0.0,2.0
NGA.4.14_1,2017-2020,0.0,0.0,1.0,0.0,52.0
NGA.4.14_1,2021-2024,0.0,0.0,1.0,0.0,0.0
NGA.4.15_1,2009-2012,0.0,0.0,0.0,0.0,0.0
NGA.4.16_1,2017-2020,0.0,0.0,0.0,0.0,3.0
NGA.4.19_1,2021-2024,0.0,0.0,0.0,0.0,0.0
NGA.4.1_1,2021-2024,0.0,0.0,0.0,0.0,0.0
NGA.4.20_1,2017-2020,0.0,0.0,0.0,0.0,1.0
NGA.4.21_1,2005-2008,0.0,0.0,0.0,0.0,5.0
NGA.4.21_1,2013-2016,0.0,0.0,4.0,0.0,1.0
NGA.4.21_1,2017-2020,0.0,0.0,4.0,0.0,4.0
NGA.4.21_1,2021-2024,0.0,0.0,4.0,0.0,5.0
NGA.4.2_1,1997-2000,6.0,0.0,5.0,0.0,16.0
NGA.4.2_1,2001-2004,0.0,0.0,0.0,0.0,8.0
NGA.4.2_1,2005-2008,0.0,0.0,8.0,0.0,23.0
NGA.4.2_1,2009-2012,0.0,0.0,0.0,0.0,0.0
NGA.4.2_1,2013-2016,0.0,0.0,42.0,0.0,5.0
NGA.4.2_1,2017-2020,0.0,0.0,1.0,0.0,8.0
NGA.4.2_1,2021-2024,0.0,0.0,0.0,0.0,5.0
NGA.4.4_1,2021-2024,0.0,0.0,0.0,0.0,0.0
NGA.4.5_1,2017-2020,0.0,0.0,0.0,0.0,1.0
NGA.4.6_1,1997-2000,0.0,0.0,0.0,0.0,1.0
NGA.4.6_1,2001-2004,0.0,0.0,0.0,0.0,2.0
NGA.4.6_1,2005-2008,0.0,0.0,0.0,0.0,7.0
NGA.4.6_1,2013-2016,0.0,1.0,0.0,0.0,0.0
NGA.4.6_1,2017-2020,0.0,0.0,1.0,0.0,1.0
NGA.4.6_1,2021-2024,0.0,0.0,0.0,0.0,0.0
NGA.4.7_1,2021-2024,0.0,0.0,0.0,0.0,0.0
NGA.4.8_1,2001-2004,0.0,0.0,0.0,0.0,22.0
NGA.4.8_1,2021-2024,0.0,0.0,0.0,0.0,0.0
NGA.4.9_1,2017-2020,0.0,0.0,0.0,0.0,0.0
NGA.4.9_1,2021-2024,0.0,0.0,0.0,0.0,1.0
NGA.5.10_1,2009-2012,0.0,0.0,0.0,0.0,0.0
NGA.5.11_1,2009-2012,0.0,0.0,0.0,0.0,0.0
NGA.5.11_1,2013-2016,0.0,0.0,0.0,0.0,1.0
NGA.5.12_1,2009-2012,6.0,0.0,0.0,0.0,0.0
NGA.5.12_1,2013-2016,39.0,0.0,0.0,0.0,2.0
NGA.5.12_1,2017-2020,0.0,0.0,1.0,0.0,0.0
NGA.5.14_1,2009-2012,4.0,0.0,0.0,0.0,0.0
NGA.5.14_1,2017-2020,0.0,0.0,0.0,0.0,0.0
NGA.5.15_1,2009-2012,0.0,0.0,0.0,0.0,3.0
NGA.5.15_1,2013-2016,0.0,0.0,0.0,0.0,2.0
NGA.5.15_1,2017-2020,0.0,0.0,0.0,0.0,0.0
NGA.5.16_1,2013-2016,0.0,0.0,0.0,0.0,1.0
NGA.5.17_1,2009-2012,0.0,0.0,3.0,0.0,24.0
NGA.5.17_1,2013-2016,0.0,0.0,0.0,0.0,0.0
NGA.5.18_1,2013-2016,0.0,0.0,4.0,0.0,6.0
NGA.5.18_1,2021-2024,0.0,0.0,0.0,0.0,1.0
NGA.5.2_1,1997-2000,0.0,0.0,0.0,0.0,1.0
NGA.5.2_1,2001-2004,0.0,0.0,0.0,0.0,0.0
NGA.5.2_1,2005-2008,0.0,0.0,10.0,0.0,0.0
NGA.5.2_1,2009-2012,38.0,0.0,12.0,0.0,32.0
NGA.5.2_1,2013-2016,11.0,0.0,1.0,0.0,22.0
NGA.5.2_1,2017-2020,0.0,0.0,14.0,0.0,2.0
NGA.5.2_1,2021-2024,0.0,0.0,0.0,0.0,1.0
NGA.5.5_1,2009-2012,0.0,0.0,0.0,0.0,1.0
NGA.5.5_1,2013-2016,0.0,0.0,0.0,0.0,3.0
NGA.5.5_1,2021-2024,0.0,0.0,1.0,0.0,0.0
NGA.5.6_1,2017-2020,0.0,0.0,0.0,0.0,2.0
NGA.5.8_1,2013-2016,0.0,0.0,0.0,0.0,7.0
NGA.6.1_1,1997-2000,0.0,0.0,0.0,0.0,5.0
NGA.6.1_1,2005-2008,0.0,0.0,0.0,0.0,1.0
NGA.6.1_1,2017-2020,0.0,0.0,4.0,0.0,0.0
NGA.6.2_1,1997-2000,0.0,0.0,0.0,0.0,1.0
NGA.6.2_1,2009-2012,0.0,0.0,0.0,0.0,0.0
NGA.6.2_1,2013-2016,0.0,0.0,1.0,0.0,0.0
NGA.6.2_1,2017-2020,0.0,0.0,0.0,0.0,0.0
NGA.6.3_1,1997-2000,0.0,0.0,0.0,0.0,24.0
NGA.6.3_1,2009-2012,0.0,0.0,0.0,0.0,2.0
NGA.6.3_1,2013-2016,0.0,0.0,0.0,0.0,1.0
NGA.6.3_1,2017-2020,0.0,0.0,0.0,0.0,1.0
NGA.6.4_1,1997-2000,0.0,0.0,0.0,0.0,44.0
NGA.6.4_1,2001-2004,0.0,0.0,0.0,0.0,0.0
NGA.6.4_1,2005-2008,0.0,0.0,0.0,0.0,0.0
NGA.6.4_1,2009-2012,0.0,0.0,0.0,0.0,0.0
NGA.6.4_1,2013-2016,0.0,0.0,2.0,0.0,6.0
NGA.6.4_1,2017-2020,0.0,0.0,0.0,0.0,1.0
NGA.6.5_1,2009-2012,0.0,0.0,0.0,0.0,0.0
NGA.6.5_1,2013-2016,0.0,0.0,0.0,0.0,1.0
NGA.6.5_1,2017-2020,0.0,0.0,0.0,0.0,1.0
NGA.6.6_1,1997-2000,0.0,0.0,0.0,0.0,0.0
NGA.6.6_1,2013-2016,0.0,0.0,0.0,0.0,1.0
NGA.6.6_1,2017-2020,0.0,0.0,0.0,0.0,0.0
NGA.6.7_1,1997-2000,0.0,0.0,0.0,0.0,3.0
NGA.6.7_1,2001-2004,0.0,0.0,0.0,0.0,6.0
NGA.6.7_1,2013-2016,0.0,0.0,1.0,0.0,2.0
NGA.6.7_1,2017-2020,0.0,0.0,4.0,0.0,3.0
NGA.6.8_1,1997-2000,0.0,0.0,0.0,0.0,17.0
NGA.6.8_1,2001-2004,0.0,0.0,0.0,0.0,0.0
NGA.6.8_1,2005-2008,0.0,0.0,0.0,0.0,5.0
NGA.6.8_1,2009-2012,0.0,0.0,0.0,0.0,5.0
NGA.6.8_1,2013-2016,0.0,0.0,5.0,0.0,7.0
NGA.6.8_1,2017-2020,0.0,0.0,8.0,0.0,15.0
NGA.6.8_1,2021-2024,0.0,0.0,0.0,0.0,0.0
NGA.7.10_1,2017-2020,0.0,0.0,1.0,0.0,0.0
NGA.7.11_1,2013-2016,0.0,0.0,0.0,0.0,0.0
NGA.7.11_1,2017-2020,0.0,0.0,0.0,0.0,26.0
NGA.7.12_1,2013-2016,0.0,0.0,0.0,0.0,15.0
NGA.7.12_1,2017-2020,0.0,0.0,0.0,0.0,22.0
NGA.7.12_1,2021-2024,0.0,0.0,0.0,0.0,5.0
NGA.7.13_1,2001-2004,0.0,0.0,13.0,0.0,8.0
NGA.7.13_1,2005-2008,0.0,0.0,0.0,0.0,3.0
NGA.7.13_1,2009-2012,0.0,0.0,0.0,0.0,3.0
NGA.7.13_1,2013-2016,0.0,0.0,3.0,0.0,24.0
NGA.7.13_1,2017-2020,0.0,0.0,11.0,0.0,14.0
NGA.7.13_1,2021-2024,0.0,0.0,3.0,0.0,1.0
NGA.7.15_1,2009-2012,0.0,0.0,0.0,0.0,1.0
NGA.7.15_1,2017-2020,0.0,0.0,0.0,0.0,0.0
NGA.7.16_1,2017-2020,0.0,0.0,0.0,0.0,0.0
NGA.7.18_1,2013-2016,0.0,0.0,0.0,0.0,0.0
NGA.7.18_1,2017-2020,0.0,0.0,0.0,0.0,6.0
NGA.7.19_1,2013-2016,0.0,0.0,0.0,0.0,91.0
NGA.7.19_1,2017-2020,0.0,0.0,4.0,0.0,1.0
NGA.7.1_1,2013-2016,0.0,0.0,0.0,0.0,0.0
NGA.7.1_1,2017-2020,0.0,0.0,0.0,0.0,4.0
NGA.7.1_1,2021-2024,0.0,0.0,0.0,0.0,3.0
NGA.7.20_1,2013-2016,0.0,0.0,0.0,0.0,7.0
NGA.7.21_1,2001-2004,0.0,0.0,0.0,0.0,22.0
NGA.7.21_1,2013-2016,0.0,0.0,0.0,0.0,52.0
NGA.7.21_1,2017-2020,0.0,0.0,0.0,0.0,58.0
NGA.7.22_1,2013-2016,0.0,0.0,0.0,0.0,78.0
NGA.7.22_1,2017-2020,0.0,0.0,3.0,0.0,1.0
NGA.7.22_1,2021-2024,0.0,0.0,0.0,0.0,0.0
NGA.7.2_1,2013-2016,0.0,0.0,0.0,0.0,189.0
NGA.7.2_1,2017-2020,0.0,0.0,0.0,0.0,4.0
NGA.7.2_1,2021-2024,0.0,0.0,0.0,0.0,35.0
NGA.7.3_1,2017-2020,0.0,0.0,0.0,0.0,13.0
NGA.7.4_1,2013-2016,0.0,0.0,0.0,0.0,60.0
NGA.7.4_1,2017-2020,0.0,0.0,0.0,0.0,5.0
NGA.7.5_1,1997-2000,0.0,0.0,1.0,0.0,0.0
NGA.7.5_1,2005-2008,0.0,0.0,0.0,0.0,6.0
NGA.7.5_1,2009-2012,0.0,0.0,0.0,0.0,2.0
NGA.7.5_1,2013-2016,0.0,0.0,3.0,0.0,16.0
NGA.7.5_1,2017-2020,0.0,0.0,8.0,0.0,2.0
NGA.7.6_1,2009-2012,0.0,0.0,0.0,0.0,35.0
NGA.7.6_1,2013-2016,0.0,0.0,0.0,0.0,102.0
NGA.7.6_1,2017-2020,0.0,0.0,0.0,0.0,26.0
NGA.7.6_1,2021-2024,0.0,0.0,0.0,0.0,2.0
NGA.7.7_1,2013-2016,0.0,0.0,0.0,0.0,77.0
NGA.7.7_1,2017-2020,0.0,0.0,0.0,0.0,1.0
NGA.7.8_1,2009-2012,0.0,0.0,0.0,0.0,0.0
NGA.7.8_1,2013-2016,0.0,0.0,7.0,0.0,0.0
NGA.7.8_1,2017-2020,0.0,0.0,0.0,0.0,32.0
NGA.7.9_1,2009-2012,0.0,0.0,0.0,0.0,1.0
NGA.7.9_1,2013-2016,0.0,0.0,0.0,0.0,38.0
NGA.7.9_1,2017-2020,0.0,0.0,0.0,0.0,43.0
NGA.7.9_1,2021-2024,0.0,0.0,0.0,0.0,37.0
NGA.8.10_1,2009-2012,0.0,0.0,0.0,0.0,2.0
NGA.8.10_1,2013-2016,109.0,0.0,0.0,0.0,18.0
NGA.8.10_1,2017-2020,0.0,0.0,0.0,0.0,33.0
NGA.8.10_1,2021-2024,0.0,0.0,0.0,0.0,0.0
NGA.8.11_1,1997-2000,0.0,0.0,0.0,0.0,13.0
NGA.8.11_1,2005-2008,0.0,0.0,2.0,0.0,0.0
NGA.8.11_1,2013-2016,62.0,0.0,100.0,0.0,381.0
NGA.8.11_1,2017-2020,197.0,0.0,0.0,0.0,10.0
NGA.8.11_1,2021-2024,0.0,0.0,0.0,0.0,0.0
NGA.8.12_1,2009-2012,0.0,0.0,0.0,0.0,6.0
NGA.8.12_1,2013-2016,71.0,0.0,0.0,0.0,159.0
NGA.8.12_1,2017-2020,2.0,0.0,0.0,0.0,0.0
NGA.8.13_1,2013-2016,0.0,0.0,0.0,0.0,128.0
NGA.8.13_1,2017-2020,120.0,0.0,0.0,2.0,40.0
NGA.8.13_1,2021-2024,4.0,0.0,0.0,0.0,0.0
NGA.8.14_1,2009-2012,0.0,0.0,0.0,0.0,2.0
NGA.8.14_1,2013-2016,9.0,0.0,0.0,0.0,274.0
NGA.8.14_1,2017-2020,4.0,0.0,0.0,0.0,0.0
NGA.8.14_1,2021-2024,0.0,0.0,0.0,0.0,0.0
NGA.8.15_1,2001-2004,0.0,0.0,0.0,0.0,1.0
NGA.8.15_1,2009-2012,0.0,0.0,0.0,0.0,0.0
NGA.8.15_1,2013-2016,0.0,0.0,0.0,0.0,0.0
NGA.8.15_1,2017-2020,234.0,0.0,0.0,0.0,76.0
NGA.8.15_1,2021-2024,0.0,0.0,0.0,0.0,0.0
NGA.8.16_1,2001-2004,0.0,0.0,0.0,0.0,0.0
NGA.8.16_1,2009-2012,0.0,0.0,0.0,0.0,53.0
NGA.8.16_1,2013-2016,33.0,0.0,0.0,43.0,292.0
NGA.8.16_1,2017-2020,108.0,0.0,0.0,3.0,76.0
NGA.8.16_1,2021-2024,3.0,0.0,0.0,0.0,0.0
NGA.8.17_1,2013-2016,12.0,0.0,0.0,0.0,1710.0
NGA.8.17_1,2017-2020,48.0,0.0,0.0,0.0,0.0
NGA.8.17_1,2021-2024,3.0,0.0,0.0,0.0,1.0
NGA.8.18_1,2013-2016,5.0,0.0,0.0,0.0,0.0
NGA.8.18_1,2017-2020,0.0,0.0,0.0,0.0,0.0
NGA.8.19_1,2013-2016,15.0,0.0,0.0,0.0,0.0
NGA.8.19_1,2017-2020,88.0,0.0,0.0,0.0,2.0
NGA.8.19_1,2021-2024,0.0,0.0,0.0,0.0,0.0
NGA.8.1_1,2013-2016,15.0,0.0,0.0,0.0,58.0
NGA.8.1_1,2017-2020,114.0,0.0,0.0,0.0,9.0
NGA.8.1_1,2021-2024,46.0,0.0,0.0,0.0,0.0
NGA.8.20_1,2005-2008,0.0,0.0,0.0,0.0,4.0
NGA.8.20_1,2009-2012,0.0,0.0,0.0,0.0,6.0
NGA.8.20_1,2013-2016,107.0,0.0,0.0,0.0,170.0
NGA.8.20_1,2017-2020,98.0,0.0,0.0,0.0,32.0
NGA.8.20_1,2021-2024,0.0,0.0,0.0,0.0,0.0
NGA.8.21_1,2001-2004,0.0,0.0,0.0,0.0,0.0
NGA.8.21_1,2009-2012,0.0,0.0,0.0,0.0,9.0
NGA.8.21_1,2013-2016,0.0,0.0,0.0,0.0,89.0
NGA.8.21_1,2017-2020,15.0,0.0,0.0,0.0,28.0
NGA.8.21_1,2021-2024,0.0,0.0,0.0,0.0,0.0
NGA.8.22_1,1997-2000,0.0,0.0,1.0,0.0,0.0
NGA.8.22_1,2001-2004,0.0,0.0,5.0,0.0,0.0
NGA.8.22_1,2005-2008,0.0,0.0,23.0,0.0,0.0
NGA.8.22_1,2009-2012,153.0,0.0,0.0,0.0,364.0
NGA.8.22_1,2013-2016,841.0,0.0,4.0,6.0,665.0
NGA.8.22_1,2017-2020,157.0,0.0,0.0,2.0,11.0
NGA.8.22_1,2021-2024,0.0,0.0,2.0,0.0,2.0
NGA.8.23_1,2009-2012,0.0,0.0,0.0,0.0,0.0
NGA.8.23_1,2013-2016,0.0,0.0,0.0,0.0,34.0
NGA.8.23_1,2017-2020,6.0,0.0,0.0,0.0,10.0
NGA.8.23_1,2021-2024,0.0,0.0,0.0,0.0,0.0
NGA.8.24_1,2009-2012,0.0,0.0,0.0,0.0,5.0
NGA.8.24_1,2013-2016,0.0,0.0,0.0,0.0,468.0
NGA.8.24_1,2017-2020,20.0,0.0,0.0,0.0,23.0
NGA.8.24_1,2021-2024,1.0,0.0,0.0,0.0,0.0
NGA.8.25_1,2013-2016,10.0,0.0,0.0,0.0,10.0
NGA.8.25_1,2017-2020,10.0,0.0,0.0,0.0,0.0
NGA.8.26_1,2009-2012,0.0,0.0,0.0,0.0,6.0
NGA.8.26_1,2013-2016,41.0,0.0,0.0,0.0,395.0
NGA.8.26_1,2017-2020,78.0,0.0,0.0,0.0,10.0
NGA.8.26_1,2021-2024,10.0,0.0,0.0,0.0,0.0
NGA.8.27_1,2005-2008,0.0,0.0,0.0,0.0,0.0
NGA.8.27_1,2009-2012,0.0,0.0,0.0,0.0,3.0
NGA.8.27_1,2013-2016,0.0,0.0,0.0,0.0,74.0
NGA.8.27_1,2017-2020,0.0,0.0,0.0,0.0,15.0
NGA.8.27_1,2021-2024,0.0,0.0,0.0,0.0,0.0
NGA.8.28_1,2009-2012,0.0,0.0,0.0,0.0,4.0
NGA.8.28_1,2013-2016,0.0,0.0,0.0,0.0,35.0
NGA.8.28_1,2017-2020,0.0,0.0,0.0,0.0,0.0
NGA.8.2_1,2009-2012,0.0,0.0,0.0,0.0,0.0
NGA.8.2_1,2013-2016,30.0,0.0,0.0,0.0,202.0
NGA.8.2_1,2017-2020,0.0,0.0,0.0,0.0,33.0
NGA.8.2_1,2021-2024,0.0,0.0,0.0,0.0,0.0
NGA.8.3_1,2001-2004,0.0,0.0,0.0,0.0,7.0
NGA.8.3_1,2009-2012,0.0,0.0,0.0,0.0,27.0
NGA.8.3_1,2013-2016,45.0,0.0,0.0,2.0,83.0
NGA.8.3_1,2017-2020,50.0,0.0,0.0,0.0,47.0
NGA.8.3_1,2021-2024,3.0,0.0,0.0,0.0,0.0
NGA.8.4_1,2017-2020,0.0,0.0,0.0,0.0,3.0
NGA.8.5_1,2001-2004,0.0,0.0,0.0,0.0,9.0
NGA.8.5_1,2009-2012,8.0,0.0,5.0,0.0,9.0
NGA.8.5_1,2013-2016,105.0,0.0,2.0,0.0,131.0
NGA.8.5_1,2017-2020,35.0,0.0,0.0,0.0,11.0
NGA.8.5_1,2021-2024,0.0,0.0,0.0,0.0,0.0
NGA.8.6_1,2005-2008,0.0,0.0,1.0,0.0,0.0
NGA.8.6_1,2009-2012,0.0,0.0,0.0,0.0,27.0
NGA.8.6_1,2013-2016,15.0,0.0,0.0,0.0,54.0
NGA.8.6_1,2017-2020,0.0,0.0,0.0,0.0,20.0
NGA.8.6_1,2021-2024,0.0,0.0,0.0,0.0,10.0
NGA.8.7_1,1997-2000,0.0,0.0,0.0,0.0,0.0
NGA.8.7_1,2001-2004,0.0,0.0,0.0,0.0,2.0
NGA.8.7_1,2005-2008,0.0,0.0,0.0,0.0,0.0
NGA.8.7_1,2009-2012,23.0,0.0,0.0,0.0,3.0
NGA.8.7_1,2013-2016,107.0,0.0,0.0,0.0,331.0
NGA.8.7_1,2017-2020,269.0,0.0,0.0,0.0,42.0
NGA.8.7_1,2021-2024,44.0,0.0,0.0,0.0,0.0
NGA.8.8_1,2013-2016,0.0,0.0,0.0,0.0,56.0
NGA.8.8_1,2017-2020,26.0,0.0,0.0,0.0,14.0
NGA.8.8_1,2021-2024,0.0,0.0,0.0,0.0,0.0
NGA.8.9_1,1997-2000,0.0,0.0,0.0,0.0,25.0
NGA.8.9_1,2009-2012,0.0,0.0,0.0,0.0,4.0
NGA.8.9_1,2013-2016,12.0,0.0,0.0,0.0,37.0
NGA.8.9_1,2017-2020,0.0,0.0,0.0,0.0,30.0
NGA.8.9_1,2021-2024,0.0,0.0,0.0,0.0,0.0
NGA.9.10_1,2017-2020,0.0,0.0,0.0,0.0,1.0
NGA.9.11_1,2017-2020,0.0,0.0,0.0,0.0,0.0
NGA.9.12_1,2017-2020,0.0,0.0,1.0,0.0,0.0
NGA.9.13_1,2001-2004,0.0,0.0,0.0,0.0,0.0
NGA.9.13_1,2013-2016,0.0,0.0,0.0,0.0,5.0
NGA.9.13_1,2017-2020,0.0,0.0,0.0,0.0,1.0
NGA.9.15_1,2017-2020,0.0,0.0,0.0,0.0,2.0
NGA.9.16_1,2017-2020,0.0,0.0,3.0,0.0,0.0
NGA.9.17_1,2013-2016,0.0,0.0,0.0,0.0,0.0
NGA.9.17_1,2017-2020,0.0,0.0,3.0,0.0,0.0
NGA.9.18_1,2009-2012,0.0,0.0,0.0,0.0,0.0
NGA.9.18_1,2013-2016,0.0,0.0,8.0,0.0,0.0
NGA.9.18_1,2017-2020,0.0,0.0,3.0,0.0,0.0
NGA.9.1_1,2013-2016,1.0,0.0,0.0,0.0,10.0
NGA.9.1_1,2017-2020,0.0,0.0,0.0,0.0,14.0
NGA.9.1_1,2021-2024,0.0,0.0,0.0,0.0,12.0
NGA.9.2_1,2009-2012,0.0,0.0,1.0,0.0,0.0
NGA.9.2_1,2017-2020,0.0,0.0,0.0,0.0,4.0
NGA.9.3_1,1997-2000,0.0,0.0,0.0,0.0,35.0
NGA.9.3_1,2009-2012,0.0,0.0,0.0,0.0,0.0
NGA.9.3_1,2017-2020,0.0,0.0,2.0,0.0,2.0
NGA.9.4_1,2017-2020,0.0,0.0,0.0,0.0,0.0
NGA.9.5_1,2017-2020,0.0,0.0,3.0,0.0,0.0
NGA.9.6_1,2017-2020,0.0,0.0,0.0,0.0,15.0
NGA.9.7_1,1997-2000,0.0,0.0,0.0,0.0,0.0
NGA.9.7_1,2017-2020,0.0,0.0,0.0,0.0,0.0
NGA.9.8_1,2001-2004,0.0,0.0,0.0,0.0,0.0
NGA.9.8_1,2009-2012,0.0,0.0,0.0,0.0,1.0
NGA.9.8_1,2013-2016,0.0,3.0,7.0,0.0,1.0
NGA.9.8_1,2017-2020,0.0,0.0,14.0,0.0,2.0
NGA.9.8_1,2021-2024,0.0,0.0,0.0,0.0,0.0
RWA.1.1_1,1997-2000,0.0,0.0,0.0,0.0,200.0
RWA.1.1_1,2009-2012,2.0,0.0,0.0,0.0,2.0
RWA.1.1_1,2017-2020,0.0,0.0,0.0,0.0,1.0
RWA.1.2_1,1997-2000,0.0,0.0,0.0,0.0,392.0
RWA.1.2_1,2001-2004,0.0,0.0,0.0,0.0,0.0
RWA.1.3_1,1997-2000,0.0,0.0,0.0,0.0,4.0
RWA.1.3_1,2005-2008,0.0,0.0,0.0,0.0,9.0
RWA.1.4_1,1997-2000,0.0,0.0,0.0,0.0,174.0
RWA.1.4_1,2001-2004,0.0,0.0,0.0,0.0,0.0
RWA.1.4_1,2009-2012,1.0,0.0,0.0,0.0,10.0
RWA.1.4_1,2013-2016,1.0,0.0,0.0,0.0,0.0
RWA.1.4_1,2017-2020,0.0,0.0,0.0,0.0,14.0
RWA.1.5_1,1997-2000,2.0,0.0,0.0,0.0,84.0
RWA.1.5_1,2013-2016,0.0,0.0,0.0,0.0,1.0
RWA.1.5_1,2017-2020,0.0,0.0,0.0,0.0,1.0
RWA.2.1_1,2009-2012,0.0,0.0,0.0,0.0,1.0
RWA.2.2_1,1997-2000,0.0,0.0,0.0,0.0,63.0
RWA.2.2_1,2001-2004,0.0,0.0,0.0,0.0,3.0
RWA.2.2_1,2005-2008,0.0,0.0,0.0,0.0,1.0
RWA.2.2_1,2009-2012,4.0,0.0,0.0,0.0,1.0
RWA.2.2_1,2021-2024,0.0,0.0,2.0,0.0,0.0
RWA.2.3_1,1997-2000,0.0,0.0,0.0,0.0,59.0
RWA.2.3_1,2005-2008,0.0,0.0,0.0,0.0,4.0
RWA.2.4_1,1997-2000,0.0,0.0,0.0,0.0,213.0
RWA.2.4_1,2001-2004,0.0,0.0,0.0,0.0,0.0
RWA.2.4_1,2009-2012,5.0,0.0,0.0,0.0,0.0
RWA.2.4_1,2017-2020,0.0,0.0,0.0,0.0,1.0
RWA.2.5_1,1997-2000,0.0,0.0,0.0,0.0,68.0
RWA.2.5_1,2005-2008,0.0,0.0,0.0,0.0,1.0
RWA.2.5_1,2017-2020,0.0,0.0,0.0,0.0,2.0
RWA.2.6_1,2001-2004,0.0,0.0,0.0,0.0,1.0
RWA.2.6_1,2005-2008,0.0,0.0,0.0,0.0,3.0
RWA.2.7_1,1997-2000,0.0,0.0,0.0,0.0,8.0
RWA.2.7_1,2017-2020,0.0,0.0,0.0,0.0,4.0
RWA.2.8_1,1997-2000,0.0,0.0,0.0,0.0,22.0
RWA.3.1_1,2005-2008,0.0,0.0,0.0,0.0,1.0
RWA.3.4_1,2005-2008,1.0,0.0,0.0,0.0,0.0
RWA.3.4_1,2009-2012,0.0,0.0,0.0,0.0,2.0
RWA.3.4_1,2017-2020,0.0,0.0,0.0,0.0,2.0
RWA.3.5_1,1997-2000,0.0,0.0,0.0,0.0,29.0
RWA.3.5_1,2013-2016,0.0,0.0,2.0,0.0,0.0
RWA.3.6_1,1997-2000,0.0,0.0,0.0,0.0,0.0
RWA.3.7_1,1997-2000,0.0,0.0,0.0,0.0,39.0
RWA.3.7_1,2005-2008,0.0,0.0,0.0,0.0,7.0
RWA.3.7_1,2017-2020,0.0,0.0,0.0,0.0,1.0
RWA.4.1_1,1997-2000,0.0,0.0,0.0,0.0,19.0
RWA.4.1_1,2017-2020,0.0,11.0,1.0,0.0,0.0
RWA.4.2_1,1997-2000,0.0,0.0,0.0,0.0,95.0
RWA.4.2_1,2005-2008,1.0,0.0,0.0,0.0,0.0
RWA.4.3_1,1997-2000,0.0,0.0,0.0,0.0,113.0
RWA.4.3_1,2001-2004,0.0,0.0,0.0,0.0,0.0
RWA.4.3_1,2009-2012,0.0,0.0,0.0,0.0,0.0
RWA.4.3_1,2017-2020,0.0,0.0,0.0,0.0,0.0
RWA.4.4_1,1997-2000,0.0,0.0,0.0,0.0,7.0
RWA.4.4_1,2005-2008,0.0,0.0,0.0,0.0,4.0
RWA.4.5_1,1997-2000,100.0,0.0,0.0,0.0,785.0
RWA.4.5_1,2001-2004,0.0,0.0,0.0,0.0,0.0
RWA.4.5_1,2009-2012,0.0,0.0,0.0,0.0,3.0
RWA.4.5_1,2013-2016,1.0,0.0,0.0,0.0,0.0
RWA.4.5_1,2017-2020,0.0,0.0,0.0,0.0,2.0
RWA.4.5_1,2021-2024,0.0,0.0,0.0,0.0,2.0
RWA.4.6_1,1997-2000,1.0,0.0,0.0,0.0,0.0
RWA.4.6_1,2013-2016,0.0,0.0,0.0,0.0,2.0
RWA.4.6_1,2017-2020,0.0,0.0,0.0,0.0,2.0
RWA.4.6_1,2021-2024,0.0,0.0,0.0,0.0,0.0
RWA.5.1_1,2005-2008,0.0,0.0,0.0,0.0,1.0
RWA.5.1_1,2013-2016,0.0,0.0,0.0,0.0,0.0
RWA.5.1_1,2017-2020,1.0,0.0,0.0,0.0,1.0
RWA.5.2_1,1997-2000,3.0,0.0,0.0,0.0,0.0
RWA.5.2_1,2005-2008,0.0,0.0,0.0,0.0,1.0
RWA.5.2_1,2013-2016,2.0,0.0,0.0,0.0,0.0
RWA.5.3_1,1997-2000,1.0,0.0,0.0,0.0,28.0
RWA.5.3_1,2005-2008,0.0,0.0,0.0,0.0,6.0
RWA.5.3_1,2009-2012,13.0,0.0,0.0,0.0,2.0
RWA.5.3_1,2013-2016,4.0,0.0,0.0,0.0,1.0
RWA.5.3_1,2021-2024,0.0,0.0,1.0,0.0,0.0
SDN.1.3_1,1997-2000,0.0,0.0,0.0,0.0,2.0
SDN.1.3_1,2001-2004,0.0,0.0,2.0,0.0,0.0
SDN.1.3_1,2005-2008,0.0,0.0,0.0,0.0,0.0
SDN.1.3_1,2009-2012,0.0,0.0,0.0,0.0,4.0
SDN.1.3_1,2013-2016,0.0,16.0,12.0,0.0,1.0
SDN.1.3_1,2017-2020,0.0,2.0,0.0,0.0,0.0
SDN.1.3_1,2021-2024,0.0,0.0,0.0,0.0,1.0
SDN.1.7_1,2001-2004,0.0,0.0,0.0,0.0,0.0
SDN.1.7_1,2013-2016,7.0,0.0,0.0,0.0,0.0
SDN.10.1_1,2017-2020,0.0,0.0,0.0,0.0,0.0
SDN.10.2_1,2005-2008,6.0,0.0,0.0,0.0,6.0
SDN.10.2_1,2009-2012,0.0,0.0,0.0,0.0,2.0
SDN.10.2_1,2013-2016,0.0,0.0,0.0,0.0,0.0
SDN.10.2_1,2017-2020,0.0,1.0,0.0,0.0,0.0
SDN.10.4_1,2013-2016,0.0,0.0,0.0,0.0,1.0
SDN.10.4_1,2017-2020,0.0,0.0,1.0,0.0,0.0
SDN.10.4_1,2021-2024,0.0,0.0,0.0,0.0,0.0
SDN.11.1_1,2009-2012,0.0,0.0,0.0,0.0,0.0
SDN.11.2_1,2001-2004,0.0,0.0,0.0,0.0,0.0
SDN.11.2_1,2005-2008,0.0,21.0,0.0,0.0,0.0
SDN.11.2_1,2009-2012,1.0,0.0,0.0,0.0,0.0
SDN.11.2_1,2013-2016,0.0,0.0,0.0,0.0,3.0
SDN.11.2_1,2017-2020,0.0,0.0,4.0,0.0,0.0
SDN.11.2_1,2021-2024,0.0,0.0,0.0,0.0,8.0
SDN.11.3_1,1997-2000,2.0,0.0,0.0,0.0,10.0
SDN.11.3_1,2017-2020,0.0,0.0,0.0,0.0,0.0
SDN.11.4_1,1997-2000,0.0,0.0,0.0,0.0,0.0
SDN.11.4_1,2017-2020,0.0,0.0,0.0,0.0,1.0
SDN.12.4_1,1997-2000,1.0,0.0,0.0,0.0,0.0
SDN.12.4_1,2017-2020,0.0,2.0,5.0,0.0,0.0
SDN.12.4_1,2021-2024,0.0,0.0,0.0,0.0,0.0
SDN.12.5_1,2017-2020,0.0,0.0,2.0,0.0,0.0
SDN.12.6_1,2001-2004,0.0,0.0,1.0,0.0,0.0
SDN.12.6_1,2013-2016,0.0,0.0,1.0,0.0,0.0
SDN.13.1_1,1997-2000,0.0,0.0,0.0,0.0,0.0
SDN.13.1_1,2009-2012,0.0,0.0,0.0,0.0,3.0
SDN.13.1_1,2013-2016,3.0,0.0,0.0,0.0,0.0
SDN.13.1_1,2017-2020,0.0,2.0,0.0,0.0,0.0
SDN.13.2_1,1997-2000,0.0,1.0,1.0,0.0,0.0
SDN.14.1_1,2001-2004,0.0,0.0,0.0,0.0,397.0
SDN.14.1_1,2005-2008,0.0,0.0,0.0,0.0,0.0
SDN.14.1_1,2009-2012,0.0,0.0,0.0,0.0,5.0
SDN.14.1_1,2013-2016,18.0,0.0,0.0,0.0,22.0
SDN.14.1_1,2017-2020,0.0,0.0,0.0,0.0,12.0
SDN.14.1_1,2021-2024,0.0,0.0,0.0,0.0,1.0
SDN.14.2_1,2001-2004,3.0,0.0,0.0,0.0,89.0
SDN.14.2_1,2005-2008,0.0,0.0,0.0,0.0,0.0
SDN.14.2_1,2013-2016,0.0,0.0,3.0,0.0,9.0
SDN.14.2_1,2017-2020,0.0,0.0,0.0,0.0,32.0
SDN.14.2_1,2021-2024,0.0,0.0,0.0,0.0,1.0
SDN.14.3_1,2001-2004,0.0,0.0,0.0,0.0,53.0
SDN.14.3_1,2009-2012,0.0,0.0,0.0,0.0,0.0
SDN.14.3_1,2013-2016,2.0,2.0,0.0,0.0,26.0
SDN.14.3_1,2017-2020,0.0,0.0,2.0,0.0,5.0
SDN.14.4_1,1997-2000,0.0,0.0,0.0,0.0,0.0
SDN.14.4_1,2001-2004,0.0,0.0,0.0,0.0,487.0
SDN.14.4_1,2005-2008,0.0,0.0,0.0,0.0,138.0
SDN.14.4_1,2009-2012,2.0,6.0,3.0,0.0,21.0
SDN.14.4_1,2013-2016,54.0,0.0,14.0,0.0,251.0
SDN.14.4_1,2017-2020,19.0,3.0,4.0,0.0,68.0
SDN.14.4_1,2021-2024,0.0,0.0,0.0,0.0,6.0
SDN.14.5_1,2001-2004,8.0,0.0,0.0,0.0,44.0
SDN.14.5_1,2005-2008,0.0,0.0,0.0,0.0,0.0
SDN.14.5_1,2013-2016,0.0,0.0,0.0,0.0,14.0
SDN.14.5_1,2017-2020,0.0,0.0,0.0,0.0,5.0
SDN.15.1_1,2009-2012,0.0,0.0,0.0,0.0,0.0
SDN.15.1_1,2013-2016,0.0,0.0,0.0,0.0,17.0
SDN.15.1_1,2017-2020,0.0,1.0,0.0,0.0,0.0
SDN.15.2_1,2009-2012,11.0,0.0,0.0,0.0,0.0
SDN.15.2_1,2013-2016,17.0,1.0,0.0,0.0,10.0
SDN.15.2_1,2017-2020,1.0,0.0,0.0,0.0,11.0
SDN.15.2_1,2021-2024,0.0,0.0,0.0,0.0,8.0
SDN.15.3_1,1997-2000,13.0,0.0,0.0,0.0,0.0
SDN.15.3_1,2001-2004,1.0,0.0,0.0,0.0,0.0
SDN.15.3_1,2009-2012,46.0,0.0,0.0,0.0,2.0
SDN.15.3_1,2013-2016,117.0,0.0,0.0,0.0,19.0
SDN.15.3_1,2017-2020,0.0,0.0,0.0,0.0,24.0
SDN.15.3_1,2021-2024,0.0,0.0,0.0,0.0,3.0
SDN.15.4_1,1997-2000,0.0,0.0,0.0,0.0,1.0
SDN.15.4_1,2009-2012,2.0,0.0,0.0,0.0,20.0
SDN.15.4_1,2013-2016,148.0,0.0,0.0,0.0,34.0
SDN.15.4_1,2017-2020,0.0,0.0,0.0,0.0,10.0
SDN.15.4_1,2021-2024,0.0,0.0,0.0,0.0,0.0
SDN.15.5_1,1997-2000,0.0,0.0,0.0,0.0,2.0
SDN.15.5_1,2009-2012,4.0,0.0,0.0,0.0,16.0
SDN.15.5_1,2013-2016,17.0,0.0,0.0,0.0,3.0
SDN.15.5_1,2017-2020,1.0,0.0,5.0,0.0,4.0
SDN.15.5_1,2021-2024,0.0,0.0,0.0,0.0,15.0
SDN.16.1_1,1997-2000,81.0,0.0,0.0,0.0,0.0
SDN.16.1_1,2001-2004,37.0,0.0,0.0,0.0,893.0
SDN.16.1_1,2005-2008,27.0,0.0,2.0,0.0,524.0
SDN.16.1_1,2009-2012,15.0,0.0,0.0,0.0,5.0
SDN.16.1_1,2013-2016,15.0,5.0,15.0,0.0,72.0
SDN.16.1_1,2017-2020,0.0,6.0,7.0,0.0,40.0
SDN.16.1_1,2021-2024,0.0,0.0,0.0,0.0,92.0
SDN.17.1_1,2001-2004,3.0,0.0,0.0,0.0,28.0
SDN.17.1_1,2005-2008,0.0,0.0,0.0,0.0,3.0
SDN.17.1_1,2009-2012,4.0,0.0,1.0,0.0,23.0
SDN.17.1_1,2013-2016,4.0,0.0,0.0,0.0,46.0
SDN.17.1_1,2017-2020,0.0,0.0,0.0,0.0,65.0
SDN.17.1_1,2021-2024,0.0,0.0,0.0,0.0,11.0
SDN.17.2_1,2013-2016,0.0,3.0,0.0,0.0,0.0
SDN.17.2_1,2021-2024,0.0,0.0,0.0,0.0,13.0
SDN.17.3_1,2005-2008,0.0,0.0,0.0,0.0,0.0
SDN.17.3_1,2009-2012,0.0,0.0,0.0,0.0,0.0
SDN.17.3_1,2013-2016,0.0,0.0,0.0,0.0,2.0
SDN.17.3_1,2017-2020,0.0,1.0,0.0,0.0,0.0
SDN.17.3_1,2021-2024,0.0,0.0,2.0,0.0,7.0
SDN.17.4_1,2001-2004,0.0,0.0,0.0,0.0,93.0
SDN.17.4_1,2013-2016,1.0,0.0,0.0,0.0,1.0
SDN.17.4_1,2021-2024,0.0,0.0,1.0,0.0,0.0
SDN.17.5_1,1997-2000,0.0,0.0,0.0,0.0,1.0
SDN.17.5_1,2013-2016,1.0,0.0,0.0,0.0,0.0
SDN.17.5_1,2017-2020,0.0,0.0,1.0,0.0,15.0
SDN.17.5_1,2021-2024,0.0,0.0,0.0,0.0,3.0
SDN.18.1_1,2017-2020,0.0,0.0,2.0,0.0,0.0
SDN.18.2_1,2001-2004,0.0,0.0,0.0,0.0,0.0
SDN.18.2_1,2009-2012,72.0,0.0,0.0,0.0,10.0
SDN.18.2_1,2013-2016,0.0,0.0,0.0,0.0,1.0
SDN.18.3_1,2017-2020,0.0,4.0,0.0,0.0,0.0
SDN.18.4_1,1997-2000,0.0,0.0,2.0,0.0,0.0
SDN.18.4_1,2009-2012,1.0,0.0,0.0,0.0,0.0
SDN.18.4_1,2013-2016,0.0,0.0,1.0,0.0,1.0
SDN.18.4_1,2017-2020,0.0,0.0,7.0,0.0,2.0
SDN.2.2_1,2001-2004,0.0,0.0,0.0,0.0,0.0
SDN.2.3_1,1997-2000,0.0,0.0,0.0,0.0,1.0
SDN.2.3_1,2009-2012,8.0,0.0,0.0,0.0,0.0
SDN.2.3_1,2013-2016,0.0,0.0,1.0,0.0,0.0
SDN.2.3_1,2017-2020,0.0,1.0,12.0,0.0,6.0
SDN.2.3_1,2021-2024,0.0,0.0,1.0,0.0,0.0
SDN.2.4_1,2001-2004,0.0,0.0,0.0,0.0,0.0
SDN.2.4_1,2009-2012,0.0,0.0,0.0,0.0,0.0
SDN.2.4_1,2013-2016,0.0,0.0,0.0,0.0,11.0
SDN.2.4_1,2017-2020,0.0,8.0,0.0,0.0,9.0
SDN.2.4_1,2021-2024,0.0,0.0,0.0,0.0,1.0
SDN.2.5_1,2017-2020,0.0,0.0,0.0,0.0,1.0
SDN.3.1_1,1997-2000,0.0,0.0,0.0,0.0,0.0
SDN.3.1_1,2009-2012,0.0,0.0,0.0,0.0,0.0
SDN.3.1_1,2013-2016,0.0,0.0,0.0,0.0,6.0
SDN.3.1_1,2017-2020,0.0,0.0,0.0,0.0,1.0
SDN.3.1_1,2021-2024,0.0,0.0,0.0,0.0,0.0
SDN.3.2_1,1997-2000,0.0,0.0,0.0,0.0,150.0
SDN.3.2_1,2001-2004,2.0,0.0,0.0,0.0,0.0
SDN.3.2_1,2005-2008,17.0,0.0,0.0,0.0,0.0
SDN.3.2_1,2009-2012,4.0,0.0,0.0,0.0,0.0
SDN.3.2_1,2013-2016,5.0,0.0,0.0,0.0,6.0
SDN.3.2_1,2017-2020,0.0,0.0,0.0,0.0,0.0
SDN.3.3_1,1997-2000,0.0,0.0,0.0,0.0,0.0
SDN.3.3_1,2021-2024,0.0,0.0,0.0,0.0,0.0
SDN.3.4_1,2013-2016,6.0,0.0,0.0,0.0,1.0
SDN.3.4_1,2017-2020,0.0,0.0,0.0,0.0,1.0
SDN.3.5_1,1997-2000,0.0,0.0,0.0,0.0,150.0
SDN.3.5_1,2001-2004,0.0,0.0,0.0,0.0,0.0
SDN.3.5_1,2013-2016,0.0,0.0,0.0,0.0,4.0
SDN.4.1_1,2001-2004,0.0,0.0,0.0,0.0,254.0
SDN.4.1_1,2009-2012,0.0,0.0,0.0,0.0,2.0
SDN.4.1_1,2013-2016,19.0,0.0,3.0,0.0,59.0
SDN.4.1_1,2017-2020,1.0,0.0,4.0,0.0,11.0
SDN.4.2_1,2001-2004,0.0,0.0,0.0,0.0,348.0
SDN.4.2_1,2005-2008,0.0,0.0,0.0,0.0,29.0
SDN.4.2_1,2009-2012,4.0,2.0,0.0,0.0,19.0
SDN.4.2_1,2013-2016,161.0,1.0,0.0,0.0,219.0
SDN.4.2_1,2017-2020,5.0,8.0,2.0,0.0,40.0
SDN.4.2_1,2021-2024,0.0,2.0,0.0,0.0,2.0
SDN.5.1_1,2001-2004,0.0,0.0,0.0,0.0,5.0
SDN.5.1_1,2005-2008,0.0,0.0,0.0,0.0,50.0
SDN.5.1_1,2009-2012,0.0,0.0,0.0,0.0,1.0
SDN.5.1_1,2013-2016,2.0,0.0,0.0,0.0,20.0
SDN.5.1_1,2017-2020,0.0,0.0,1.0,0.0,6.0
SDN.5.1_1,2021-2024,0.0,0.0,1.0,0.0,2.0
SDN.5.2_1,2001-2004,57.0,0.0,0.0,0.0,212.0
SDN.5.2_1,2005-2008,0.0,0.0,0.0,0.0,81.0
SDN.5.2_1,2009-2012,0.0,0.0,0.0,0.0,5.0
SDN.5.2_1,2013-2016,9.0,0.0,0.0,0.0,43.0
SDN.5.2_1,2017-2020,0.0,1.0,6.0,0.0,5.0
SDN.5.2_1,2021-2024,0.0,1.0,0.0,0.0,1.0
SDN.6.1_1,1997-2000,0.0,0.0,0.0,0.0,0.0
SDN.6.1_1,2001-2004,0.0,0.0,0.0,0.0,0.0
SDN.6.1_1,2005-2008,0.0,0.0,0.0,0.0,18.0
SDN.6.2_1,1997-2000,0.0,0.0,0.0,0.0,0.0
SDN.6.3_1,1997-2000,11.0,0.0,0.0,0.0,13.0
SDN.6.3_1,2001-2004,0.0,0.0,0.0,0.0,0.0
SDN.6.3_1,2005-2008,12.0,0.0,0.0,0.0,2.0
SDN.6.3_1,2013-2016,0.0,0.0,0.0,0.0,2.0
SDN.6.3_1,2017-2020,0.0,0.0,12.0,0.0,2.0
SDN.6.4_1,1997-2000,0.0,0.0,0.0,0.0,1.0
SDN.6.4_1,2001-2004,0.0,0.0,0.0,0.0,0.0
SDN.6.4_1,2013-2016,0.0,0.0,0.0,0.0,2.0
SDN.6.4_1,2017-2020,0.0,0.0,0.0,0.0,0.0
SDN.6.5_1,2005-2008,0.0,0.0,0.0,0.0,2.0
SDN.6.5_1,2013-2016,0.0,0.0,0.0,0.0,1.0
SDN.7.1_1,2017-2020,0.0,0.0,1.0,0.0,0.0
SDN.7.2_1,2013-2016,0.0,0.0,1.0,0.0,0.0
SDN.7.2_1,2017-2020,9.0,5.0,0.0,0.0,1.0
SDN.7.3_1,1997-2000,0.0,0.0,1.0,0.0,1.0
SDN.7.3_1,2001-2004,0.0,0.0,14.0,0.0,4.0
SDN.7.3_1,2005-2008,0.0,0.0,158.0,0.0,1.0
SDN.7.3_1,2009-2012,2.0,0.0,5.0,0.0,0.0
SDN.7.3_1,2013-2016,0.0,90.0,126.0,0.0,5.0
SDN.7.3_1,2017-2020,0.0,122.0,18.0,0.0,2.0
SDN.7.3_1,2021-2024,0.0,2.0,3.0,0.0,0.0
SDN.7.4_1,2001-2004,4.0,0.0,0.0,0.0,2.0
SDN.7.4_1,2005-2008,0.0,0.0,0.0,0.0,0.0
SDN.7.4_1,2009-2012,0.0,1.0,0.0,0.0,1.0
SDN.7.4_1,2013-2016,0.0,1.0,80.0,0.0,3.0
SDN.7.4_1,2017-2020,0.0,29.0,3.0,0.0,19.0
SDN.7.4_1,2021-2024,0.0,0.0,0.0,0.0,5.0
SDN.7.6_1,2001-2004,0.0,0.0,0.0,0.0,366.0
SDN.7.6_1,2021-2024,0.0,0.0,0.0,0.0,0.0
SDN.8.1_1,1997-2000,0.0,0.0,1.0,0.0,0.0
SDN.8.1_1,2001-2004,93.0,0.0,0.0,0.0,275.0
SDN.8.1_1,2005-2008,112.0,0.0,2.0,0.0,101.0
SDN.8.1_1,2009-2012,8.0,4.0,2.0,0.0,60.0
SDN.8.1_1,2013-2016,153.0,0.0,0.0,0.0,90.0
SDN.8.1_1,2017-2020,1.0,0.0,1.0,0.0,21.0
SDN.8.1_1,2021-2024,0.0,0.0,3.0,0.0,16.0
SDN.8.2_1,2001-2004,10.0,0.0,0.0,0.0,229.0
SDN.8.2_1,2005-2008,0.0,0.0,0.0,0.0,1.0
SDN.8.2_1,2009-2012,0.0,0.0,0.0,0.0,12.0
SDN.8.2_1,2013-2016,7.0,0.0,0.0,0.0,66.0
SDN.8.2_1,2017-2020,0.0,1.0,0.0,0.0,8.0
SDN.8.2_1,2021-2024,0.0,0.0,0.0,0.0,1.0
SDN.8.3_1,2001-2004,869.0,0.0,0.0,0.0,1289.0
SDN.8.3_1,2005-2008,3.0,0.0,0.0,0.0,72.0
SDN.8.3_1,2009-2012,0.0,0.0,0.0,0.0,5.0
SDN.8.3_1,2013-2016,60.0,0.0,0.0,0.0,96.0
SDN.8.3_1,2017-2020,0.0,10.0,4.0,0.0,41.0
SDN.8.3_1,2021-2024,0.0,0.0,0.0,0.0,1.0
SDN.8.4_1,2001-2004,0.0,0.0,0.0,0.0,2.0
SDN.8.4_1,2005-2008,1.0,0.0,0.0,0.0,12.0
SDN.8.4_1,2009-2012,20.0,0.0,0.0,0.0,33.0
SDN.8.4_1,2013-2016,2.0,3.0,0.0,0.0,35.0
SDN.8.4_1,2017-2020,0.0,0.0,0.0,0.0,4.0
SDN.8.5_1,2001-2004,6.0,0.0,0.0,0.0,55.0
SDN.8.5_1,2005-2008,7.0,0.0,0.0,0.0,200.0
SDN.8.5_1,2009-2012,0.0,0.0,0.0,0.0,8.0
SDN.8.5_1,2013-2016,0.0,0.0,0.0,0.0,17.0
SDN.8.5_1,2017-2020,0.0,0.0,0.0,0.0,3.0
SDN.9.1_1,2005-2008,0.0,0.0,0.0,0.0,0.0
SDN.9.1_1,2013-2016,0.0,1.0,0.0,0.0,5.0
SDN.9.1_1,2017-2020,2.0,6.0,0.0,0.0,4.0
SDN.9.1_1,2021-2024,0.0,0.0,0.0,0.0,2.0
SDN.9.2_1,2001-2004,0.0,0.0,0.0,0.0,20.0
SDN.9.2_1,2013-2016,0.0,0.0,0.0,0.0,0.0
SDN.9.3_1,1997-2000,0.0,0.0,0.0,0.0,0.0
SDN.9.5_1,2001-2004,26.0,0.0,0.0,0.0,0.0
SDN.9.5_1,2013-2016,0.0,0.0,0.0,0.0,0.0
SEN.1.1_1,2001-2004,0.0,0.0,1.0,0.0,0.0
SEN.1.1_1,2009-2012,0.0,2.0,7.0,0.0,0.0
SEN.1.1_1,2013-2016,0.0,0.0,2.0,0.0,0.0
SEN.1.1_1,2021-2024,0.0,0.0,2.0,0.0,0.0
SEN.1.3_1,2021-2024,0.0,0.0,1.0,0.0,0.0
SEN.1.4_1,1997-2000,0.0,0.0,0.0,0.0,3.0
SEN.1.4_1,2017-2020,0.0,0.0,0.0,0.0,0.0
SEN.10.1_1,2021-2024,0.0,0.0,0.0,0.0,0.0
SEN.10.2_1,2009-2012,0.0,0.0,2.0,0.0,0.0
SEN.10.2_1,2013-2016,0.0,0.0,0.0,0.0,2.0
SEN.10.3_1,2017-2020,0.0,0.0,1.0,0.0,0.0
SEN.11.1_1,1997-2000,0.0,0.0,0.0,0.0,0.0
SEN.11.1_1,2001-2004,0.0,0.0,0.0,0.0,2.0
SEN.11.2_1,1997-2000,0.0,0.0,0.0,0.0,20.0
SEN.11.2_1,2013-2016,0.0,0.0,1.0,0.0,0.0
SEN.11.2_1,2017-2020,0.0,0.0,0.0,0.0,2.0
SEN.11.3_1,1997-2000,7.0,0.0,0.0,0.0,23.0
SEN.11.3_1,2001-2004,0.0,0.0,0.0,0.0,24.0
SEN.11.3_1,2005-2008,0.0,0.0,0.0,0.0,2.0
SEN.11.3_1,2009-2012,0.0,0.0,0.0,0.0,2.0
SEN.11.3_1,2013-2016,0.0,0.0,0.0,0.0,2.0
SEN.12.1_1,1997-2000,0.0,0.0,4.0,0.0,0.0
SEN.12.4_1,1997-2000,0.0,0.0,0.0,0.0,5.0
SEN.12.4_1,2013-2016,0.0,0.0,1.0,0.0,0.0
SEN.12.4_1,2017-2020,0.0,0.0,0.0,0.0,0.0
SEN.13.1_1,1997-2000,0.0,0.0,0.0,0.0,0.0
SEN.13.1_1,2021-2024,0.0,0.0,3.0,0.0,0.0
SEN.14.1_1,1997-2000,8.0,0.0,0.0,0.0,34.0
SEN.14.1_1,2001-2004,0.0,0.0,0.0,0.0,54.0
SEN.14.1_1,2005-2008,0.0,0.0,0.0,0.0,5.0
SEN.14.1_1,2009-2012,2.0,0.0,0.0,0.0,2.0
SEN.14.1_1,2013-2016,1.0,0.0,0.0,0.0,5.0
SEN.14.1_1,2017-2020,0.0,0.0,0.0,0.0,2.0
SEN.14.1_1,2021-2024,0.0,0.0,2.0,0.0,0.0
SEN.14.2_1,1997-2000,0.0,0.0,0.0,0.0,5.0
SEN.14.2_1,2009-2012,0.0,0.0,0.0,0.0,0.0
SEN.14.2_1,2013-2016,0.0,0.0,0.0,0.0,1.0
SEN.14.3_1,1997-2000,5.0,0.0,0.0,0.0,24.0
SEN.14.3_1,2001-2004,2.0,0.0,0.0,0.0,4.0
SEN.14.3_1,2005-2008,0.0,0.0,0.0,0.0,1.0
SEN.14.3_1,2009-2012,1.0,0.0,0.0,0.0,0.0
SEN.14.3_1,2013-2016,7.0,0.0,0.0,0.0,1.0
SEN.14.3_1,2017-2020,0.0,0.0,0.0,0.0,1.0
SEN.3.1_1,2021-2024,0.0,0.0,1.0,0.0,0.0
SEN.3.2_1,2013-2016,0.0,0.0,0.0,0.0,0.0
SEN.5.2_1,1997-2000,0.0,0.0,0.0,0.0,2.0
SEN.5.2_1,2013-2016,0.0,0.0,1.0,0.0,0.0
SEN.6.1_1,2009-2012,0.0,0.0,0.0,0.0,2.0
SEN.7.1_1,1997-2000,7.0,0.0,0.0,0.0,5.0
SEN.7.1_1,2001-2004,0.0,0.0,0.0,0.0,2.0
SEN.7.1_1,2009-2012,0.0,0.0,0.0,0.0,0.0
SEN.7.2_1,1997-2000,0.0,0.0,0.0,0.0,1.0
SEN.7.2_1,2009-2012,1.0,0.0,0.0,0.0,0.0
SEN.7.3_1,1997-2000,0.0,0.0,0.0,0.0,9.0
SEN.7.3_1,2009-2012,6.0,0.0,0.0,0.0,3.0
SEN.7.3_1,2017-2020,0.0,0.0,0.0,0.0,1.0
SEN.7.3_1,2021-2024,0.0,0.0,1.0,0.0,0.0
SEN.8.3_1,1997-2000,0.0,0.0,0.0,0.0,0.0
SLE.1.1_1,2001-2004,0.0,0.0,0.0,0.0,2.0
SLE.1.1_1,2009-2012,0.0,0.0,1.0,0.0,0.0
SLE.1.1_1,2017-2020,0.0,0.0,0.0,0.0,2.0
SLE.1.2_1,2017-2020,0.0,0.0,0.0,0.0,0.0
SLE.1.3_1,2001-2004,0.0,0.0,0.0,0.0,0.0
SLE.1.3_1,2005-2008,0.0,2.0,0.0,0.0,0.0
SLE.1.3_1,2009-2012,0.0,0.0,2.0,0.0,0.0
SLE.1.3_1,2013-2016,0.0,0.0,0.0,0.0,0.0
SLE.1.3_1,2021-2024,0.0,0.0,1.0,0.0,0.0
SLE.2.1_1,2017-2020,0.0,0.0,6.0,0.0,0.0
SLE.2.2_1,2017-2020,0.0,0.0,1.0,0.0,1.0
SLE.2.3_1,2005-2008,0.0,0.0,0.0,0.0,1.0
SLE.2.3_1,2013-2016,0.0,0.0,2.0,0.0,0.0
SLE.2.4_1,1997-2000,0.0,0.0,0.0,0.0,7.0
SLE.2.4_1,2009-2012,0.0,0.0,1.0,0.0,0.0
SLE.2.4_1,2017-2020,0.0,0.0,1.0,0.0,0.0
SLE.2.5_1,2009-2012,0.0,1.0,0.0,0.0,0.0
SLE.2.5_1,2017-2020,0.0,0.0,0.0,0.0,2.0
SLE.3.1_1,2013-2016,0.0,0.0,0.0,0.0,1.0
SLE.3.1_1,2017-2020,0.0,0.0,3.0,0.0,0.0
SLE.3.2_1,2017-2020,0.0,0.0,1.0,0.0,0.0
SLE.3.3_1,2013-2016,0.0,0.0,0.0,0.0,1.0
SLE.3.4_1,2017-2020,0.0,0.0,0.0,0.0,0.0
SLE.4.1_1,2005-2008,0.0,0.0,0.0,0.0,0.0
SLE.4.1_1,2009-2012,0.0,3.0,0.0,0.0,2.0
SLE.4.1_1,2017-2020,0.0,0.0,2.0,0.0,3.0
SLE.4.2_1,1997-2000,0.0,0.0,0.0,0.0,6.0
SLE.4.2_1,2001-2004,0.0,0.0,0.0,0.0,3.0
SLE.4.2_1,2013-2016,0.0,0.0,2.0,0.0,3.0
SLE.4.2_1,2017-2020,0.0,0.0,15.0,0.0,4.0
SOM.1.2_1,1997-2000,0.0,0.0,0.0,0.0,1.0
SOM.1.2_1,2005-2008,0.0,0.0,1.0,0.0,0.0
SOM.1.2_1,2009-2012,0.0,0.0,2.0,0.0,0.0
SOM.1.2_1,2013-2016,0.0,0.0,1.0,0.0,2.0
SOM.1.2_1,2017-2020,0.0,0.0,1.0,0.0,0.0
SOM.1.3_1,2017-2020,0.0,0.0,0.0,0.0,0.0
SOM.1.4_1,2001-2004,0.0,0.0,0.0,0.0,0.0
SOM.1.4_1,2009-2012,0.0,0.0,0.0,0.0,0.0
SOM.1.4_1,2013-2016,0.0,1.0,0.0,0.0,1.0
SOM.10.1_1,2001-2004,0.0,0.0,0.0,0.0,3.0
SOM.10.1_1,2005-2008,41.0,0.0,0.0,0.0,3.0
SOM.10.1_1,2009-2012,119.0,0.0,0.0,0.0,41.0
SOM.10.1_1,2013-2016,44.0,0.0,0.0,0.0,4.0
SOM.10.1_1,2017-2020,127.0,0.0,0.0,0.0,20.0
SOM.10.1_1,2021-2024,5.0,0.0,0.0,0.0,7.0
SOM.10.2_1,1997-2000,2.0,0.0,0.0,0.0,0.0
SOM.10.2_1,2005-2008,16.0,0.0,0.0,0.0,0.0
SOM.10.2_1,2009-2012,0.0,0.0,0.0,0.0,2.0
SOM.10.2_1,2013-2016,81.0,0.0,0.0,0.0,14.0
SOM.10.2_1,2017-2020,49.0,0.0,0.0,0.0,12.0
SOM.10.2_1,2021-2024,0.0,0.0,0.0,0.0,2.0
SOM.10.3_1,2005-2008,0.0,0.0,0.0,0.0,1.0
SOM.10.3_1,2009-2012,0.0,0.0,0.0,0.0,1.0
SOM.10.3_1,2013-2016,87.0,0.0,0.0,0.0,15.0
SOM.10.3_1,2017-2020,23.0,0.0,0.0,0.0,20.0
SOM.10.3_1,2021-2024,0.0,0.0,0.0,0.0,3.0
SOM.10.4_1,1997-2000,0.0,0.0,0.0,0.0,8.0
SOM.10.4_1,2001-2004,16.0,0.0,0.0,0.0,10.0
SOM.10.4_1,2005-2008,6.0,0.0,3.0,0.0,26.0
SOM.10.4_1,2009-2012,92.0,0.0,0.0,6.0,34.0
SOM.10.4_1,2013-2016,260.0,1.0,0.0,2.0,110.0
SOM.10.4_1,2017-2020,159.0,0.0,2.0,1.0,49.0
SOM.10.4_1,2021-2024,6.0,0.0,0.0,0.0,4.0
SOM.11.1_1,2001-2004,2.0,0.0,0.0,0.0,8.0
SOM.11.1_1,2005-2008,4.0,0.0,0.0,0.0,3.0
SOM.11.1_1,2009-2012,9.0,0.0,24.0,0.0,92.0
SOM.11.1_1,2013-2016,54.0,0.0,5.0,0.0,89.0
SOM.11.1_1,2017-2020,50.0,0.0,1.0,0.0,122.0
SOM.11.1_1,2021-2024,5.0,0.0,0.0,0.0,12.0
SOM.11.2_1,2013-2016,0.0,0.0,0.0,0.0,2.0
SOM.11.2_1,2017-2020,0.0,0.0,0.0,0.0,2.0
SOM.11.2_1,2021-2024,0.0,0.0,0.0,0.0,1.0
SOM.11.3_1,2001-2004,0.0,0.0,0.0,0.0,4.0
SOM.11.3_1,2005-2008,0.0,0.0,0.0,0.0,0.0
SOM.11.3_1,2009-2012,0.0,0.0,0.0,0.0,9.0
SOM.11.3_1,2013-2016,0.0,0.0,0.0,0.0,11.0
SOM.11.3_1,2017-2020,6.0,0.0,0.0,0.0,23.0
SOM.11.3_1,2021-2024,5.0,0.0,0.0,0.0,0.0
SOM.11.4_1,2005-2008,0.0,0.0,0.0,0.0,1.0
SOM.11.4_1,2009-2012,0.0,0.0,0.0,0.0,3.0
SOM.11.4_1,2013-2016,0.0,0.0,0.0,0.0,7.0
SOM.11.4_1,2017-2020,0.0,0.0,0.0,0.0,9.0
SOM.11.5_1,2005-2008,0.0,0.0,0.0,0.0,0.0
SOM.11.5_1,2009-2012,0.0,0.0,0.0,0.0,7.0
SOM.11.5_1,2013-2016,0.0,0.0,0.0,0.0,20.0
SOM.11.5_1,2017-2020,66.0,0.0,0.0,3.0,0.0
SOM.11.5_1,2021-2024,0.0,0.0,0.0,0.0,0.0
SOM.12.1_1,2005-2008,0.0,0.0,0.0,0.0,0.0
SOM.12.1_1,2009-2012,0.0,0.0,0.0,0.0,1.0
SOM.12.1_1,2013-2016,0.0,0.0,0.0,0.0,3.0
SOM.12.1_1,2017-2020,0.0,0.0,0.0,0.0,6.0
SOM.12.2_1,2013-2016,0.0,0.0,0.0,0.0,1.0
SOM.12.3_1,2001-2004,0.0,0.0,0.0,0.0,1.0
SOM.12.3_1,2005-2008,0.0,0.0,0.0,0.0,0.0
SOM.12.3_1,2009-2012,1.0,1.0,0.0,0.0,11.0
SOM.12.3_1,2013-2016,8.0,0.0,5.0,0.0,19.0
SOM.12.3_1,2017-2020,2.0,2.0,0.0,0.0,26.0
SOM.12.3_1,2021-2024,0.0,0.0,0.0,0.0,5.0
SOM.13.1_1,2005-2008,0.0,0.0,0.0,0.0,0.0
SOM.13.1_1,2009-2012,0.0,0.0,0.0,0.0,8.0
SOM.13.1_1,2013-2016,2.0,0.0,0.0,0.0,4.0
SOM.13.1_1,2017-2020,0.0,0.0,0.0,0.0,5.0
SOM.13.1_1,2021-2024,0.0,0.0,1.0,0.0,0.0
SOM.13.2_1,2009-2012,0.0,0.0,0.0,0.0,0.0
SOM.13.2_1,2013-2016,0.0,0.0,0.0,0.0,0.0
SOM.13.2_1,2017-2020,0.0,0.0,0.0,0.0,6.0
SOM.13.2_1,2021-2024,0.0,0.0,0.0,0.0,0.0
SOM.13.3_1,2005-2008,0.0,0.0,0.0,0.0,1.0
SOM.13.3_1,2009-2012,0.0,0.0,0.0,0.0,2.0
SOM.13.3_1,2013-2016,0.0,0.0,0.0,0.0,10.0
SOM.13.3_1,2017-2020,0.0,0.0,1.0,0.0,5.0
SOM.13.3_1,2021-2024,0.0,0.0,0.0,0.0,1.0
SOM.14.1_1,2009-2012,0.0,0.0,0.0,0.0,3.0
SOM.14.1_1,2013-2016,0.0,0.0,0.0,0.0,5.0
SOM.14.1_1,2017-2020,9.0,0.0,0.0,0.0,8.0
SOM.14.2_1,1997-2000,0.0,0.0,0.0,0.0,1.0
SOM.14.2_1,2001-2004,0.0,0.0,0.0,0.0,10.0
SOM.14.2_1,2005-2008,4.0,0.0,0.0,0.0,0.0
SOM.14.2_1,2009-2012,3.0,0.0,0.0,0.0,4.0
SOM.14.2_1,2013-2016,10.0,0.0,0.0,0.0,16.0
SOM.14.2_1,2017-2020,79.0,1.0,0.0,0.0,77.0
SOM.14.2_1,2021-2024,12.0,0.0,0.0,0.0,9.0
SOM.14.3_1,2005-2008,0.0,0.0,0.0,0.0,0.0
SOM.14.3_1,2013-2016,4.0,0.0,0.0,0.0,4.0
SOM.14.3_1,2017-2020,6.0,0.0,0.0,0.0,22.0
SOM.14.3_1,2021-2024,0.0,0.0,0.0,0.0,0.0
SOM.14.4_1,2001-2004,0.0,0.0,0.0,0.0,6.0
SOM.14.4_1,2005-2008,0.0,1.0,0.0,0.0,10.0
SOM.14.4_1,2009-2012,3.0,0.0,0.0,0.0,17.0
SOM.14.4_1,2013-2016,36.0,0.0,5.0,1.0,29.0
SOM.14.4_1,2017-2020,120.0,0.0,0.0,19.0,69.0
SOM.14.4_1,2021-2024,25.0,0.0,0.0,0.0,2.0
SOM.15.1_1,2001-2004,3.0,0.0,0.0,0.0,11.0
SOM.15.1_1,2005-2008,81.0,2.0,2.0,0.0,40.0
SOM.15.1_1,2009-2012,198.0,0.0,1.0,0.0,88.0
SOM.15.1_1,2013-2016,139.0,0.0,0.0,1.0,181.0
SOM.15.1_1,2017-2020,503.0,3.0,1.0,18.0,367.0
SOM.15.1_1,2021-2024,40.0,0.0,0.0,0.0,24.0
SOM.15.2_1,2005-2008,1.0,0.0,0.0,0.0,0.0
SOM.15.2_1,2009-2012,9.0,0.0,0.0,0.0,0.0
SOM.15.2_1,2013-2016,10.0,0.0,0.0,0.0,22.0
SOM.15.2_1,2017-2020,27.0,0.0,0.0,8.0,14.0
SOM.15.2_1,2021-2024,3.0,0.0,0.0,0.0,1.0
SOM.15.3_1,2005-2008,0.0,0.0,0.0,0.0,1.0
SOM.15.3_1,2009-2012,2.0,0.0,0.0,0.0,0.0
SOM.15.3_1,2013-2016,2.0,0.0,0.0,0.0,3.0
SOM.15.3_1,2017-2020,2.0,0.0,0.0,0.0,12.0
SOM.15.3_1,2021-2024,0.0,0.0,0.0,0.0,0.0
SOM.15.4_1,2001-2004,6.0,0.0,0.0,0.0,5.0
SOM.15.4_1,2005-2008,9.0,0.0,0.0,0.0,2.0
SOM.15.4_1,2009-2012,19.0,0.0,0.0,0.0,13.0
SOM.15.4_1,2013-2016,191.0,0.0,0.0,2.0,163.0
SOM.15.4_1,2017-2020,192.0,0.0,0.0,2.0,25.0
SOM.15.4_1,2021-2024,3.0,0.0,0.0,0.0,1.0
SOM.15.5_1,2009-2012,0.0,0.0,0.0,0.0,0.0
SOM.15.5_1,2013-2016,29.0,0.0,0.0,0.0,35.0
SOM.15.5_1,2017-2020,34.0,0.0,0.0,0.0,33.0
SOM.15.5_1,2021-2024,5.0,0.0,0.0,0.0,0.0
SOM.15.6_1,1997-2000,0.0,0.0,0.0,0.0,2.0
SOM.15.6_1,2013-2016,6.0,0.0,0.0,0.0,1.0
SOM.15.6_1,2017-2020,4.0,0.0,0.0,0.0,8.0
SOM.15.7_1,1997-2000,0.0,0.0,0.0,0.0,4.0
SOM.15.7_1,2001-2004,0.0,0.0,0.0,0.0,0.0
SOM.15.7_1,2005-2008,0.0,0.0,0.0,0.0,8.0
SOM.15.7_1,2009-2012,0.0,0.0,0.0,0.0,3.0
SOM.15.7_1,2013-2016,35.0,0.0,0.0,0.0,9.0
SOM.15.7_1,2017-2020,163.0,0.0,0.0,0.0,33.0
SOM.15.7_1,2021-2024,16.0,0.0,0.0,0.0,0.0
SOM.16.1_1,2009-2012,0.0,0.0,0.0,0.0,4.0
SOM.16.1_1,2013-2016,0.0,0.0,0.0,0.0,4.0
SOM.16.1_1,2017-2020,0.0,0.0,0.0,0.0,3.0
SOM.16.2_1,2005-2008,0.0,0.0,6.0,0.0,1.0
SOM.16.2_1,2009-2012,12.0,0.0,0.0,0.0,17.0
SOM.16.2_1,2013-2016,1.0,0.0,4.0,0.0,13.0
SOM.16.2_1,2017-2020,4.0,0.0,1.0,0.0,17.0
SOM.16.2_1,2021-2024,0.0,0.0,0.0,0.0,3.0
SOM.16.3_1,2009-2012,0.0,0.0,0.0,0.0,5.0
SOM.16.3_1,2013-2016,0.0,0.0,0.0,0.0,1.0
SOM.16.3_1,2017-2020,0.0,0.0,0.0,0.0,1.0
SOM.16.4_1,2009-2012,0.0,0.0,0.0,0.0,0.0
SOM.16.4_1,2013-2016,0.0,0.0,0.0,0.0,1.0
SOM.17.1_1,2005-2008,13.0,0.0,0.0,0.0,0.0
SOM.17.1_1,2009-2012,2.0,0.0,0.0,0.0,8.0
SOM.17.1_1,2013-2016,0.0,0.0,4.0,0.0,10.0
SOM.17.1_1,2017-2020,4.0,0.0,1.0,0.0,7.0
SOM.17.2_1,2001-2004,0.0,0.0,0.0,0.0,1.0
SOM.17.2_1,2005-2008,0.0,0.0,3.0,0.0,0.0
SOM.17.2_1,2009-2012,0.0,0.0,0.0,0.0,16.0
SOM.17.2_1,2013-2016,0.0,0.0,0.0,0.0,18.0
SOM.17.2_1,2017-2020,13.0,0.0,0.0,0.0,9.0
SOM.17.2_1,2021-2024,0.0,0.0,0.0,0.0,4.0
SOM.17.3_1,2013-2016,0.0,0.0,0.0,0.0,0.0
SOM.17.3_1,2017-2020,15.0,0.0,0.0,0.0,0.0
SOM.17.3_1,2021-2024,0.0,0.0,0.0,0.0,0.0
SOM.17.4_1,1997-2000,0.0,0.0,0.0,0.0,2.0
SOM.17.4_1,2013-2016,0.0,0.0,0.0,0.0,1.0
SOM.17.4_1,2017-2020,1.0,0.0,0.0,0.0,0.0
SOM.18.1_1,1997-2000,0.0,0.0,0.0,0.0,3.0
SOM.18.1_1,2013-2016,0.0,0.0,0.0,0.0,3.0
SOM.18.1_1,2017-2020,0.0,0.0,1.0,0.0,1.0
SOM.18.2_1,2009-2012,1.0,0.0,0.0,0.0,9.0
SOM.18.2_1,2013-2016,0.0,0.0,0.0,0.0,3.0
SOM.18.2_1,2017-2020,0.0,0.0,0.0,0.0,1.0
SOM.18.3_1,2005-2008,22.0,0.0,3.0,0.0,0.0
SOM.18.3_1,2009-2012,0.0,0.0,1.0,0.0,10.0
SOM.18.3_1,2013-2016,0.0,0.0,3.0,0.0,20.0
SOM.18.3_1,2017-2020,0.0,0.0,3.0,0.0,12.0
SOM.2.1_1,2005-2008,0.0,0.0,0.0,0.0,2.0
SOM.2.1_1,2009-2012,0.0,0.0,0.0,0.0,1.0
SOM.2.1_1,2013-2016,0.0,0.0,0.0,0.0,0.0
SOM.2.1_1,2017-2020,0.0,0.0,0.0,0.0,4.0
SOM.2.1_1,2021-2024,5.0,0.0,0.0,0.0,0.0
SOM.2.2_1,2009-2012,0.0,0.0,0.0,0.0,1.0
SOM.2.2_1,2013-2016,3.0,0.0,0.0,0.0,34.0
SOM.2.2_1,2017-2020,0.0,0.0,0.0,1.0,4.0
SOM.2.3_1,2005-2008,0.0,0.0,0.0,0.0,0.0
SOM.2.3_1,2009-2012,0.0,0.0,0.0,0.0,0.0
SOM.2.3_1,2013-2016,0.0,0.0,0.0,0.0,13.0
SOM.2.3_1,2017-2020,0.0,0.0,0.0,0.0,4.0
SOM.2.4_1,2005-2008,0.0,0.0,0.0,0.0,0.0
SOM.2.4_1,2009-2012,0.0,0.0,0.0,0.0,1.0
SOM.2.4_1,2013-2016,13.0,0.0,0.0,0.0,9.0
SOM.2.4_1,2017-2020,18.0,0.0,0.0,0.0,14.0
SOM.2.4_1,2021-2024,1.0,0.0,0.0,0.0,0.0
SOM.2.5_1,2001-2004,2.0,0.0,0.0,0.0,0.0
SOM.2.5_1,2005-2008,2.0,0.0,0.0,0.0,4.0
SOM.2.5_1,2009-2012,5.0,0.0,0.0,0.0,6.0
SOM.2.5_1,2013-2016,1.0,0.0,0.0,0.0,32.0
SOM.2.5_1,2017-2020,0.0,0.0,0.0,0.0,16.0
SOM.2.5_1,2021-2024,0.0,0.0,0.0,0.0,0.0
SOM.3.1_1,1997-2000,1.0,0.0,0.0,0.0,51.0
SOM.3.1_1,2001-2004,329.0,0.0,0.0,0.0,287.0
SOM.3.1_1,2005-2008,815.0,2.0,11.0,0.0,259.0
SOM.3.1_1,2009-2012,1219.0,2.0,0.0,3.0,328.0
SOM.3.1_1,2013-2016,539.0,2.0,1.0,3.0,458.0
SOM.3.1_1,2017-2020,795.0,2.0,10.0,8.0,500.0
SOM.3.1_1,2021-2024,137.0,0.0,0.0,0.0,33.0
SOM.4.1_1,2009-2012,0.0,0.0,0.0,0.0,1.0
SOM.4.1_1,2013-2016,0.0,0.0,0.0,0.0,0.0
SOM.4.1_1,2017-2020,0.0,0.0,0.0,0.0,5.0
SOM.4.2_1,1997-2000,5.0,0.0,0.0,0.0,0.0
SOM.4.2_1,2001-2004,29.0,0.0,0.0,0.0,2.0
SOM.4.2_1,2005-2008,28.0,0.0,1.0,0.0,6.0
SOM.4.2_1,2009-2012,31.0,0.0,2.0,0.0,61.0
SOM.4.2_1,2013-2016,24.0,2.0,1.0,0.0,30.0
SOM.4.2_1,2017-2020,99.0,2.0,2.0,5.0,66.0
SOM.4.2_1,2021-2024,2.0,0.0,0.0,0.0,0.0
SOM.4.3_1,2017-2020,13.0,0.0,0.0,0.0,1.0
SOM.4.4_1,2005-2008,0.0,0.0,0.0,0.0,0.0
SOM.4.4_1,2009-2012,0.0,0.0,0.0,0.0,1.0
SOM.4.4_1,2013-2016,0.0,0.0,0.0,0.0,7.0
SOM.4.4_1,2017-2020,15.0,0.0,0.0,0.0,3.0
SOM.4.4_1,2021-2024,0.0,0.0,0.0,0.0,0.0
SOM.4.5_1,2009-2012,0.0,0.0,0.0,0.0,0.0
SOM.4.5_1,2013-2016,0.0,0.0,0.0,0.0,1.0
SOM.4.5_1,2017-2020,4.0,0.0,0.0,0.0,6.0
SOM.4.5_1,2021-2024,2.0,0.0,0.0,0.0,1.0
SOM.4.6_1,2009-2012,0.0,0.0,0.0,0.0,6.0
SOM.4.6_1,2013-2016,1.0,0.0,1.0,0.0,18.0
SOM.4.6_1,2017-2020,0.0,0.0,0.0,0.0,6.0
SOM.5.1_1,1997-2000,0.0,0.0,0.0,0.0,5.0
SOM.5.1_1,2001-2004,69.0,0.0,0.0,0.0,35.0
SOM.5.1_1,2005-2008,81.0,0.0,1.0,0.0,39.0
SOM.5.1_1,2009-2012,44.0,0.0,0.0,0.0,44.0
SOM.5.1_1,2013-2016,213.0,3.0,7.0,1.0,116.0
SOM.5.1_1,2017-2020,317.0,0.0,14.0,0.0,95.0
SOM.5.1_1,2021-2024,13.0,0.0,0.0,0.0,9.0
SOM.5.2_1,2001-2004,0.0,0.0,0.0,0.0,2.0
SOM.5.2_1,2005-2008,0.0,0.0,0.0,0.0,0.0
SOM.5.2_1,2009-2012,0.0,0.0,0.0,0.0,6.0
SOM.5.2_1,2013-2016,65.0,0.0,0.0,0.0,36.0
SOM.5.2_1,2017-2020,45.0,0.0,0.0,4.0,11.0
SOM.5.2_1,2021-2024,2.0,0.0,0.0,0.0,10.0
SOM.5.3_1,2001-2004,0.0,0.0,0.0,0.0,12.0
SOM.5.3_1,2005-2008,0.0,0.0,0.0,0.0,1.0
SOM.5.3_1,2009-2012,0.0,0.0,0.0,0.0,2.0
SOM.5.3_1,2013-2016,22.0,2.0,0.0,0.0,14.0
SOM.5.3_1,2017-2020,9.0,0.0,0.0,0.0,15.0
SOM.5.3_1,2021-2024,0.0,0.0,0.0,0.0,0.0
SOM.5.4_1,2001-2004,0.0,0.0,0.0,0.0,0.0
SOM.5.4_1,2005-2008,0.0,0.0,0.0,0.0,0.0
SOM.5.4_1,2009-2012,0.0,0.0,0.0,0.0,0.0
SOM.5.4_1,2013-2016,38.0,0.0,0.0,3.0,8.0
SOM.5.4_1,2017-2020,38.0,0.0,0.0,1.0,7.0
SOM.5.4_1,2021-2024,3.0,0.0,0.0,0.0,0.0
SOM.6.1_1,2005-2008,0.0,0.0,0.0,0.0,2.0
SOM.6.1_1,2009-2012,0.0,0.0,0.0,0.0,16.0
SOM.6.1_1,2013-2016,0.0,0.0,0.0,0.0,31.0
SOM.6.1_1,2017-2020,6.0,0.0,0.0,0.0,21.0
SOM.6.1_1,2021-2024,0.0,0.0,0.0,0.0,6.0
SOM.6.2_1,1997-2000,0.0,0.0,0.0,0.0,0.0
SOM.6.2_1,2001-2004,0.0,0.0,0.0,0.0,5.0
SOM.6.2_1,2005-2008,3.0,0.0,0.0,0.0,0.0
SOM.6.2_1,2009-2012,0.0,0.0,0.0,0.0,20.0
SOM.6.2_1,2013-2016,0.0,1.0,0.0,0.0,6.0
SOM.6.2_1,2017-2020,0.0,1.0,0.0,0.0,7.0
SOM.6.2_1,2021-2024,0.0,0.0,0.0,0.0,1.0
SOM.6.3_1,2005-2008,0.0,0.0,0.0,0.0,1.0
SOM.6.3_1,2009-2012,8.0,0.0,0.0,0.0,7.0
SOM.6.3_1,2013-2016,3.0,0.0,0.0,0.0,22.0
SOM.6.3_1,2017-2020,0.0,0.0,0.0,0.0,11.0
SOM.6.3_1,2021-2024,0.0,0.0,0.0,0.0,1.0
SOM.6.4_1,2001-2004,0.0,0.0,0.0,0.0,1.0
SOM.6.4_1,2005-2008,0.0,0.0,0.0,0.0,0.0
SOM.6.4_1,2009-2012,0.0,0.0,0.0,0.0,3.0
SOM.6.4_1,2013-2016,40.0,0.0,0.0,0.0,3.0
SOM.6.4_1,2017-2020,2.0,0.0,0.0,0.0,0.0
SOM.6.4_1,2021-2024,1.0,0.0,0.0,0.0,0.0
SOM.6.5_1,2001-2004,0.0,0.0,0.0,0.0,9.0
SOM.6.5_1,2005-2008,0.0,0.0,0.0,0.0,5.0
SOM.6.5_1,2009-2012,14.0,2.0,0.0,0.0,27.0
SOM.6.5_1,2013-2016,1.0,1.0,1.0,0.0,15.0
SOM.6.5_1,2017-2020,1.0,0.0,0.0,0.0,34.0
SOM.6.5_1,2021-2024,0.0,0.0,0.0,0.0,5.0
SOM.7.1_1,2001-2004,6.0,0.0,0.0,0.0,0.0
SOM.7.1_1,2005-2008,3.0,0.0,0.0,0.0,0.0
SOM.7.1_1,2009-2012,22.0,0.0,0.0,0.0,6.0
SOM.7.1_1,2013-2016,147.0,0.0,1.0,0.0,29.0
SOM.7.1_1,2017-2020,86.0,0.0,0.0,0.0,20.0
SOM.7.1_1,2021-2024,2.0,0.0,0.0,0.0,1.0
SOM.7.2_1,2005-2008,2.0,0.0,0.0,0.0,0.0
SOM.7.2_1,2009-2012,0.0,0.0,2.0,0.0,5.0
SOM.7.2_1,2013-2016,152.0,0.0,0.0,0.0,15.0
SOM.7.2_1,2017-2020,30.0,0.0,0.0,0.0,17.0
SOM.7.2_1,2021-2024,0.0,0.0,0.0,0.0,4.0
SOM.7.3_1,2005-2008,0.0,0.0,0.0,0.0,0.0
SOM.7.3_1,2009-2012,2.0,0.0,0.0,0.0,0.0
SOM.7.3_1,2013-2016,11.0,0.0,0.0,0.0,2.0
SOM.7.3_1,2017-2020,39.0,0.0,0.0,0.0,4.0
SOM.7.3_1,2021-2024,5.0,0.0,0.0,0.0,0.0
SOM.7.4_1,2005-2008,2.0,0.0,0.0,0.0,1.0
SOM.7.4_1,2009-2012,12.0,0.0,0.0,0.0,4.0
SOM.7.4_1,2013-2016,10.0,0.0,0.0,0.0,12.0
SOM.7.4_1,2017-2020,0.0,0.0,0.0,0.0,7.0
SOM.7.5_1,1997-2000,0.0,0.0,0.0,0.0,1.0
SOM.7.5_1,2001-2004,0.0,0.0,0.0,0.0,0.0
SOM.7.5_1,2009-2012,3.0,0.0,0.0,0.0,4.0
SOM.7.5_1,2013-2016,45.0,0.0,0.0,1.0,18.0
SOM.7.5_1,2017-2020,68.0,0.0,0.0,0.0,6.0
SOM.7.5_1,2021-2024,1.0,0.0,0.0,0.0,4.0
SOM.7.6_1,1997-2000,0.0,0.0,0.0,0.0,4.0
SOM.7.6_1,2001-2004,0.0,0.0,0.0,0.0,2.0
SOM.7.6_1,2005-2008,0.0,0.0,0.0,0.0,0.0
SOM.7.6_1,2009-2012,16.0,0.0,0.0,0.0,2.0
SOM.7.6_1,2013-2016,7.0,0.0,0.0,0.0,15.0
SOM.7.6_1,2017-2020,3.0,0.0,0.0,0.0,3.0
SOM.7.6_1,2021-2024,0.0,0.0,0.0,0.0,1.0
SOM.8.1_1,2001-2004,18.0,0.0,0.0,0.0,16.0
SOM.8.1_1,2005-2008,15.0,0.0,0.0,0.0,23.0
SOM.8.1_1,2009-2012,75.0,0.0,0.0,0.0,47.0
SOM.8.1_1,2013-2016,42.0,0.0,1.0,0.0,81.0
SOM.8.1_1,2017-2020,108.0,0.0,0.0,7.0,86.0
SOM.8.1_1,2021-2024,1.0,0.0,0.0,0.0,10.0
SOM.8.2_1,2001-2004,7.0,0.0,0.0,0.0,18.0
SOM.8.2_1,2005-2008,0.0,0.0,0.0,0.0,0.0
SOM.8.2_1,2009-2012,4.0,0.0,1.0,0.0,10.0
SOM.8.2_1,2013-2016,273.0,0.0,0.0,0.0,32.0
SOM.8.2_1,2017-2020,47.0,1.0,0.0,0.0,44.0
SOM.8.2_1,2021-2024,3.0,0.0,0.0,0.0,1.0
SOM.8.3_1,2005-2008,0.0,0.0,0.0,0.0,0.0
SOM.8.3_1,2009-2012,0.0,0.0,0.0,0.0,1.0
SOM.8.3_1,2013-2016,2.0,0.0,0.0,0.0,4.0
SOM.8.3_1,2017-2020,21.0,0.0,0.0,16.0,12.0
SOM.8.3_1,2021-2024,0.0,0.0,0.0,0.0,0.0
SOM.9.1_1,2001-2004,0.0,0.0,0.0,0.0,0.0
SOM.9.1_1,2005-2008,0.0,0.0,0.0,0.0,5.0
SOM.9.1_1,2009-2012,2.0,0.0,0.0,0.0,4.0
SOM.9.1_1,2013-2016,76.0,0.0,0.0,0.0,5.0
SOM.9.1_1,2017-2020,31.0,0.0,0.0,0.0,12.0
SOM.9.2_1,1997-2000,0.0,0.0,0.0,0.0,1.0
SOM.9.2_1,2001-2004,0.0,0.0,0.0,0.0,1.0
SOM.9.2_1,2005-2008,0.0,0.0,0.0,0.0,0.0
SOM.9.2_1,2009-2012,5.0,0.0,0.0,0.0,1.0
SOM.9.2_1,2013-2016,89.0,0.0,0.0,0.0,17.0
SOM.9.2_1,2017-2020,126.0,0.0,0.0,4.0,14.0
SOM.9.2_1,2021-2024,0.0,0.0,0.0,0.0,13.0
SOM.9.3_1,2001-2004,0.0,0.0,0.0,0.0,1.0
SOM.9.3_1,2005-2008,0.0,0.0,1.0,0.0,0.0
SOM.9.3_1,2009-2012,0.0,0.0,0.0,0.0,0.0
SOM.9.3_1,2013-2016,4.0,0.0,0.0,0.0,13.0
SOM.9.3_1,2017-2020,11.0,0.0,0.0,0.0,16.0
SOM.9.3_1,2021-2024,24.0,0.0,0.0,0.0,6.0
SSD.1.1_1,1997-2000,0.0,0.0,0.0,0.0,7.0
SSD.1.1_1,2001-2004,0.0,0.0,0.0,0.0,21.0
SSD.1.1_1,2005-2008,0.0,0.0,19.0,0.0,108.0
SSD.1.1_1,2009-2012,0.0,0.0,0.0,0.0,80.0
SSD.1.1_1,2013-2016,8.0,0.0,0.0,0.0,1614.0
SSD.1.1_1,2017-2020,2.0,0.0,7.0,0.0,83.0
SSD.1.1_1,2021-2024,0.0,0.0,0.0,0.0,2.0
SSD.1.2_1,2005-2008,0.0,0.0,0.0,0.0,0.0
SSD.1.2_1,2013-2016,0.0,0.0,1.0,0.0,9.0
SSD.1.2_1,2017-2020,0.0,0.0,0.0,0.0,23.0
SSD.1.2_1,2021-2024,0.0,0.0,0.0,0.0,8.0
SSD.1.3_1,1997-2000,53.0,0.0,0.0,0.0,0.0
SSD.1.3_1,2001-2004,0.0,0.0,0.0,0.0,35.0
SSD.1.3_1,2005-2008,0.0,0.0,0.0,0.0,15.0
SSD.1.3_1,2009-2012,0.0,0.0,0.0,0.0,22.0
SSD.1.3_1,2013-2016,0.0,0.0,1.0,0.0,49.0
SSD.1.3_1,2017-2020,0.0,0.0,0.0,0.0,119.0
SSD.1.3_1,2021-2024,0.0,0.0,0.0,2.0,7.0
SSD.1.4_1,1997-2000,2.0,0.0,0.0,0.0,0.0
SSD.1.4_1,2009-2012,0.0,0.0,0.0,0.0,7.0
SSD.1.4_1,2013-2016,0.0,0.0,0.0,0.0,26.0
SSD.1.4_1,2017-2020,0.0,0.0,0.0,0.0,25.0
SSD.10.1_1,1997-2000,1.0,0.0,0.0,0.0,0.0
SSD.10.1_1,2005-2008,0.0,0.0,0.0,0.0,106.0
SSD.10.1_1,2009-2012,0.0,0.0,0.0,0.0,23.0
SSD.10.1_1,2013-2016,10.0,0.0,0.0,0.0,23.0
SSD.10.1_1,2017-2020,0.0,0.0,0.0,0.0,4.0
SSD.10.1_1,2021-2024,0.0,0.0,0.0,0.0,0.0
SSD.10.2_1,1997-2000,0.0,0.0,0.0,0.0,0.0
SSD.10.2_1,2001-2004,22.0,0.0,0.0,0.0,0.0
SSD.10.2_1,2005-2008,0.0,0.0,0.0,0.0,100.0
SSD.10.2_1,2009-2012,0.0,0.0,0.0,0.0,10.0
SSD.10.2_1,2013-2016,10.0,0.0,0.0,0.0,33.0
SSD.10.2_1,2017-2020,0.0,0.0,0.0,0.0,8.0
SSD.10.2_1,2021-2024,0.0,0.0,0.0,0.0,0.0
SSD.10.3_1,2001-2004,0.0,0.0,0.0,0.0,0.0
SSD.10.3_1,2005-2008,0.0,0.0,0.0,0.0,27.0
SSD.10.3_1,2009-2012,0.0,0.0,0.0,0.0,30.0
SSD.10.3_1,2013-2016,0.0,0.0,0.0,0.0,1.0
SSD.10.3_1,2017-2020,0.0,0.0,0.0,0.0,15.0
SSD.10.3_1,2021-2024,0.0,0.0,0.0,0.0,136.0
SSD.10.4_1,1997-2000,0.0,0.0,0.0,0.0,0.0
SSD.10.4_1,2005-2008,0.0,0.0,0.0,0.0,3.0
SSD.10.4_1,2009-2012,0.0,0.0,0.0,0.0,70.0
SSD.10.4_1,2013-2016,0.0,0.0,0.0,0.0,68.0
SSD.10.4_1,2017-2020,0.0,0.0,1.0,0.0,38.0
SSD.10.4_1,2021-2024,0.0,0.0,0.0,0.0,0.0
SSD.2.1_1,1997-2000,18.0,0.0,0.0,0.0,0.0
SSD.2.1_1,2001-2004,15.0,0.0,0.0,0.0,82.0
SSD.2.1_1,2005-2008,0.0,0.0,0.0,0.0,13.0
SSD.2.1_1,2009-2012,0.0,0.0,0.0,0.0,3.0
SSD.2.1_1,2013-2016,6.0,0.0,1.0,0.0,12.0
SSD.2.1_1,2017-2020,5.0,0.0,0.0,0.0,25.0
SSD.2.1_1,2021-2024,0.0,0.0,2.0,0.0,12.0
SSD.2.2_1,1997-2000,2.0,0.0,0.0,0.0,0.0
SSD.2.2_1,2001-2004,5.0,0.0,0.0,0.0,30.0
SSD.2.2_1,2005-2008,0.0,0.0,0.0,0.0,21.0
SSD.2.2_1,2009-2012,1.0,0.0,0.0,0.0,15.0
SSD.2.2_1,2013-2016,0.0,0.0,0.0,0.0,9.0
SSD.2.2_1,2017-2020,0.0,0.0,0.0,0.0,4.0
SSD.2.2_1,2021-2024,0.0,0.0,0.0,0.0,4.0
SSD.2.3_1,1997-2000,2.0,0.0,0.0,0.0,0.0
SSD.2.3_1,2001-2004,4.0,0.0,0.0,0.0,260.0
SSD.2.3_1,2005-2008,0.0,0.0,0.0,0.0,27.0
SSD.2.3_1,2009-2012,0.0,0.0,0.0,0.0,2.0
SSD.2.3_1,2013-2016,0.0,0.0,0.0,0.0,11.0
SSD.2.3_1,2017-2020,0.0,0.0,0.0,0.0,28.0
SSD.2.3_1,2021-2024,0.0,0.0,1.0,0.0,0.0
SSD.2.4_1,1997-2000,0.0,0.0,0.0,0.0,0.0
SSD.2.4_1,2001-2004,0.0,0.0,0.0,0.0,0.0
SSD.2.4_1,2009-2012,0.0,0.0,0.0,0.0,6.0
SSD.2.4_1,2013-2016,0.0,0.0,0.0,0.0,10.0
SSD.2.4_1,2017-2020,0.0,0.0,0.0,0.0,1.0
SSD.2.4_1,2021-2024,0.0,0.0,0.0,0.0,16.0
SSD.3.1_1,1997-2000,0.0,0.0,0.0,0.0,41.0
SSD.3.1_1,2001-2004,0.0,0.0,0.0,0.0,0.0
SSD.3.1_1,2009-2012,0.0,0.0,0.0,0.0,253.0
SSD.3.1_1,2013-2016,0.0,0.0,0.0,0.0,153.0
SSD.3.1_1,2017-2020,0.0,0.0,0.0,0.0,98.0
SSD.3.1_1,2021-2024,0.0,0.0,0.0,0.0,1.0
SSD.3.2_1,1997-2000,0.0,0.0,0.0,0.0,0.0
SSD.3.2_1,2009-2012,3.0,0.0,0.0,0.0,2.0
SSD.3.2_1,2013-2016,0.0,0.0,0.0,0.0,25.0
SSD.3.2_1,2017-2020,0.0,0.0,0.0,0.0,15.0
SSD.3.3_1,2005-2008,0.0,0.0,0.0,0.0,7.0
SSD.3.3_1,2009-2012,0.0,0.0,0.0,0.0,62.0
SSD.3.3_1,2013-2016,0.0,5.0,0.0,0.0,165.0
SSD.3.3_1,2017-2020,1.0,0.0,0.0,0.0,64.0
SSD.3.4_1,1997-2000,0.0,0.0,0.0,0.0,0.0
SSD.3.4_1,2001-2004,0.0,0.0,0.0,0.0,0.0
SSD.3.4_1,2009-2012,0.0,0.0,0.0,0.0,0.0
SSD.3.4_1,2013-2016,4.0,0.0,0.0,0.0,0.0
SSD.3.4_1,2017-2020,0.0,0.0,0.0,0.0,12.0
SSD.3.5_1,1997-2000,0.0,0.0,0.0,0.0,0.0
SSD.3.5_1,2001-2004,20.0,0.0,0.0,0.0,408.0
SSD.3.5_1,2005-2008,0.0,0.0,0.0,0.0,0.0
SSD.3.5_1,2009-2012,0.0,0.0,0.0,0.0,416.0
SSD.3.5_1,2013-2016,0.0,0.0,0.0,0.0,126.0
SSD.3.5_1,2017-2020,0.0,0.0,0.0,0.0,0.0
SSD.3.6_1,1997-2000,0.0,0.0,0.0,0.0,0.0
SSD.3.6_1,2001-2004,0.0,0.0,0.0,0.0,0.0
SSD.3.6_1,2009-2012,0.0,0.0,0.0,0.0,3168.0
SSD.3.6_1,2013-2016,0.0,0.0,0.0,0.0,79.0
SSD.3.6_1,2017-2020,0.0,0.0,0.0,0.0,82.0
SSD.3.6_1,2021-2024,0.0,0.0,0.0,0.0,0.0
SSD.3.7_1,1997-2000,0.0,0.0,0.0,0.0,0.0
SSD.3.7_1,2001-2004,0.0,0.0,0.0,0.0,3.0
SSD.3.7_1,2009-2012,0.0,0.0,0.0,0.0,835.0
SSD.3.7_1,2013-2016,0.0,0.0,0.0,0.0,0.0
SSD.3.7_1,2017-2020,0.0,0.0,0.0,0.0,24.0
SSD.3.7_1,2021-2024,0.0,0.0,0.0,0.0,3.0
SSD.4.1_1,2013-2016,0.0,0.0,0.0,0.0,0.0
SSD.4.1_1,2017-2020,0.0,0.0,0.0,0.0,0.0
SSD.4.2_1,1997-2000,12.0,0.0,0.0,0.0,0.0
SSD.4.2_1,2005-2008,0.0,0.0,1.0,0.0,0.0
SSD.4.2_1,2009-2012,0.0,0.0,0.0,0.0,13.0
SSD.4.2_1,2013-2016,0.0,0.0,1.0,0.0,114.0
SSD.4.2_1,2017-2020,0.0,0.0,0.0,0.0,28.0
SSD.4.2_1,2021-2024,2.0,0.0,0.0,0.0,15.0
SSD.4.3_1,2009-2012,0.0,0.0,0.0,0.0,1.0
SSD.4.3_1,2013-2016,0.0,0.0,0.0,0.0,27.0
SSD.4.3_1,2017-2020,0.0,0.0,0.0,0.0,32.0
SSD.4.3_1,2021-2024,0.0,0.0,0.0,0.0,6.0
SSD.4.4_1,1997-2000,2.0,0.0,0.0,0.0,0.0
SSD.4.4_1,2009-2012,0.0,0.0,0.0,0.0,25.0
SSD.4.4_1,2013-2016,0.0,0.0,0.0,0.0,10.0
SSD.4.4_1,2017-2020,5.0,0.0,0.0,0.0,30.0
SSD.4.4_1,2021-2024,0.0,0.0,0.0,0.0,0.0
SSD.5.1_1,1997-2000,0.0,0.0,0.0,0.0,0.0
SSD.5.1_1,2009-2012,0.0,0.0,0.0,0.0,67.0
SSD.5.1_1,2013-2016,0.0,0.0,0.0,0.0,6.0
SSD.5.2_1,1997-2000,0.0,0.0,0.0,0.0,0.0
SSD.5.2_1,2001-2004,0.0,0.0,0.0,0.0,127.0
SSD.5.2_1,2005-2008,0.0,0.0,0.0,0.0,0.0
SSD.5.2_1,2009-2012,0.0,0.0,0.0,0.0,15.0
SSD.5.2_1,2013-2016,0.0,0.0,0.0,0.0,5.0
SSD.5.2_1,2017-2020,1.0,0.0,0.0,0.0,2.0
SSD.5.3_1,1997-2000,0.0,0.0,0.0,0.0,142.0
SSD.5.3_1,2001-2004,0.0,0.0,0.0,0.0,0.0
SSD.5.3_1,2013-2016,0.0,0.0,0.0,0.0,30.0
SSD.5.3_1,2017-2020,0.0,0.0,0.0,0.0,6.0
SSD.5.4_1,2013-2016,0.0,0.0,0.0,0.0,12.0
SSD.5.4_1,2017-2020,0.0,0.0,0.0,0.0,0.0
SSD.6.1_1,1997-2000,0.0,0.0,0.0,0.0,0.0
SSD.6.1_1,2001-2004,400.0,0.0,0.0,0.0,0.0
SSD.6.1_1,2013-2016,7.0,0.0,0.0,0.0,470.0
SSD.6.1_1,2017-2020,0.0,0.0,0.0,0.0,10.0
SSD.6.1_1,2021-2024,0.0,0.0,0.0,0.0,3.0
SSD.6.2_1,2001-2004,0.0,0.0,0.0,0.0,7.0
SSD.6.2_1,2005-2008,0.0,0.0,0.0,0.0,2.0
SSD.6.2_1,2009-2012,27.0,0.0,0.0,0.0,35.0
SSD.6.2_1,2013-2016,0.0,0.0,0.0,0.0,62.0
SSD.6.2_1,2017-2020,0.0,0.0,0.0,0.0,17.0
SSD.6.3_1,2001-2004,0.0,0.0,0.0,0.0,0.0
SSD.6.3_1,2013-2016,0.0,0.0,0.0,0.0,0.0
SSD.6.3_1,2017-2020,0.0,0.0,0.0,0.0,5.0
SSD.6.4_1,1997-2000,0.0,0.0,0.0,0.0,0.0
SSD.6.4_1,2001-2004,0.0,0.0,0.0,0.0,58.0
SSD.6.4_1,2005-2008,0.0,0.0,0.0,0.0,0.0
SSD.6.4_1,2009-2012,21.0,0.0,0.0,0.0,20.0
SSD.6.4_1,2013-2016,5.0,0.0,0.0,0.0,548.0
SSD.6.4_1,2017-2020,0.0,0.0,2.0,0.0,73.0
SSD.6.4_1,2021-2024,0.0,0.0,0.0,0.0,1.0
SSD.7.1_1,1997-2000,0.0,0.0,0.0,0.0,0.0
SSD.7.1_1,2001-2004,0.0,0.0,0.0,0.0,20.0
SSD.7.1_1,2013-2016,11.0,0.0,0.0,0.0,34.0
SSD.7.1_1,2017-2020,0.0,0.0,0.0,0.0,0.0
SSD.7.1_1,2021-2024,0.0,0.0,0.0,0.0,2.0
SSD.7.2_1,1997-2000,0.0,0.0,0.0,0.0,34.0
SSD.7.2_1,2009-2012,0.0,0.0,0.0,0.0,1.0
SSD.7.2_1,2013-2016,0.0,0.0,0.0,0.0,7.0
SSD.7.2_1,2017-2020,0.0,0.0,0.0,0.0,14.0
SSD.7.3_1,2009-2012,0.0,0.0,0.0,0.0,0.0
SSD.7.3_1,2017-2020,0.0,0.0,0.0,0.0,1.0
SSD.7.4_1,2013-2016,0.0,0.0,0.0,0.0,9.0
SSD.7.4_1,2017-2020,1.0,0.0,0.0,0.0,5.0
SSD.7.5_1,1997-2000,0.0,0.0,0.0,0.0,0.0
SSD.7.5_1,2001-2004,0.0,0.0,0.0,0.0,34.0
SSD.7.5_1,2009-2012,0.0,0.0,0.0,0.0,66.0
SSD.7.5_1,2013-2016,0.0,0.0,0.0,0.0,15.0
SSD.7.5_1,2017-2020,0.0,0.0,0.0,0.0,0.0
SSD.7.5_1,2021-2024,0.0,0.0,0.0,0.0,7.0
SSD.7.6_1,2001-2004,0.0,0.0,0.0,0.0,12.0
SSD.7.6_1,2009-2012,0.0,0.0,0.0,0.0,1.0
SSD.7.6_1,2013-2016,0.0,0.0,0.0,0.0,0.0
SSD.7.6_1,2017-2020,0.0,0.0,0.0,0.0,20.0
SSD.7.7_1,2001-2004,38.0,0.0,0.0,0.0,0.0
SSD.7.7_1,2009-2012,0.0,0.0,0.0,0.0,7.0
SSD.7.7_1,2013-2016,1.0,0.0,0.0,0.0,63.0
SSD.7.7_1,2017-2020,0.0,0.0,0.0,0.0,0.0
SSD.7.7_1,2021-2024,0.0,0.0,0.0,0.0,6.0
SSD.7.8_1,1997-2000,0.0,0.0,0.0,0.0,0.0
SSD.7.8_1,2001-2004,3.0,0.0,0.0,0.0,6.0
SSD.7.8_1,2005-2008,0.0,0.0,6.0,0.0,0.0
SSD.7.8_1,2009-2012,7.0,0.0,0.0,0.0,1.0
SSD.7.8_1,2013-2016,18.0,0.0,2.0,0.0,82.0
SSD.7.8_1,2017-2020,10.0,0.0,0.0,0.0,17.0
SSD.7.8_1,2021-2024,0.0,0.0,0.0,0.0,3.0
SSD.8.1_1,1997-2000,2.0,0.0,0.0,0.0,0.0
SSD.8.1_1,2001-2004,0.0,0.0,0.0,0.0,0.0
SSD.8.1_1,2009-2012,2.0,0.0,0.0,0.0,0.0
SSD.8.1_1,2013-2016,1.0,0.0,0.0,0.0,17.0
SSD.8.1_1,2017-2020,0.0,0.0,0.0,0.0,1.0
SSD.8.1_1,2021-2024,0.0,0.0,0.0,0.0,1.0
SSD.8.2_1,2013-2016,0.0,0.0,0.0,0.0,7.0
SSD.8.3_1,1997-2000,8.0,0.0,0.0,0.0,0.0
SSD.8.3_1,2009-2012,0.0,0.0,0.0,0.0,86.0
SSD.8.3_1,2013-2016,0.0,0.0,0.0,0.0,288.0
SSD.8.3_1,2017-2020,1.0,0.0,0.0,0.0,56.0
SSD.8.3_1,2021-2024,0.0,0.0,0.0,0.0,2.0
SSD.8.4_1,2001-2004,13.0,0.0,0.0,0.0,2.0
SSD.8.4_1,2009-2012,0.0,8.0,16.0,0.0,0.0
SSD.8.4_1,2013-2016,0.0,0.0,4.0,0.0,102.0
SSD.8.4_1,2017-2020,0.0,0.0,1.0,0.0,64.0
SSD.8.4_1,2021-2024,0.0,0.0,0.0,0.0,4.0
SSD.9.1_1,2001-2004,26.0,0.0,0.0,0.0,12.0
SSD.9.1_1,2009-2012,40.0,0.0,0.0,0.0,17.0
SSD.9.1_1,2013-2016,37.0,0.0,0.0,0.0,8.0
SSD.9.1_1,2017-2020,0.0,0.0,0.0,0.0,2.0
SSD.9.2_1,2001-2004,0.0,0.0,0.0,0.0,0.0
SSD.9.2_1,2005-2008,0.0,0.0,0.0,0.0,0.0
SSD.9.2_1,2009-2012,0.0,0.0,0.0,0.0,1.0
SSD.9.2_1,2013-2016,0.0,0.0,0.0,0.0,31.0
SSD.9.2_1,2017-2020,0.0,0.0,0.0,0.0,20.0
SWZ.1.5_1,1997-2000,1.0,1.0,0.0,0.0,0.0
SWZ.1.5_1,2001-2004,0.0,0.0,0.0,0.0,2.0
SWZ.1.5_1,2009-2012,0.0,1.0,0.0,0.0,1.0
SWZ.1.5_1,2017-2020,0.0,0.0,0.0,0.0,2.0
SWZ.2.3_1,2009-2012,0.0,0.0,0.0,0.0,1.0
SWZ.2.3_1,2021-2024,0.0,0.0,0.0,0.0,2.0
SWZ.3.14_1,2013-2016,0.0,0.0,0.0,0.0,1.0
SWZ.3.14_1,2021-2024,0.0,5.0,0.0,0.0,0.0
SWZ.3.2_1,2009-2012,0.0,0.0,0.0,0.0,1.0
SWZ.3.2_1,2021-2024,0.0,3.0,0.0,0.0,0.0
SWZ.3.4_1,1997-2000,1.0,0.0,0.0,0.0,0.0
SWZ.3.4_1,2005-2008,2.0,0.0,0.0,0.0,0.0
SWZ.3.9_1,2021-2024,0.0,0.0,8.0,0.0,1.0
SWZ.4.1_1,2013-2016,0.0,0.0,0.0,0.0,1.0
SWZ.4.4_1,2021-2024,0.0,1.0,0.0,0.0,0.0
SWZ.4.7_1,2009-2012,0.0,0.0,0.0,0.0,1.0
TCD.1.1_1,2005-2008,0.0,0.0,0.0,0.0,0.0
TCD.1.1_1,2009-2012,0.0,0.0,0.0,0.0,0.0
TCD.1.1_1,2017-2020,0.0,2.0,0.0,0.0,0.0
TCD.1.1_1,2021-2024,0.0,0.0,0.0,0.0,0.0
TCD.10.1_1,2009-2012,0.0,0.0,0.0,0.0,0.0
TCD.10.1_1,2013-2016,55.0,0.0,0.0,0.0,10.0
TCD.10.1_1,2017-2020,30.0,0.0,1.0,11.0,60.0
TCD.10.1_1,2021-2024,2.0,0.0,0.0,0.0,0.0
TCD.10.2_1,2017-2020,0.0,0.0,0.0,0.0,5.0
TCD.11.2_1,2017-2020,0.0,0.0,2.0,0.0,0.0
TCD.11.3_1,1997-2000,0.0,0.0,0.0,0.0,10.0
TCD.12.1_1,1997-2000,0.0,0.0,0.0,0.0,2.0
TCD.12.1_1,2001-2004,0.0,0.0,0.0,0.0,0.0
TCD.12.3_1,1997-2000,0.0,0.0,0.0,0.0,2.0
TCD.12.3_1,2013-2016,0.0,0.0,3.0,0.0,0.0
TCD.12.3_1,2021-2024,0.0,1.0,0.0,0.0,0.0
TCD.12.4_1,2013-2016,0.0,0.0,4.0,0.0,0.0
TCD.12.4_1,2017-2020,0.0,0.0,0.0,0.0,0.0
TCD.13.1_1,2009-2012,0.0,0.0,2.0,0.0,0.0
TCD.14.1_1,2017-2020,0.0,0.0,0.0,0.0,1.0
TCD.14.2_1,2009-2012,0.0,0.0,2.0,0.0,0.0
TCD.14.2_1,2017-2020,0.0,0.0,2.0,0.0,4.0
TCD.14.2_1,2021-2024,0.0,0.0,0.0,0.0,0.0
TCD.14.3_1,2017-2020,0.0,0.0,0.0,0.0,3.0
TCD.15.1_1,2009-2012,0.0,0.0,0.0,0.0,9.0
TCD.15.1_1,2021-2024,0.0,0.0,0.0,0.0,0.0
TCD.15.2_1,2005-2008,0.0,2.0,2.0,0.0,0.0
TCD.15.2_1,2017-2020,0.0,0.0,0.0,0.0,1.0
TCD.16.1_1,1997-2000,0.0,0.0,0.0,0.0,23.0
TCD.16.1_1,2017-2020,0.0,0.0,0.0,0.0,0.0
TCD.16.2_1,2001-2004,0.0,0.0,0.0,0.0,0.0
TCD.16.2_1,2005-2008,0.0,0.0,0.0,0.0,1.0
TCD.16.3_1,2013-2016,0.0,0.0,4.0,0.0,0.0
TCD.17.1_1,2001-2004,0.0,0.0,0.0,0.0,28.0
TCD.17.1_1,2005-2008,0.0,0.0,0.0,0.0,127.0
TCD.17.1_1,2009-2012,0.0,0.0,0.0,0.0,0.0
TCD.17.1_1,2017-2020,0.0,0.0,0.0,0.0,6.0
TCD.17.3_1,2001-2004,0.0,0.0,0.0,0.0,2.0
TCD.17.3_1,2005-2008,0.0,0.0,0.0,0.0,227.0
TCD.17.3_1,2009-2012,0.0,0.0,3.0,0.0,2.0
TCD.17.3_1,2013-2016,0.0,0.0,0.0,0.0,0.0
TCD.17.3_1,2017-2020,0.0,2.0,3.0,0.0,2.0
TCD.18.2_1,2005-2008,0.0,0.0,0.0,0.0,0.0
TCD.18.2_1,2021-2024,0.0,0.0,0.0,0.0,0.0
TCD.18.3_1,2005-2008,0.0,0.0,0.0,0.0,0.0
TCD.18.3_1,2017-2020,0.0,0.0,0.0,0.0,0.0
TCD.19.1_1,1997-2000,0.0,0.0,0.0,0.0,25.0
TCD.19.2_1,2005-2008,20.0,0.0,0.0,0.0,282.0
TCD.19.2_1,2009-2012,0.0,0.0,0.0,0.0,0.0
TCD.19.2_1,2013-2016,0.0,0.0,0.0,0.0,0.0
TCD.19.2_1,2017-2020,0.0,0.0,0.0,0.0,4.0
TCD.2.1_1,2017-2020,0.0,0.0,0.0,0.0,0.0
TCD.2.2_1,2017-2020,0.0,0.0,0.0,0.0,0.0
TCD.2.3_1,1997-2000,0.0,0.0,0.0,0.0,0.0
TCD.20.2_1,2021-2024,0.0,0.0,1.0,0.0,0.0
TCD.21.1_1,1997-2000,11.0,0.0,0.0,0.0,0.0
TCD.21.1_1,2001-2004,0.0,0.0,0.0,0.0,0.0
TCD.21.1_1,2005-2008,0.0,0.0,0.0,0.0,0.0
TCD.21.1_1,2013-2016,0.0,0.0,0.0,0.0,0.0
TCD.21.1_1,2017-2020,13.0,0.0,0.0,0.0,0.0
TCD.21.1_1,2021-2024,0.0,0.0,0.0,0.0,1.0
TCD.22.1_1,2001-2004,0.0,0.0,0.0,0.0,2.0
TCD.22.1_1,2005-2008,0.0,1.0,0.0,0.0,1.0
TCD.22.1_1,2009-2012,0.0,0.0,0.0,0.0,1.0
TCD.22.1_1,2013-2016,67.0,2.0,2.0,0.0,1.0
TCD.22.1_1,2017-2020,5.0,5.0,1.0,0.0,8.0
TCD.22.1_1,2021-2024,0.0,2.0,7.0,0.0,1.0
TCD.23.1_1,2005-2008,0.0,0.0,0.0,0.0,0.0
TCD.23.2_1,2001-2004,0.0,0.0,0.0,0.0,0.0
TCD.23.2_1,2005-2008,0.0,0.0,0.0,0.0,0.0
TCD.23.2_1,2009-2012,0.0,0.0,0.0,0.0,1.0
TCD.23.2_1,2017-2020,0.0,0.0,0.0,0.0,1.0
TCD.23.3_1,2001-2004,3.0,0.0,0.0,0.0,0.0
TCD.23.3_1,2005-2008,0.0,0.0,0.0,0.0,1.0
TCD.3.1_1,2001-2004,0.0,0.0,0.0,0.0,0.0
TCD.3.1_1,2013-2016,1.0,1.0,0.0,0.0,0.0
TCD.4.1_1,1997-2000,0.0,0.0,0.0,0.0,0.0
TCD.4.3_1,2005-2008,0.0,0.0,0.0,0.0,7.0
TCD.5.1_1,2021-2024,0.0,0.0,0.0,0.0,0.0
TCD.6.1_1,2001-2004,0.0,0.0,0.0,0.0,0.0
TCD.6.1_1,2005-2008,0.0,0.0,0.0,0.0,0.0
TCD.6.1_1,2017-2020,0.0,0.0,0.0,0.0,0.0
TCD.7.1_1,2017-2020,0.0,2.0,0.0,0.0,0.0
TCD.7.4_1,2001-2004,0.0,0.0,0.0,0.0,21.0
TCD.8.3_1,2017-2020,0.0,0.0,0.0,0.0,1.0
TCD.9.2_1,2021-2024,0.0,0.0,0.0,0.0,0.0
TGO.1.5_2,2013-2016,0.0,0.0,0.0,0.0,1.0
TGO.1.5_2,2017-2020,0.0,0.0,4.0,0.0,7.0
TGO.2.1_1,2017-2020,0.0,1.0,0.0,0.0,0.0
TGO.2.4_1,2017-2020,0.0,0.0,1.0,0.0,0.0
TGO.2.6_1,2017-2020,0.0,0.0,0.0,0.0,1.0
TGO.3.2_2,1997-2000,0.0,0.0,0.0,0.0,2.0
TGO.3.3_2,1997-2000,0.0,1.0,0.0,0.0,0.0
TGO.3.5_2,2017-2020,0.0,0.0,0.0,0.0,1.0
TGO.3.6_2,1997-2000,0.0,0.0,1.0,0.0,4.0
TGO.3.6_2,2001-2004,0.0,0.0,2.0,0.0,0.0
TGO.3.6_2,2005-2008,0.0,1.0,81.0,0.0,1.0
TGO.3.6_2,2009-2012,0.0,0.0,0.0,0.0,0.0
TGO.3.6_2,2017-2020,0.0,2.0,3.0,0.0,9.0
TGO.3.6_2,2021-2024,0.0,0.0,1.0,0.0,0.0
TGO.3.7_2,2021-2024,0.0,0.0,1.0,0.0,0.0
TGO.3.9_2,2017-2020,0.0,0.0,1.0,0.0,0.0
TGO.4.8_2,1997-2000,0.0,0.0,0.0,0.0,4.0
TGO.5.1_2,2017-2020,0.0,0.0,0.0,0.0,0.0
TGO.5.2_2,2013-2016,0.0,0.0,0.0,0.0,0.0
TGO.5.4_2,2001-2004,0.0,0.0,2.0,0.0,0.0
TGO.5.4_2,2013-2016,0.0,0.0,6.0,0.0,2.0
TGO.5.4_2,2017-2020,0.0,1.0,0.0,0.0,0.0
TGO.5.5_2,2017-2020,0.0,0.0,0.0,0.0,0.0
TGO.5.7_2,2013-2016,0.0,2.0,0.0,0.0,0.0
TUN.1.4_1,2013-2016,0.0,0.0,0.0,0.0,0.0
TUN.1.8_1,2013-2016,0.0,0.0,0.0,0.0,0.0
TUN.1.8_1,2017-2020,0.0,0.0,0.0,0.0,1.0
TUN.10.1_1,2009-2012,0.0,2.0,0.0,0.0,0.0
TUN.10.1_1,2013-2016,0.0,0.0,0.0,0.0,0.0
TUN.10.3_1,2009-2012,0.0,0.0,1.0,0.0,0.0
TUN.10.3_1,2013-2016,0.0,0.0,1.0,0.0,0.0
TUN.10.3_1,2017-2020,0.0,0.0,0.0,0.0,0.0
TUN.10.5_1,2013-2016,0.0,0.0,0.0,0.0,0.0
TUN.11.10_1,2013-2016,5.0,0.0,0.0,0.0,1.0
TUN.11.10_1,2017-2020,1.0,0.0,0.0,0.0,0.0
TUN.11.6_1,2009-2012,0.0,0.0,4.0,0.0,0.0
TUN.11.6_1,2013-2016,0.0,0.0,0.0,0.0,0.0
TUN.11.6_1,2017-2020,0.0,0.0,0.0,0.0,0.0
TUN.11.9_1,2013-2016,0.0,0.0,0.0,0.0,5.0
TUN.11.9_1,2017-2020,0.0,0.0,0.0,0.0,0.0
TUN.12.7_1,2013-2016,0.0,0.0,0.0,0.0,0.0
TUN.13.3_1,2017-2020,0.0,0.0,1.0,0.0,0.0
TUN.13.5_1,2013-2016,0.0,0.0,0.0,0.0,0.0
TUN.14.1_1,2009-2012,0.0,0.0,10.0,0.0,0.0
TUN.14.1_1,2013-2016,0.0,0.0,0.0,1.0,3.0
TUN.14.1_1,2017-2020,0.0,0.0,1.0,0.0,0.0
TUN.14.4_1,2001-2004,22.0,0.0,0.0,0.0,0.0
TUN.14.9_1,2013-2016,0.0,0.0,0.0,0.0,1.0
TUN.15.8_1,2009-2012,0.0,0.0,42.0,0.0,0.0
TUN.16.14_1,2009-2012,0.0,0.0,3.0,0.0,0.0
TUN.16.15_1,2005-2008,0.0,0.0,0.0,0.0,0.0
TUN.16.15_1,2009-2012,0.0,1.0,1.0,0.0,0.0
TUN.16.4_1,2009-2012,0.0,1.0,0.0,0.0,0.0
TUN.16.8_1,2009-2012,0.0,2.0,0.0,0.0,0.0
TUN.16.8_1,2017-2020,0.0,0.0,0.0,0.0,1.0
TUN.17.10_1,2013-2016,0.0,0.0,0.0,0.0,1.0
TUN.17.12_1,2009-2012,0.0,1.0,0.0,0.0,0.0
TUN.18.10_1,2009-2012,0.0,0.0,1.0,0.0,2.0
TUN.18.10_1,2013-2016,0.0,0.0,0.0,0.0,0.0
TUN.18.10_1,2017-2020,0.0,0.0,0.0,0.0,0.0
TUN.18.1_1,2017-2020,0.0,0.0,2.0,0.0,0.0
TUN.18.2_1,2013-2016,0.0,0.0,1.0,0.0,0.0
TUN.18.2_1,2017-2020,0.0,0.0,0.0,0.0,0.0
TUN.18.5_1,2009-2012,0.0,2.0,0.0,0.0,0.0
TUN.18.7_1,2009-2012,0.0,0.0,3.0,0.0,4.0
TUN.18.8_1,2021-2024,1.0,0.0,0.0,0.0,0.0
TUN.18.9_1,2013-2016,0.0,0.0,0.0,0.0,0.0
TUN.18.9_1,2017-2020,0.0,0.0,0.0,0.0,1.0
TUN.19.11_1,2013-2016,0.0,0.0,0.0,0.0,0.0
TUN.19.9_1,2009-2012,0.0,0.0,0.0,0.0,0.0
TUN.2.4_1,2013-2016,2.0,0.0,0.0,0.0,0.0
TUN.20.15_1,2013-2016,0.0,0.0,0.0,1.0,0.0
TUN.20.15_1,2017-2020,0.0,0.0,0.0,0.0,1.0
TUN.20.4_1,2013-2016,0.0,0.0,0.0,0.0,38.0
TUN.20.4_1,2017-2020,0.0,0.0,0.0,0.0,0.0
TUN.21.2_1,2009-2012,0.0,0.0,0.0,0.0,0.0
TUN.21.2_1,2013-2016,0.0,1.0,0.0,0.0,0.0
TUN.21.4_1,2017-2020,0.0,0.0,1.0,0.0,0.0
TUN.21.5_1,2013-2016,0.0,0.0,0.0,0.0,0.0
TUN.21.6_1,2009-2012,0.0,0.0,1.0,0.0,0.0
TUN.22.5_1,2009-2012,0.0,0.0,2.0,0.0,0.0
TUN.23.10_1,2013-2016,0.0,0.0,0.0,0.0,22.0
TUN.23.10_1,2017-2020,0.0,0.0,0.0,0.0,0.0
TUN.23.14_1,2009-2012,0.0,0.0,0.0,0.0,3.0
TUN.23.1_1,2009-2012,0.0,0.0,5.0,0.0,0.0
TUN.23.20_1,2009-2012,0.0,0.0,3.0,0.0,0.0
TUN.23.20_1,2017-2020,1.0,0.0,0.0,0.0,0.0
TUN.23.21_1,2021-2024,0.0,0.0,0.0,0.0,1.0
TUN.23.23_1,2009-2012,0.0,0.0,0.0,0.0,0.0
TUN.23.2_1,1997-2000,0.0,0.0,4.0,0.0,0.0
TUN.23.2_1,2009-2012,0.0,14.0,8.0,0.0,0.0
TUN.23.2_1,2013-2016,14.0,0.0,1.0,0.0,2.0
TUN.23.2_1,2017-2020,7.0,0.0,0.0,0.0,1.0
TUN.23.3_1,2009-2012,0.0,0.0,0.0,0.0,2.0
TUN.23.3_1,2013-2016,0.0,0.0,0.0,0.0,1.0
TUN.23.4_1,2009-2012,0.0,0.0,12.0,0.0,0.0
TUN.23.6_1,2009-2012,0.0,0.0,1.0,0.0,0.0
TUN.23.8_1,2013-2016,0.0,0.0,0.0,0.0,1.0
TUN.23.9_1,2009-2012,0.0,2.0,0.0,0.0,0.0
TUN.23.9_1,2013-2016,0.0,0.0,0.0,0.0,0.0
TUN.23.9_1,2017-2020,0.0,0.0,0.0,0.0,0.0
TUN.24.2_1,2013-2016,0.0,0.0,0.0,0.0,0.0
TUN.3.7_1,2005-2008,0.0,0.0,0.0,0.0,0.0
TUN.3.8_1,2013-2016,0.0,0.0,0.0,0.0,1.0
TUN.4.10_1,2017-2020,0.0,0.0,0.0,0.0,1.0
TUN.4.12_1,2013-2016,0.0,0.0,0.0,0.0,0.0
TUN.4.1_1,2013-2016,0.0,0.0,1.0,0.0,0.0
TUN.4.1_1,2017-2020,0.0,0.0,0.0,0.0,0.0
TUN.4.9_1,2009-2012,0.0,1.0,0.0,0.0,0.0
TUN.4.9_1,2013-2016,0.0,0.0,0.0,0.0,0.0
TUN.5.6_1,2013-2016,0.0,0.0,0.0,0.0,0.0
TUN.6.10_1,2009-2012,0.0,0.0,2.0,0.0,0.0
TUN.6.3_1,2013-2016,0.0,1.0,0.0,0.0,0.0
TUN.6.4_1,2013-2016,0.0,0.0,0.0,0.0,0.0
TUN.6.4_1,2017-2020,0.0,0.0,0.0,0.0,1.0
TUN.6.7_1,2005-2008,0.0,1.0,0.0,0.0,0.0
TUN.6.7_1,2009-2012,0.0,0.0,14.0,0.0,0.0
TUN.6.8_1,2005-2008,0.0,0.0,1.0,0.0,0.0
TUN.6.9_1,2005-2008,0.0,0.0,1.0,0.0,0.0
TUN.7.3_1,2009-2012,0.0,0.0,0.0,0.0,10.0
TUN.7.4_1,2013-2016,0.0,0.0,0.0,0.0,0.0
TUN.7.5_1,2013-2016,0.0,0.0,0.0,0.0,0.0
TUN.7.6_1,2013-2016,0.0,0.0,0.0,0.0,0.0
TUN.7.9_1,2017-2020,0.0,0.0,0.0,0.0,1.0
TUN.8.1_1,2013-2016,0.0,0.0,0.0,0.0,0.0
TUN.8.2_1,2017-2020,0.0,0.0,0.0,0.0,1.0
TUN.8.8_1,2009-2012,0.0,2.0,2.0,0.0,0.0
TUN.9.11_1,2009-2012,0.0,0.0,0.0,0.0,1.0
TUN.9.11_1,2013-2016,5.0,0.0,0.0,0.0,1.0
TUN.9.11_1,2017-2020,0.0,0.0,0.0,0.0,1.0
TUN.9.12_1,2013-2016,0.0,0.0,0.0,0.0,1.0
TUN.9.12_1,2017-2020,4.0,0.0,0.0,0.0,2.0
TUN.9.12_1,2021-2024,5.0,0.0,0.0,0.0,0.0
TUN.9.13_1,2009-2012,0.0,11.0,8.0,0.0,0.0
TUN.9.13_1,2017-2020,0.0,0.0,0.0,0.0,0.0
TUN.9.2_1,2009-2012,0.0,19.0,3.0,0.0,0.0
TUN.9.2_1,2013-2016,0.0,0.0,0.0,0.0,2.0
TUN.9.3_1,2009-2012,0.0,0.0,0.0,0.0,0.0
TUN.9.3_1,2013-2016,0.0,0.0,3.0,0.0,0.0
TUN.9.4_1,2017-2020,0.0,0.0,0.0,0.0,0.0
TUN.9.5_1,2013-2016,0.0,0.0,0.0,0.0,0.0
TUN.9.5_1,2017-2020,1.0,0.0,0.0,0.0,1.0
TUN.9.5_1,2021-2024,2.0,0.0,0.0,0.0,0.0
TUN.9.6_1,2017-2020,0.0,0.0,0.0,0.0,0.0
TUN.9.9_1,2013-2016,7.0,0.0,0.0,0.0,3.0
TUN.9.9_1,2017-2020,1.0,0.0,0.0,0.0,0.0
TUN.9.9_1,2021-2024,0.0,0.0,0.0,0.0,0.0
TZA.1.1_1,1997-2000,0.0,0.0,0.0,0.0,0.0
TZA.1.1_1,2009-2012,0.0,3.0,0.0,0.0,0.0
TZA.1.1_1,2013-2016,8.0,0.0,1.0,0.0,0.0
TZA.1.2_1,1997-2000,0.0,0.0,0.0,0.0,0.0
TZA.1.2_1,2009-2012,0.0,0.0,0.0,0.0,1.0
TZA.1.2_1,2017-2020,0.0,0.0,0.0,0.0,0.0
TZA.1.7_1,2009-2012,0.0,0.0,1.0,0.0,6.0
TZA.1.8_1,2017-2020,3.0,0.0,0.0,0.0,1.0
TZA.1.9_1,1997-2000,0.0,0.0,0.0,0.0,10.0
TZA.1.9_1,2001-2004,0.0,0.0,0.0,0.0,0.0
TZA.1.9_1,2013-2016,0.0,0.0,0.0,0.0,0.0
TZA.10.5_1,2005-2008,0.0,0.0,0.0,0.0,3.0
TZA.11.1_1,2001-2004,0.0,0.0,0.0,0.0,2.0
TZA.11.4_1,2009-2012,0.0,0.0,0.0,0.0,1.0
TZA.11.4_1,2013-2016,0.0,0.0,0.0,0.0,1.0
TZA.12.5_1,2009-2012,0.0,0.0,2.0,0.0,3.0
TZA.12.7_1,2009-2012,0.0,0.0,1.0,0.0,6.0
TZA.12.8_1,2005-2008,0.0,0.0,0.0,0.0,5.0
TZA.12.8_1,2009-2012,0.0,0.0,2.0,0.0,25.0
TZA.12.8_1,2013-2016,0.0,0.0,1.0,0.0,0.0
TZA.12.8_1,2017-2020,0.0,0.0,0.0,0.0,2.0
TZA.13.1_1,2009-2012,0.0,0.0,2.0,0.0,0.0
TZA.13.6_1,2013-2016,0.0,0.0,1.0,0.0,0.0
TZA.13.7_1,2009-2012,0.0,0.0,1.0,0.0,0.0
TZA.13.7_1,2013-2016,0.0,0.0,1.0,0.0,0.0
TZA.14.1_1,2017-2020,0.0,0.0,1.0,0.0,0.0
TZA.14.3_1,1997-2000,0.0,0.0,0.0,0.0,32.0
TZA.14.5_1,2009-2012,0.0,1.0,0.0,0.0,0.0
TZA.14.5_1,2017-2020,0.0,0.0,0.0,0.0,1.0
TZA.15.2_1,2017-2020,0.0,0.0,0.0,0.0,1.0
TZA.15.3_1,2017-2020,0.0,0.0,0.0,0.0,0.0
TZA.15.4_1,2013-2016,0.0,0.0,5.0,0.0,0.0
TZA.16.5_1,2013-2016,0.0,0.0,0.0,0.0,7.0
TZA.16.6_1,2005-2008,0.0,0.0,2.0,0.0,0.0
TZA.16.6_1,2009-2012,0.0,0.0,1.0,0.0,1.0
TZA.16.6_1,2013-2016,0.0,0.0,0.0,0.0,0.0
TZA.16.6_1,2017-2020,0.0,0.0,0.0,0.0,0.0
TZA.16.7_1,2009-2012,0.0,0.0,0.0,0.0,1.0
TZA.17.1_1,2013-2016,0.0,0.0,1.0,0.0,0.0
TZA.18.1_1,2005-2008,0.0,0.0,6.0,0.0,0.0
TZA.18.2_1,1997-2000,0.0,0.0,0.0,1.0,0.0
TZA.18.2_1,2001-2004,0.0,0.0,0.0,0.0,11.0
TZA.19.1_1,2001-2004,0.0,0.0,0.0,0.0,2.0
TZA.19.2_1,2001-2004,0.0,0.0,0.0,0.0,3.0
TZA.2.1_1,1997-2000,10.0,0.0,0.0,0.0,0.0
TZA.2.1_1,2001-2004,0.0,0.0,1.0,0.0,1.0
TZA.2.1_1,2005-2008,0.0,0.0,1.0,0.0,10.0
TZA.2.1_1,2009-2012,0.0,0.0,0.0,0.0,1.0
TZA.2.1_1,2013-2016,0.0,0.0,0.0,0.0,0.0
TZA.2.1_1,2017-2020,0.0,1.0,0.0,0.0,4.0
TZA.2.2_1,2013-2016,0.0,0.0,1.0,0.0,0.0
TZA.2.3_1,2013-2016,0.0,0.0,0.0,0.0,0.0
TZA.20.1_1,2013-2016,0.0,0.0,0.0,0.0,0.0
TZA.20.2_1,2017-2020,1.0,0.0,0.0,0.0,0.0
TZA.20.2_1,2021-2024,0.0,0.0,2.0,0.0,0.0
TZA.20.3_1,2013-2016,0.0,0.0,0.0,0.0,1.0
TZA.20.6_1,2013-2016,0.0,0.0,0.0,0.0,0.0
TZA.20.7_1,2013-2016,0.0,0.0,0.0,0.0,0.0
TZA.20.7_1,2017-2020,0.0,0.0,0.0,0.0,3.0
TZA.22.5_1,2009-2012,0.0,4.0,0.0,0.0,4.0
TZA.22.5_1,2013-2016,1.0,0.0,0.0,0.0,0.0
TZA.23.1_1,2009-2012,0.0,0.0,5.0,0.0,0.0
TZA.23.1_1,2017-2020,0.0,0.0,0.0,0.0,0.0
TZA.23.3_1,2009-2012,0.0,0.0,0.0,0.0,0.0
TZA.24.3_1,2017-2020,0.0,0.0,0.0,0.0,1.0
TZA.25.2_1,2009-2012,0.0,0.0,0.0,0.0,0.0
TZA.25.3_1,1997-2000,0.0,0.0,0.0,0.0,0.0
TZA.25.3_1,2001-2004,0.0,0.0,0.0,0.0,2.0
TZA.25.3_1,2009-2012,0.0,2.0,0.0,0.0,0.0
TZA.25.3_1,2017-2020,0.0,0.0,0.0,0.0,1.0
TZA.25.6_1,2009-2012,0.0,0.0,0.0,0.0,0.0
TZA.26.2_1,2017-2020,0.0,0.0,0.0,0.0,1.0
TZA.26.5_1,2013-2016,0.0,0.0,0.0,0.0,2.0
TZA.29.1_1,1997-2000,0.0,0.0,5.0,0.0,0.0
TZA.29.1_1,2001-2004,0.0,0.0,0.0,0.0,2.0
TZA.29.1_1,2005-2008,0.0,0.0,0.0,0.0,1.0
TZA.29.1_1,2017-2020,0.0,0.0,3.0,0.0,1.0
TZA.3.2_1,2013-2016,0.0,0.0,0.0,0.0,3.0
TZA.3.5_1,2017-2020,0.0,0.0,4.0,0.0,0.0
TZA.30.3_1,2009-2012,0.0,0.0,1.0,0.0,0.0
TZA.30.3_1,2013-2016,0.0,0.0,0.0,0.0,1.0
TZA.31.11_1,2013-2016,0.0,0.0,1.0,0.0,0.0
TZA.31.11_1,2017-2020,0.0,0.0,1.0,0.0,0.0
TZA.31.9_1,2013-2016,0.0,0.0,2.0,0.0,0.0
TZA.4.1_1,2005-2008,0.0,0.0,0.0,0.0,1.0
TZA.4.1_1,2013-2016,0.0,0.0,0.0,0.0,0.0
TZA.4.2_1,2013-2016,0.0,0.0,0.0,0.0,2.0
TZA.4.3_1,2009-2012,0.0,0.0,0.0,0.0,2.0
TZA.5.1_1,2009-2012,0.0,0.0,0.0,0.0,1.0
TZA.5.2_1,2001-2004,0.0,0.0,0.0,0.0,7.0
TZA.5.3_1,2013-2016,0.0,0.0,1.0,0.0,0.0
TZA.5.5_1,2009-2012,0.0,0.0,0.0,0.0,1.0
TZA.6.1_1,2005-2008,0.0,0.0,0.0,0.0,1.0
TZA.6.1_1,2013-2016,0.0,0.0,3.0,0.0,0.0
TZA.6.3_1,2017-2020,0.0,0.0,2.0,0.0,0.0
TZA.6.4_1,2005-2008,0.0,0.0,0.0,0.0,3.0
TZA.6.5_1,2013-2016,0.0,0.0,2.0,0.0,0.0
TZA.6.7_1,2013-2016,0.0,0.0,0.0,0.0,0.0
TZA.6.8_1,2009-2012,0.0,0.0,2.0,0.0,0.0
TZA.6.8_1,2013-2016,0.0,0.0,0.0,0.0,1.0
TZA.6.9_1,2009-2012,7.0,0.0,3.0,0.0,0.0
TZA.7.3_1,2009-2012,0.0,0.0,0.0,0.0,1.0
TZA.8.2_1,2013-2016,0.0,0.0,1.0,0.0,1.0
TZA.8.2_1,2017-2020,0.0,0.0,0.0,0.0,5.0
TZA.8.2_1,2021-2024,0.0,0.0,0.0,0.0,2.0
TZA.8.3_1,1997-2000,0.0,0.0,0.0,0.0,5.0
TZA.8.3_1,2017-2020,0.0,0.0,4.0,0.0,0.0
TZA.8.4_1,2017-2020,0.0,0.0,0.0,0.0,2.0
TZA.8.5_1,2001-2004,0.0,0.0,0.0,0.0,97.0
TZA.8.7_1,1997-2000,0.0,0.0,0.0,0.0,6.0
TZA.8.7_1,2001-2004,0.0,0.0,0.0,0.0,20.0
TZA.9.3_1,2005-2008,0.0,0.0,0.0,0.0,0.0
UGA.1.1_1,1997-2000,0.0,0.0,0.0,0.0,0.0
UGA.1.1_1,2001-2004,0.0,0.0,0.0,0.0,19.0
UGA.1.1_1,2013-2016,0.0,0.0,0.0,0.0,1.0
UGA.1.1_1,2017-2020,0.0,0.0,1.0,0.0,3.0
UGA.1.1_1,2021-2024,0.0,0.0,0.0,6.0,0.0
UGA.10.1_1,2021-2024,0.0,0.0,2.0,0.0,0.0
UGA.10.2_1,2017-2020,0.0,0.0,1.0,0.0,0.0
UGA.10.2_1,2021-2024,0.0,0.0,1.0,0.0,0.0
UGA.10.3_1,2017-2020,0.0,0.0,1.0,0.0,1.0
UGA.10.3_1,2021-2024,0.0,0.0,2.0,0.0,0.0
UGA.11.1_1,2013-2016,0.0,0.0,0.0,0.0,1.0
UGA.11.1_1,2017-2020,0.0,0.0,0.0,0.0,1.0
UGA.11.1_1,2021-2024,0.0,0.0,2.0,0.0,0.0
UGA.11.2_1,2013-2016,0.0,0.0,1.0,0.0,0.0
UGA.11.2_1,2017-2020,0.0,0.0,10.0,0.0,1.0
UGA.11.2_1,2021-2024,0.0,0.0,0.0,0.0,1.0
UGA.11.3_1,2017-2020,0.0,0.0,1.0,0.0,0.0
UGA.12.1_1,2013-2016,0.0,0.0,0.0,0.0,0.0
UGA.12.2_1,2013-2016,0.0,0.0,0.0,0.0,0.0
UGA.12.3_1,1997-2000,0.0,0.0,0.0,0.0,0.0
UGA.12.3_1,2017-2020,0.0,0.0,2.0,0.0,0.0
UGA.12.4_1,2021-2024,0.0,0.0,2.0,0.0,0.0
UGA.13.1_1,1997-2000,0.0,0.0,0.0,0.0,18.0
UGA.13.1_1,2021-2024,0.0,0.0,1.0,0.0,0.0
UGA.13.2_1,1997-2000,0.0,0.0,0.0,0.0,92.0
UGA.13.2_1,2017-2020,0.0,0.0,0.0,0.0,1.0
UGA.13.2_1,2021-2024,0.0,0.0,1.0,0.0,1.0
UGA.13.3_1,1997-2000,0.0,0.0,0.0,0.0,11.0
UGA.13.3_1,2001-2004,0.0,0.0,0.0,0.0,2.0
UGA.13.3_1,2021-2024,0.0,0.0,1.0,0.0,1.0
UGA.14.1_1,2001-2004,0.0,0.0,0.0,0.0,3.0
UGA.14.2_1,2001-2004,4.0,0.0,0.0,0.0,12.0
UGA.15.1_1,2013-2016,0.0,0.0,1.0,0.0,0.0
UGA.16.1_1,1997-2000,30.0,0.0,0.0,0.0,13.0
UGA.16.1_1,2001-2004,1.0,1.0,5.0,0.0,1.0
UGA.16.1_1,2005-2008,0.0,0.0,24.0,0.0,26.0
UGA.16.1_1,2009-2012,76.0,0.0,24.0,0.0,28.0
UGA.16.1_1,2013-2016,3.0,0.0,2.0,0.0,4.0
UGA.16.1_1,2017-2020,0.0,3.0,50.0,0.0,12.0
UGA.16.1_1,2021-2024,0.0,1.0,7.0,0.0,12.0
UGA.17.2_1,2021-2024,0.0,0.0,0.0,0.0,1.0
UGA.17.3_1,2013-2016,0.0,0.0,0.0,0.0,1.0
UGA.18.2_1,1997-2000,0.0,0.0,0.0,0.0,0.0
UGA.19.1_1,2005-2008,0.0,0.0,0.0,0.0,4.0
UGA.19.1_1,2013-2016,0.0,0.0,0.0,0.0,1.0
UGA.19.1_1,2017-2020,0.0,0.0,1.0,0.0,1.0
UGA.2.1_1,2001-2004,0.0,0.0,0.0,0.0,12.0
UGA.2.1_1,2005-2008,0.0,0.0,0.0,0.0,8.0
UGA.2.3_1,2001-2004,0.0,0.0,0.0,0.0,9.0
UGA.2.3_1,2005-2008,0.0,0.0,0.0,0.0,20.0
UGA.2.4_1,2001-2004,0.0,0.0,0.0,0.0,21.0
UGA.2.4_1,2005-2008,0.0,0.0,0.0,0.0,119.0
UGA.2.4_1,2017-2020,0.0,0.0,0.0,0.0,1.0
UGA.2.4_1,2021-2024,0.0,0.0,2.0,0.0,0.0
UGA.20.1_1,2005-2008,0.0,0.0,0.0,0.0,1.0
UGA.20.1_1,2017-2020,0.0,0.0,3.0,0.0,0.0
UGA.20.2_1,2001-2004,0.0,0.0,0.0,0.0,0.0
UGA.20.2_1,2005-2008,0.0,0.0,0.0,0.0,36.0
UGA.20.2_1,2009-2012,3.0,0.0,0.0,0.0,0.0
UGA.20.2_1,2013-2016,0.0,0.0,0.0,0.0,0.0
UGA.20.2_1,2017-2020,0.0,0.0,1.0,0.0,0.0
UGA.20.3_1,2013-2016,0.0,0.0,0.0,0.0,0.0
UGA.21.1_1,1997-2000,0.0,0.0,0.0,0.0,8.0
UGA.21.1_1,2001-2004,0.0,0.0,0.0,0.0,0.0
UGA.21.1_1,2013-2016,0.0,0.0,0.0,0.0,0.0
UGA.21.2_1,1997-2000,0.0,0.0,0.0,0.0,33.0
UGA.21.2_1,2001-2004,0.0,0.0,0.0,0.0,11.0
UGA.21.2_1,2005-2008,0.0,0.0,0.0,0.0,0.0
UGA.21.2_1,2009-2012,0.0,0.0,0.0,0.0,1.0
UGA.21.2_1,2013-2016,0.0,0.0,0.0,0.0,11.0
UGA.21.2_1,2017-2020,0.0,0.0,1.0,0.0,2.0
UGA.21.2_1,2021-2024,0.0,0.0,1.0,0.0,0.0
UGA.22.1_1,1997-2000,0.0,0.0,0.0,0.0,2.0
UGA.22.1_1,2001-2004,0.0,0.0,0.0,0.0,33.0
UGA.22.1_1,2005-2008,0.0,0.0,0.0,0.0,5.0
UGA.22.1_1,2009-2012,0.0,0.0,0.0,0.0,0.0
UGA.22.1_1,2013-2016,0.0,0.0,0.0,0.0,2.0
UGA.22.2_1,2001-2004,0.0,0.0,0.0,0.0,15.0
UGA.22.2_1,2005-2008,0.0,0.0,0.0,0.0,2.0
UGA.22.3_1,2001-2004,0.0,0.0,0.0,0.0,3.0
UGA.22.3_1,2005-2008,0.0,0.0,0.0,0.0,12.0
UGA.22.3_1,2009-2012,0.0,0.0,0.0,0.0,2.0
UGA.22.3_1,2021-2024,0.0,0.0,0.0,0.0,0.0
UGA.23.2_1,2017-2020,0.0,0.0,0.0,0.0,1.0
UGA.23.2_1,2021-2024,0.0,0.0,4.0,0.0,0.0
UGA.24.1_1,2017-2020,0.0,0.0,2.0,0.0,0.0
UGA.24.1_1,2021-2024,0.0,0.0,3.0,0.0,2.0
UGA.24.2_1,2017-2020,0.0,0.0,0.0,0.0,1.0
UGA.24.3_1,1997-2000,0.0,0.0,0.0,0.0,0.0
UGA.24.3_1,2005-2008,0.0,0.0,0.0,0.0,0.0
UGA.25.1_1,1997-2000,0.0,0.0,0.0,0.0,4.0
UGA.25.1_1,2017-2020,0.0,0.0,0.0,0.0,0.0
UGA.25.1_1,2021-2024,0.0,0.0,1.0,0.0,0.0
UGA.26.1_1,1997-2000,0.0,0.0,0.0,0.0,8.0
UGA.26.1_1,2001-2004,0.0,0.0,0.0,0.0,0.0
UGA.26.1_1,2005-2008,0.0,0.0,0.0,0.0,0.0
UGA.26.1_1,2017-2020,0.0,0.0,3.0,0.0,2.0
UGA.26.1_1,2021-2024,0.0,0.0,1.0,0.0,0.0
UGA.27.1_1,1997-2000,0.0,0.0,0.0,0.0,16.0
UGA.27.1_1,2001-2004,0.0,0.0,0.0,0.0,22.0
UGA.27.1_1,2005-2008,0.0,0.0,0.0,0.0,30.0
UGA.27.1_1,2013-2016,0.0,0.0,0.0,0.0,0.0
UGA.27.1_1,2017-2020,0.0,0.0,2.0,0.0,0.0
UGA.27.2_1,1997-2000,0.0,0.0,0.0,0.0,9.0
UGA.27.2_1,2001-2004,0.0,0.0,0.0,0.0,97.0
UGA.27.2_1,2005-2008,0.0,0.0,0.0,0.0,20.0
UGA.27.2_1,2017-2020,0.0,0.0,1.0,0.0,1.0
UGA.27.2_1,2021-2024,0.0,0.0,2.0,0.0,0.0
UGA.28.1_1,1997-2000,0.0,0.0,0.0,0.0,5.0
UGA.28.1_1,2001-2004,0.0,0.0,0.0,0.0,2.0
UGA.28.1_1,2005-2008,0.0,0.0,0.0,0.0,10.0
UGA.28.1_1,2009-2012,1.0,0.0,0.0,0.0,10.0
UGA.28.1_1,2013-2016,0.0,0.0,0.0,0.0,0.0
UGA.28.1_1,2017-2020,0.0,0.0,0.0,0.0,1.0
UGA.28.1_1,2021-2024,0.0,0.0,0.0,0.0,3.0
UGA.28.2_1,2001-2004,0.0,0.0,0.0,0.0,0.0
UGA.28.2_1,2005-2008,0.0,0.0,0.0,0.0,4.0
UGA.28.2_1,2009-2012,0.0,0.0,0.0,0.0,0.0
UGA.28.2_1,2017-2020,0.0,0.0,1.0,0.0,4.0
UGA.28.2_1,2021-2024,0.0,0.0,0.0,0.0,1.0
UGA.28.3_1,1997-2000,0.0,0.0,0.0,0.0,70.0
UGA.28.3_1,2001-2004,0.0,0.0,0.0,0.0,4.0
UGA.28.3_1,2005-2008,0.0,0.0,0.0,0.0,0.0
UGA.28.3_1,2009-2012,0.0,0.0,0.0,0.0,1.0
UGA.29.1_1,2021-2024,0.0,0.0,1.0,0.0,1.0
UGA.3.1_1,2013-2016,0.0,0.0,1.0,0.0,0.0
UGA.3.1_1,2017-2020,0.0,0.0,5.0,0.0,1.0
UGA.3.1_1,2021-2024,0.0,0.0,1.0,0.0,0.0
UGA.3.3_1,1997-2000,0.0,0.0,0.0,0.0,3.0
UGA.3.3_1,2001-2004,0.0,0.0,0.0,0.0,0.0
UGA.3.3_1,2009-2012,0.0,0.0,0.0,0.0,0.0
UGA.3.4_1,2017-2020,0.0,0.0,14.0,0.0,0.0
UGA.3.6_1,2017-2020,0.0,0.0,1.0,0.0,0.0
UGA.3.7_1,2017-2020,0.0,0.0,3.0,0.0,0.0
UGA.3.7_1,2021-2024,0.0,0.0,0.0,0.0,1.0
UGA.30.1_1,2005-2008,0.0,0.0,0.0,0.0,0.0
UGA.30.1_1,2013-2016,0.0,0.0,0.0,0.0,3.0
UGA.30.2_1,1997-2000,0.0,0.0,0.0,0.0,3.0
UGA.30.2_1,2001-2004,0.0,0.0,0.0,0.0,0.0
UGA.30.2_1,2009-2012,0.0,0.0,0.0,0.0,1.0
UGA.31.1_1,2013-2016,0.0,0.0,0.0,0.0,1.0
UGA.32.1_1,2013-2016,0.0,0.0,0.0,0.0,0.0
UGA.33.1_1,2001-2004,0.0,0.0,0.0,0.0,30.0
UGA.33.1_1,2017-2020,0.0,0.0,0.0,0.0,1.0
UGA.33.2_1,1997-2000,0.0,0.0,0.0,0.0,0.0
UGA.33.2_1,2001-2004,0.0,0.0,0.0,0.0,289.0
UGA.33.2_1,2005-2008,0.0,0.0,0.0,0.0,10.0
UGA.33.2_1,2009-2012,0.0,0.0,0.0,0.0,1.0
UGA.33.3_1,2001-2004,0.0,0.0,0.0,0.0,5.0
UGA.33.4_1,1997-2000,0.0,0.0,0.0,0.0,2.0
UGA.33.4_1,2001-2004,1.0,0.0,0.0,0.0,69.0
UGA.33.4_1,2017-2020,0.0,0.0,3.0,0.0,0.0
UGA.33.4_1,2021-2024,0.0,0.0,1.0,0.0,0.0
UGA.33.5_1,2001-2004,0.0,0.0,0.0,0.0,16.0
UGA.33.6_1,1997-2000,0.0,0.0,0.0,0.0,0.0
UGA.33.6_1,2001-2004,0.0,0.0,0.0,0.0,10.0
UGA.33.6_1,2013-2016,0.0,0.0,0.0,0.0,1.0
UGA.34.1_1,2021-2024,0.0,0.0,0.0,0.0,2.0
UGA.34.2_1,2009-2012,0.0,0.0,2.0,0.0,0.0
UGA.34.2_1,2013-2016,0.0,0.0,0.0,0.0,1.0
UGA.34.2_1,2017-2020,0.0,0.0,2.0,0.0,0.0
UGA.34.2_1,2021-2024,0.0,0.0,1.0,0.0,2.0
UGA.34.3_1,2013-2016,2.0,0.0,0.0,0.0,0.0
UGA.34.3_1,2017-2020,0.0,0.0,0.0,0.0,2.0
UGA.34.3_1,2021-2024,0.0,0.0,3.0,0.0,2.0
UGA.35.1_1,2017-2020,0.0,0.0,0.0,0.0,1.0
UGA.35.2_1,2001-2004,0.0,0.0,0.0,0.0,0.0
UGA.35.2_1,2009-2012,0.0,0.0,0.0,0.0,2.0
UGA.35.2_1,2017-2020,0.0,0.0,0.0,0.0,1.0
UGA.35.2_1,2021-2024,0.0,0.0,1.0,0.0,2.0
UGA.35.3_1,2017-2020,0.0,0.0,1.0,0.0,0.0
UGA.35.4_1,2001-2004,0.0,0.0,0.0,0.0,2.0
UGA.35.4_1,2009-2012,0.0,0.0,2.0,0.0,0.0
UGA.35.4_1,2017-2020,0.0,0.0,0.0,0.0,1.0
UGA.35.4_1,2021-2024,0.0,0.0,1.0,0.0,4.0
UGA.36.3_1,2001-2004,0.0,0.0,0.0,0.0,0.0
UGA.36.3_1,2009-2012,0.0,0.0,0.0,0.0,1.0
UGA.36.4_1,2001-2004,0.0,0.0,0.0,0.0,0.0
UGA.36.4_1,2009-2012,0.0,0.0,0.0,0.0,0.0
UGA.36.4_1,2017-2020,0.0,0.0,2.0,0.0,1.0
UGA.37.1_1,2013-2016,0.0,0.0,0.0,0.0,1.0
UGA.37.1_1,2017-2020,0.0,0.0,1.0,0.0,0.0
UGA.38.1_1,1997-2000,0.0,0.0,0.0,0.0,0.0
UGA.38.2_1,2013-2016,0.0,0.0,0.0,0.0,1.0
UGA.38.2_1,2017-2020,0.0,0.0,1.0,0.0,0.0
UGA.38.3_1,2017-2020,0.0,0.0,2.0,0.0,1.0
UGA.38.4_1,2001-2004,0.0,0.0,0.0,0.0,4.0
UGA.38.4_1,2009-2012,0.0,0.0,0.0,0.0,0.0
UGA.38.4_1,2017-2020,0.0,0.0,0.0,0.0,2.0
UGA.38.4_1,2021-2024,0.0,0.0,2.0,0.0,1.0
UGA.39.1_1,2013-2016,0.0,0.0,1.0,0.0,0.0
UGA.39.1_1,2017-2020,0.0,0.0,5.0,0.0,0.0
UGA.39.1_1,2021-2024,0.0,0.0,0.0,0.0,1.0
UGA.39.2_1,1997-2000,0.0,0.0,0.0,0.0,0.0
UGA.39.2_1,2013-2016,0.0,0.0,1.0,0.0,0.0
UGA.39.2_1,2017-2020,0.0,0.0,1.0,0.0,0.0
UGA.39.4_1,2009-2012,0.0,0.0,1.0,0.0,0.0
UGA.39.6_1,2005-2008,0.0,0.0,0.0,0.0,4.0
UGA.39.6_1,2021-2024,0.0,0.0,2.0,0.0,1.0
UGA.39.7_1,2001-2004,0.0,0.0,1.0,0.0,0.0
UGA.39.7_1,2017-2020,0.0,0.0,0.0,0.0,1.0
UGA.39.8_1,2013-2016,0.0,0.0,2.0,0.0,1.0
UGA.4.1_1,2013-2016,0.0,0.0,0.0,0.0,1.0
UGA.4.1_1,2017-2020,0.0,0.0,2.0,0.0,0.0
UGA.4.1_1,2021-2024,0.0,0.0,3.0,0.0,0.0
UGA.40.1_1,2001-2004,0.0,0.0,0.0,0.0,2.0
UGA.40.1_1,2005-2008,0.0,0.0,0.0,0.0,0.0
UGA.40.1_1,2009-2012,0.0,0.0,0.0,0.0,0.0
UGA.40.1_1,2017-2020,0.0,0.0,1.0,0.0,1.0
UGA.40.1_1,2021-2024,0.0,0.0,3.0,0.0,0.0
UGA.40.2_1,2005-2008,0.0,0.0,0.0,0.0,5.0
UGA.40.2_1,2009-2012,0.0,0.0,0.0,0.0,6.0
UGA.40.2_1,2013-2016,0.0,0.0,0.0,0.0,1.0
UGA.40.2_1,2021-2024,0.0,0.0,0.0,0.0,1.0
UGA.40.3_1,2001-2004,0.0,0.0,0.0,0.0,14.0
UGA.40.3_1,2009-2012,0.0,0.0,0.0,0.0,1.0
UGA.40.3_1,2013-2016,0.0,0.0,1.0,0.0,0.0
UGA.40.3_1,2017-2020,0.0,0.0,0.0,0.0,2.0
UGA.40.3_1,2021-2024,0.0,0.0,0.0,0.0,3.0
UGA.41.1_1,2017-2020,0.0,0.0,3.0,0.0,1.0
UGA.41.2_1,2001-2004,0.0,0.0,0.0,0.0,0.0
UGA.41.2_1,2005-2008,0.0,0.0,0.0,0.0,0.0
UGA.41.2_1,2017-2020,0.0,0.0,0.0,0.0,1.0
UGA.42.1_1,2005-2008,0.0,0.0,3.0,0.0,0.0
UGA.42.1_1,2021-2024,0.0,0.0,1.0,0.0,0.0
UGA.42.2_1,2009-2012,0.0,0.0,0.0,0.0,0.0
UGA.42.2_1,2017-2020,0.0,0.0,1.0,0.0,3.0
UGA.42.2_1,2021-2024,0.0,0.0,1.0,0.0,0.0
UGA.42.3_1,2009-2012,0.0,0.0,2.0,0.0,0.0
UGA.42.3_1,2017-2020,0.0,0.0,2.0,0.0,0.0
UGA.43.2_1,2005-2008,0.0,0.0,0.0,0.0,0.0
UGA.43.2_1,2017-2020,0.0,0.0,0.0,0.0,0.0
UGA.43.3_1,2009-2012,0.0,0.0,0.0,0.0,1.0
UGA.43.3_1,2021-2024,0.0,0.0,0.0,0.0,1.0
UGA.43.4_1,2009-2012,0.0,0.0,2.0,0.0,0.0
UGA.43.4_1,2013-2016,0.0,0.0,0.0,0.0,2.0
UGA.43.4_1,2017-2020,0.0,0.0,1.0,0.0,0.0
UGA.44.1_1,2013-2016,0.0,1.0,0.0,0.0,0.0
UGA.44.1_1,2017-2020,0.0,0.0,0.0,0.0,1.0
UGA.44.1_1,2021-2024,0.0,0.0,2.0,0.0,0.0
UGA.44.3_1,2001-2004,0.0,0.0,0.0,0.0,0.0
UGA.44.3_1,2009-2012,0.0,0.0,2.0,0.0,2.0
UGA.44.3_1,2017-2020,0.0,0.0,3.0,0.0,1.0
UGA.44.3_1,2021-2024,0.0,0.0,4.0,0.0,1.0
UGA.44.4_1,2009-2012,0.0,0.0,0.0,0.0,1.0
UGA.44.4_1,2017-2020,0.0,0.0,0.0,0.0,2.0
UGA.45.1_1,1997-2000,0.0,0.0,0.0,0.0,0.0
UGA.45.1_1,2001-2004,0.0,0.0,0.0,0.0,7.0
UGA.45.1_1,2005-2008,0.0,0.0,0.0,0.0,0.0
UGA.45.1_1,2009-2012,0.0,0.0,0.0,0.0,0.0
UGA.45.1_1,2013-2016,0.0,0.0,0.0,0.0,0.0
UGA.45.2_1,2001-2004,0.0,0.0,0.0,0.0,0.0
UGA.45.2_1,2009-2012,0.0,0.0,0.0,0.0,2.0
UGA.45.2_1,2021-2024,0.0,0.0,0.0,0.0,0.0
UGA.45.3_1,2001-2004,0.0,0.0,0.0,0.0,0.0
UGA.45.3_1,2005-2008,0.0,0.0,0.0,0.0,1.0
UGA.45.3_1,2009-2012,0.0,0.0,0.0,0.0,1.0
UGA.46.1_1,1997-2000,1.0,0.0,0.0,0.0,0.0
UGA.46.1_1,2017-2020,0.0,0.0,0.0,0.0,1.0
UGA.47.1_1,1997-2000,0.0,0.0,0.0,0.0,1.0
UGA.47.1_1,2013-2016,0.0,0.0,0.0,0.0,1.0
UGA.47.2_1,2021-2024,0.0,0.0,0.0,0.0,0.0
UGA.47.3_1,2005-2008,0.0,0.0,0.0,0.0,5.0
UGA.49.1_1,1997-2000,0.0,0.0,0.0,0.0,10.0
UGA.49.1_1,2001-2004,1.0,0.0,0.0,0.0,63.0
UGA.49.1_1,2005-2008,0.0,0.0,0.0,0.0,17.0
UGA.49.1_1,2017-2020,0.0,0.0,0.0,0.0,1.0
UGA.49.2_1,1997-2000,1.0,0.0,0.0,0.0,0.0
UGA.49.2_1,2001-2004,11.0,0.0,0.0,0.0,24.0
UGA.49.2_1,2005-2008,0.0,0.0,1.0,0.0,19.0
UGA.49.2_1,2017-2020,0.0,0.0,1.0,1.0,0.0
UGA.5.1_1,1997-2000,0.0,0.0,0.0,0.0,65.0
UGA.5.1_1,2001-2004,0.0,0.0,0.0,0.0,13.0
UGA.5.1_1,2013-2016,0.0,0.0,0.0,0.0,12.0
UGA.5.2_1,2001-2004,0.0,0.0,0.0,0.0,0.0
UGA.5.2_1,2013-2016,0.0,0.0,0.0,0.0,0.0
UGA.5.2_1,2017-2020,0.0,0.0,0.0,0.0,5.0
UGA.50.2_1,2021-2024,0.0,0.0,1.0,0.0,0.0
UGA.50.3_1,2021-2024,0.0,0.0,2.0,0.0,0.0
UGA.51.1_1,2021-2024,0.0,0.0,2.0,0.0,0.0
UGA.51.2_1,2021-2024,0.0,0.0,0.0,0.0,1.0
UGA.51.3_1,2005-2008,0.0,0.0,0.0,0.0,0.0
UGA.51.3_1,2009-2012,0.0,0.0,1.0,0.0,0.0
UGA.51.3_1,2013-2016,0.0,0.0,3.0,0.0,0.0
UGA.51.3_1,2017-2020,0.0,0.0,0.0,0.0,9.0
UGA.51.3_1,2021-2024,0.0,0.0,2.0,0.0,0.0
UGA.51.4_1,2013-2016,0.0,0.0,0.0,0.0,1.0
UGA.51.4_1,2021-2024,0.0,0.0,1.0,0.0,1.0
UGA.52.1_1,1997-2000,0.0,0.0,0.0,0.0,2.0
UGA.52.1_1,2017-2020,0.0,0.0,2.0,0.0,0.0
UGA.52.2_1,2005-2008,0.0,0.0,0.0,0.0,0.0
UGA.52.2_1,2009-2012,0.0,0.0,0.0,0.0,1.0
UGA.52.2_1,2021-2024,0.0,0.0,0.0,0.0,1.0
UGA.53.2_1,2017-2020,0.0,0.0,0.0,0.0,1.0
UGA.53.2_1,2021-2024,0.0,0.0,1.0,0.0,0.0
UGA.54.2_1,2005-2008,0.0,0.0,0.0,0.0,2.0
UGA.54.2_1,2013-2016,0.0,0.0,0.0,0.0,0.0
UGA.54.2_1,2021-2024,0.0,0.0,0.0,0.0,0.0
UGA.55.4_1,1997-2000,0.0,0.0,0.0,0.0,2.0
UGA.55.4_1,2001-2004,0.0,0.0,0.0,0.0,17.0
UGA.55.4_1,2005-2008,0.0,0.0,0.0,0.0,0.0
UGA.55.4_1,2013-2016,0.0,0.0,0.0,0.0,1.0
UGA.55.4_1,2021-2024,0.0,0.0,2.0,0.0,0.0
UGA.56.1_1,2005-2008,0.0,0.0,0.0,0.0,0.0
UGA.56.1_1,2013-2016,0.0,0.0,0.0,0.0,2.0
UGA.56.1_1,2021-2024,0.0,0.0,3.0,0.0,1.0
UGA.56.3_1,2005-2008,0.0,0.0,0.0,0.0,1.0
UGA.56.3_1,2013-2016,0.0,0.0,1.0,0.0,3.0
UGA.56.3_1,2017-2020,0.0,0.0,0.0,0.0,1.0
UGA.56.4_1,2001-2004,0.0,0.0,1.0,0.0,0.0
UGA.56.4_1,2009-2012,0.0,0.0,0.0,0.0,1.0
UGA.57.1_1,2005-2008,0.0,0.0,0.0,0.0,0.0
UGA.57.1_1,2009-2012,0.0,0.0,4.0,0.0,0.0
UGA.57.1_1,2013-2016,0.0,0.0,0.0,0.0,1.0
UGA.57.1_1,2017-2020,0.0,0.0,2.0,0.0,4.0
UGA.57.1_1,2021-2024,0.0,0.0,1.0,0.0,0.0
UGA.57.2_1,1997-2000,0.0,0.0,0.0,0.0,0.0
UGA.57.2_1,2017-2020,0.0,0.0,0.0,0.0,2.0
UGA.57.2_1,2021-2024,0.0,1.0,1.0,0.0,0.0
UGA.57.3_1,2009-2012,0.0,0.0,1.0,0.0,11.0
UGA.57.3_1,2013-2016,0.0,0.0,0.0,0.0,1.0
UGA.57.3_1,2017-2020,0.0,0.0,3.0,0.0,6.0
UGA.57.3_1,2021-2024,0.0,0.0,0.0,0.0,3.0
UGA.58.1_1,2001-2004,0.0,0.0,0.0,0.0,3.0
UGA.58.1_1,2017-2020,0.0,0.0,1.0,0.0,0.0
UGA.58.1_1,2021-2024,0.0,0.0,1.0,0.0,2.0
UGA.6.1_1,2017-2020,0.0,1.0,0.0,0.0,0.0
UGA.6.2_1,1997-2000,0.0,0.0,0.0,0.0,0.0
UGA.6.3_1,2001-2004,0.0,0.0,0.0,0.0,1.0
UGA.6.3_1,2009-2012,0.0,0.0,0.0,0.0,0.0
UGA.6.3_1,2017-2020,0.0,0.0,0.0,0.0,1.0
UGA.6.4_1,2001-2004,0.0,0.0,0.0,0.0,0.0
UGA.6.5_1,2001-2004,0.0,0.0,0.0,0.0,5.0
UGA.6.5_1,2021-2024,0.0,0.0,1.0,0.0,0.0
UGA.7.1_1,2017-2020,0.0,0.0,1.0,0.0,0.0
UGA.7.1_1,2021-2024,0.0,0.0,1.0,0.0,0.0
UGA.8.1_1,2001-2004,0.0,0.0,0.0,0.0,66.0
UGA.8.1_1,2005-2008,0.0,0.0,0.0,0.0,7.0
UGA.8.2_1,1997-2000,18.0,0.0,0.0,0.0,14.0
UGA.8.2_1,2001-2004,0.0,0.0,0.0,0.0,72.0
UGA.8.2_1,2005-2008,0.0,0.0,9.0,0.0,0.0
UGA.8.2_1,2009-2012,0.0,0.0,3.0,0.0,2.0
UGA.8.2_1,2013-2016,0.0,0.0,0.0,0.0,0.0
UGA.8.2_1,2017-2020,0.0,0.0,0.0,0.0,3.0
UGA.8.2_1,2021-2024,0.0,0.0,1.0,0.0,1.0
UGA.8.3_1,1997-2000,0.0,0.0,0.0,0.0,18.0
UGA.8.3_1,2001-2004,0.0,0.0,0.0,0.0,47.0
UGA.8.3_1,2005-2008,0.0,0.0,0.0,0.0,6.0
UGA.8.3_1,2017-2020,0.0,0.0,1.0,0.0,0.0
UGA.8.4_1,1997-2000,0.0,0.0,0.0,0.0,8.0
UGA.8.4_1,2001-2004,0.0,0.0,0.0,0.0,12.0
UGA.8.4_1,2005-2008,0.0,0.0,0.0,0.0,73.0
UGA.8.4_1,2021-2024,0.0,0.0,0.0,0.0,3.0
UGA.8.5_1,2001-2004,0.0,0.0,0.0,0.0,39.0
UGA.8.5_1,2017-2020,0.0,0.0,1.0,0.0,0.0
UGA.8.5_1,2021-2024,0.0,0.0,1.0,0.0,0.0
UGA.9.1_1,2009-2012,0.0,2.0,1.0,0.0,1.0
UGA.9.1_1,2013-2016,0.0,0.0,0.0,0.0,0.0
UGA.9.1_1,2017-2020,0.0,0.0,7.0,0.0,5.0
UGA.9.1_1,2021-2024,0.0,0.0,2.0,0.0,1.0
UGA.9.2_1,2001-2004,0.0,0.0,0.0,0.0,0.0
UGA.9.2_1,2021-2024,0.0,0.0,1.0,0.0,0.0
ZAF.1.1_1,1997-2000,0.0,0.0,0.0,0.0,2.0
ZAF.1.1_1,2009-2012,0.0,0.0,0.0,0.0,2.0
ZAF.1.1_1,2013-2016,0.0,0.0,12.0,0.0,1.0
ZAF.1.1_1,2017-2020,0.0,0.0,7.0,0.0,1.0
ZAF.1.1_1,2021-2024,0.0,0.0,0.0,0.0,1.0
ZAF.1.2_1,1997-2000,0.0,0.0,1.0,0.0,0.0
ZAF.1.2_1,2009-2012,0.0,0.0,4.0,0.0,0.0
ZAF.1.2_1,2013-2016,0.0,0.0,9.0,0.0,3.0
ZAF.1.2_1,2017-2020,0.0,1.0,1.0,0.0,1.0
ZAF.1.2_1,2021-2024,0.0,0.0,0.0,0.0,4.0
ZAF.1.3_1,2009-2012,0.0,0.0,6.0,0.0,0.0
ZAF.1.3_1,2013-2016,0.0,0.0,2.0,0.0,5.0
ZAF.1.3_1,2017-2020,0.0,0.0,1.0,0.0,2.0
ZAF.1.3_1,2021-2024,0.0,0.0,0.0,0.0,1.0
ZAF.1.4_1,2001-2004,0.0,0.0,0.0,0.0,3.0
ZAF.1.4_1,2009-2012,0.0,0.0,1.0,0.0,0.0
ZAF.1.4_1,2013-2016,0.0,0.0,3.0,0.0,0.0
ZAF.1.4_1,2017-2020,0.0,0.0,3.0,0.0,0.0
ZAF.1.4_1,2021-2024,0.0,0.0,5.0,0.0,0.0
ZAF.1.5_1,2005-2008,2.0,0.0,0.0,0.0,0.0
ZAF.1.5_1,2009-2012,0.0,0.0,2.0,0.0,1.0
ZAF.1.5_1,2013-2016,0.0,0.0,1.0,0.0,0.0
ZAF.1.5_1,2017-2020,0.0,0.0,3.0,0.0,0.0
ZAF.1.5_1,2021-2024,0.0,0.0,7.0,0.0,0.0
ZAF.1.6_1,1997-2000,0.0,0.0,0.0,0.0,6.0
ZAF.1.6_1,2013-2016,0.0,0.0,1.0,0.0,0.0
ZAF.1.6_1,2021-2024,0.0,0.0,0.0,0.0,1.0
ZAF.1.7_1,1997-2000,0.0,0.0,0.0,0.0,1.0
ZAF.1.7_1,2009-2012,0.0,0.0,5.0,0.0,2.0
ZAF.1.7_1,2013-2016,0.0,0.0,14.0,0.0,3.0
ZAF.1.7_1,2017-2020,0.0,0.0,30.0,0.0,1.0
ZAF.1.7_1,2021-2024,0.0,0.0,5.0,0.0,2.0
ZAF.1.8_1,1997-2000,0.0,0.0,0.0,0.0,5.0
ZAF.1.8_1,2009-2012,0.0,0.0,9.0,0.0,5.0
ZAF.1.8_1,2013-2016,0.0,0.0,17.0,0.0,4.0
ZAF.1.8_1,2017-2020,0.0,0.0,3.0,0.0,0.0
ZAF.1.8_1,2021-2024,0.0,0.0,2.0,0.0,0.0
ZAF.2.1_1,2005-2008,0.0,0.0,1.0,0.0,0.0
ZAF.2.1_1,2013-2016,0.0,0.0,3.0,0.0,0.0
ZAF.2.1_1,2017-2020,0.0,0.0,1.0,0.0,0.0
ZAF.2.2_1,2001-2004,0.0,0.0,0.0,0.0,0.0
ZAF.2.2_1,2009-2012,0.0,0.0,1.0,0.0,2.0
ZAF.2.2_1,2013-2016,0.0,0.0,1.0,0.0,0.0
ZAF.2.2_1,2017-2020,0.0,0.0,1.0,0.0,5.0
ZAF.2.3_1,1997-2000,0.0,0.0,0.0,0.0,8.0
ZAF.2.3_1,2005-2008,0.0,0.0,0.0,0.0,1.0
ZAF.2.3_1,2013-2016,0.0,0.0,4.0,0.0,0.0
ZAF.2.3_1,2017-2020,0.0,0.0,2.0,0.0,1.0
ZAF.2.3_1,2021-2024,0.0,0.0,1.0,0.0,0.0
ZAF.2.4_1,2001-2004,0.0,0.0,0.0,0.0,0.0
ZAF.2.4_1,2009-2012,0.0,1.0,1.0,0.0,0.0
ZAF.2.4_1,2021-2024,0.0,0.0,1.0,0.0,0.0
ZAF.3.1_1,1997-2000,0.0,4.0,3.0,0.0,11.0
ZAF.3.1_1,2001-2004,1.0,0.0,5.0,0.0,10.0
ZAF.3.1_1,2005-2008,0.0,0.0,18.0,0.0,3.0
ZAF.3.1_1,2009-2012,0.0,0.0,8.0,0.0,17.0
ZAF.3.1_1,2013-2016,2.0,0.0,37.0,0.0,10.0
ZAF.3.1_1,2017-2020,0.0,0.0,33.0,0.0,15.0
ZAF.3.1_1,2021-2024,0.0,0.0,26.0,0.0,11.0
ZAF.3.2_1,1997-2000,0.0,0.0,3.0,0.0,4.0
ZAF.3.2_1,2001-2004,0.0,0.0,1.0,0.0,1.0
ZAF.3.2_1,2005-2008,0.0,0.0,2.0,0.0,5.0
ZAF.3.2_1,2009-2012,0.0,0.0,2.0,0.0,1.0
ZAF.3.2_1,2013-2016,0.0,0.0,23.0,0.0,5.0
ZAF.3.2_1,2017-2020,0.0,0.0,11.0,0.0,15.0
ZAF.3.2_1,2021-2024,0.0,0.0,2.0,0.0,1.0
ZAF.3.3_1,1997-2000,0.0,0.0,1.0,0.0,3.0
ZAF.3.3_1,2001-2004,0.0,2.0,0.0,0.0,0.0
ZAF.3.3_1,2005-2008,0.0,0.0,2.0,0.0,0.0
ZAF.3.3_1,2009-2012,0.0,0.0,0.0,0.0,3.0
ZAF.3.3_1,2013-2016,0.0,0.0,10.0,0.0,11.0
ZAF.3.3_1,2017-2020,0.0,0.0,7.0,0.0,12.0
ZAF.3.3_1,2021-2024,0.0,0.0,8.0,0.0,1.0
ZAF.3.4_1,1997-2000,0.0,0.0,0.0,0.0,8.0
ZAF.3.4_1,2009-2012,0.0,0.0,4.0,0.0,0.0
ZAF.3.4_1,2013-2016,0.0,0.0,1.0,0.0,2.0
ZAF.3.4_1,2017-2020,0.0,0.0,7.0,0.0,1.0
ZAF.3.5_1,1997-2000,0.0,0.0,2.0,0.0,0.0
ZAF.3.5_1,2005-2008,0.0,0.0,0.0,0.0,8.0
ZAF.3.5_1,2009-2012,0.0,0.0,5.0,0.0,3.0
ZAF.3.5_1,2013-2016,0.0,0.0,13.0,0.0,6.0
ZAF.3.5_1,2017-2020,0.0,0.0,1.0,0.0,0.0
ZAF.3.5_1,2021-2024,0.0,0.0,1.0,0.0,0.0
ZAF.4.10_1,1997-2000,0.0,0.0,0.0,0.0,6.0
ZAF.4.10_1,2005-2008,0.0,0.0,0.0,0.0,0.0
ZAF.4.10_1,2009-2012,0.0,0.0,1.0,0.0,2.0
ZAF.4.10_1,2013-2016,0.0,0.0,0.0,0.0,2.0
ZAF.4.10_1,2017-2020,0.0,0.0,2.0,0.0,1.0
ZAF.4.11_1,1997-2000,0.0,0.0,0.0,0.0,4.0
ZAF.4.11_1,2005-2008,0.0,0.0,0.0,0.0,3.0
ZAF.4.11_1,2009-2012,0.0,0.0,2.0,0.0,2.0
ZAF.4.11_1,2013-2016,0.0,0.0,2.0,0.0,5.0
ZAF.4.11_1,2017-2020,0.0,0.0,0.0,0.0,3.0
ZAF.4.1_1,1997-2000,0.0,0.0,0.0,0.0,2.0
ZAF.4.1_1,2013-2016,0.0,0.0,0.0,0.0,3.0
ZAF.4.1_1,2017-2020,0.0,0.0,0.0,0.0,2.0
ZAF.4.2_1,1997-2000,0.0,0.0,6.0,0.0,32.0
ZAF.4.2_1,2001-2004,0.0,0.0,0.0,0.0,15.0
ZAF.4.2_1,2005-2008,0.0,0.0,10.0,0.0,2.0
ZAF.4.2_1,2009-2012,0.0,0.0,14.0,0.0,22.0
ZAF.4.2_1,2013-2016,0.0,0.0,30.0,0.0,61.0
ZAF.4.2_1,2017-2020,0.0,2.0,23.0,0.0,28.0
ZAF.4.2_1,2021-2024,0.0,0.0,13.0,0.0,12.0
ZAF.4.3_1,1997-2000,0.0,0.0,0.0,0.0,4.0
ZAF.4.3_1,2009-2012,0.0,0.0,2.0,0.0,0.0
ZAF.4.3_1,2013-2016,0.0,0.0,0.0,0.0,5.0
ZAF.4.3_1,2017-2020,0.0,0.0,2.0,0.0,0.0
ZAF.4.4_1,1997-2000,0.0,0.0,0.0,0.0,0.0
ZAF.4.4_1,2009-2012,0.0,0.0,1.0,0.0,5.0
ZAF.4.4_1,2017-2020,0.0,0.0,1.0,0.0,3.0
ZAF.4.5_1,1997-2000,0.0,0.0,0.0,0.0,2.0
ZAF.4.5_1,2009-2012,0.0,0.0,0.0,0.0,3.0
ZAF.4.5_1,2013-2016,0.0,0.0,11.0,0.0,2.0
ZAF.4.5_1,2017-2020,0.0,0.0,0.0,0.0,4.0
ZAF.4.5_1,2021-2024,0.0,0.0,2.0,0.0,0.0
ZAF.4.6_1,1997-2000,0.0,0.0,0.0,0.0,55.0
ZAF.4.6_1,2001-2004,0.0,0.0,1.0,0.0,0.0
ZAF.4.6_1,2005-2008,0.0,0.0,0.0,0.0,2.0
ZAF.4.6_1,2009-2012,0.0,0.0,4.0,0.0,2.0
ZAF.4.6_1,2013-2016,0.0,0.0,2.0,0.0,6.0
ZAF.4.6_1,2017-2020,0.0,0.0,1.0,0.0,11.0
ZAF.4.6_1,2021-2024,0.0,0.0,11.0,0.0,2.0
ZAF.4.7_1,1997-2000,0.0,0.0,0.0,0.0,8.0
ZAF.4.7_1,2009-2012,0.0,0.0,0.0,0.0,1.0
ZAF.4.7_1,2017-2020,0.0,0.0,0.0,0.0,3.0
ZAF.4.7_1,2021-2024,0.0,0.0,1.0,0.0,0.0
ZAF.4.8_1,1997-2000,0.0,0.0,0.0,0.0,7.0
ZAF.4.8_1,2001-2004,0.0,0.0,0.0,0.0,1.0
ZAF.4.8_1,2009-2012,0.0,0.0,0.0,0.0,3.0
ZAF.4.8_1,2013-2016,0.0,0.0,1.0,0.0,9.0
ZAF.4.8_1,2017-2020,0.0,0.0,1.0,0.0,0.0
ZAF.4.8_1,2021-2024,0.0,0.0,3.0,0.0,0.0
ZAF.4.9_1,1997-2000,0.0,0.0,0.0,0.0,4.0
ZAF.4.9_1,2001-2004,0.0,0.0,0.0,0.0,7.0
ZAF.4.9_1,2009-2012,0.0,0.0,0.0,0.0,1.0
ZAF.4.9_1,2013-2016,0.0,0.0,0.0,0.0,9.0
ZAF.4.9_1,2017-2020,0.0,0.0,1.0,0.0,1.0
ZAF.4.9_1,2021-2024,0.0,0.0,1.0,0.0,0.0
ZAF.5.1_1,2001-2004,0.0,0.0,0.0,0.0,1.0
ZAF.5.1_1,2005-2008,0.0,0.0,1.0,0.0,2.0
ZAF.5.1_1,2009-2012,0.0,0.0,5.0,0.0,0.0
ZAF.5.1_1,2013-2016,0.0,0.0,3.0,0.0,2.0
ZAF.5.1_1,2017-2020,0.0,1.0,13.0,0.0,4.0
ZAF.5.1_1,2021-2024,0.0,0.0,1.0,0.0,0.0
ZAF.5.2_1,1997-2000,0.0,0.0,0.0,0.0,0.0
ZAF.5.2_1,2001-2004,0.0,0.0,0.0,0.0,1.0
ZAF.5.2_1,2005-2008,0.0,0.0,1.0,0.0,0.0
ZAF.5.2_1,2009-2012,0.0,0.0,9.0,0.0,1.0
ZAF.5.2_1,2013-2016,0.0,0.0,8.0,0.0,0.0
ZAF.5.2_1,2017-2020,0.0,0.0,4.0,0.0,0.0
ZAF.5.2_1,2021-2024,0.0,0.0,2.0,0.0,0.0
ZAF.5.3_1,1997-2000,0.0,0.0,1.0,0.0,0.0
ZAF.5.3_1,2005-2008,0.0,0.0,1.0,0.0,0.0
ZAF.5.3_1,2009-2012,0.0,0.0,3.0,0.0,0.0
ZAF.5.3_1,2013-2016,0.0,0.0,5.0,0.0,0.0
ZAF.5.3_1,2017-2020,0.0,0.0,6.0,0.0,2.0
ZAF.5.3_1,2021-2024,0.0,0.0,1.0,0.0,0.0
ZAF.5.4_1,2009-2012,0.0,0.0,1.0,0.0,1.0
ZAF.5.4_1,2013-2016,0.0,0.0,6.0,0.0,3.0
ZAF.5.4_1,2017-2020,0.0,0.0,19.0,0.0,1.0
ZAF.5.4_1,2021-2024,0.0,0.0,6.0,0.0,0.0
ZAF.5.5_1,2009-2012,0.0,0.0,1.0,0.0,0.0
ZAF.5.5_1,2013-2016,0.0,0.0,5.0,0.0,3.0
ZAF.5.5_1,2017-2020,0.0,0.0,1.0,0.0,4.0
ZAF.5.5_1,2021-2024,0.0,0.0,1.0,0.0,0.0
ZAF.6.1_1,2001-2004,0.0,0.0,0.0,0.0,1.0
ZAF.6.1_1,2005-2008,2.0,0.0,0.0,0.0,1.0
ZAF.6.1_1,2009-2012,0.0,1.0,1.0,0.0,3.0
ZAF.6.1_1,2013-2016,0.0,0.0,0.0,0.0,2.0
ZAF.6.1_1,2017-2020,0.0,0.0,9.0,0.0,1.0
ZAF.6.1_1,2021-2024,0.0,0.0,6.0,0.0,2.0
ZAF.6.2_1,2005-2008,0.0,0.0,0.0,0.0,1.0
ZAF.6.2_1,2009-2012,0.0,0.0,6.0,0.0,0.0
ZAF.6.2_1,2013-2016,0.0,0.0,4.0,0.0,0.0
ZAF.6.2_1,2017-2020,0.0,1.0,3.0,0.0,1.0
ZAF.6.2_1,2021-2024,0.0,1.0,0.0,0.0,0.0
ZAF.6.3_1,2001-2004,0.0,0.0,0.0,0.0,3.0
ZAF.6.3_1,2005-2008,0.0,0.0,1.0,0.0,0.0
ZAF.6.3_1,2009-2012,0.0,0.0,1.0,0.0,1.0
ZAF.6.3_1,2013-2016,0.0,0.0,1.0,0.0,1.0
ZAF.6.3_1,2017-2020,0.0,0.0,5.0,0.0,0.0
ZAF.6.3_1,2021-2024,0.0,0.0,3.0,0.0,1.0
ZAF.7.1_1,1997-2000,4.0,0.0,0.0,0.0,2.0
ZAF.7.1_1,2001-2004,0.0,0.0,0.0,0.0,2.0
ZAF.7.1_1,2009-2012,1.0,2.0,50.0,0.0,7.0
ZAF.7.1_1,2013-2016,0.0,1.0,18.0,0.0,16.0
ZAF.7.1_1,2017-2020,0.0,0.0,7.0,0.0,3.0
ZAF.7.1_1,2021-2024,0.0,0.0,2.0,0.0,1.0
ZAF.7.2_1,2005-2008,0.0,0.0,1.0,0.0,0.0
ZAF.7.2_1,2009-2012,0.0,0.0,0.0,0.0,1.0
ZAF.7.2_1,2013-2016,0.0,0.0,3.0,0.0,1.0
ZAF.7.2_1,2017-2020,0.0,0.0,0.0,0.0,1.0
ZAF.7.3_1,2009-2012,0.0,0.0,1.0,0.0,0.0
ZAF.7.3_1,2013-2016,0.0,0.0,2.0,0.0,2.0
ZAF.7.3_1,2017-2020,0.0,0.0,2.0,0.0,0.0
ZAF.7.4_1,2009-2012,0.0,1.0,0.0,0.0,0.0
ZAF.7.4_1,2013-2016,0.0,0.0,2.0,0.0,2.0
ZAF.7.4_1,2017-2020,0.0,0.0,6.0,0.0,1.0
ZAF.7.4_1,2021-2024,0.0,0.0,5.0,0.0,0.0
ZAF.8.1_1,2021-2024,0.0,0.0,0.0,0.0,1.0
ZAF.8.2_1,2009-2012,0.0,0.0,0.0,0.0,1.0
ZAF.8.2_1,2017-2020,0.0,0.0,0.0,0.0,1.0
ZAF.8.4_1,2009-2012,0.0,0.0,0.0,0.0,1.0
ZAF.8.5_1,2001-2004,0.0,0.0,0.0,0.0,4.0
ZAF.8.5_1,2013-2016,0.0,0.0,0.0,0.0,1.0
ZAF.8.5_1,2017-2020,0.0,0.0,0.0,0.0,3.0
ZAF.9.1_1,2009-2012,0.0,0.0,1.0,0.0,0.0
ZAF.9.1_1,2013-2016,0.0,0.0,2.0,0.0,1.0
ZAF.9.1_1,2017-2020,0.0,0.0,1.0,0.0,2.0
ZAF.9.2_1,2009-2012,0.0,0.0,0.0,0.0,1.0
ZAF.9.3_1,1997-2000,3.0,0.0,0.0,0.0,18.0
ZAF.9.3_1,2001-2004,0.0,0.0,5.0,0.0,16.0
ZAF.9.3_1,2005-2008,0.0,0.0,3.0,0.0,0.0
ZAF.9.3_1,2009-2012,0.0,0.0,34.0,0.0,8.0
ZAF.9.3_1,2013-2016,0.0,1.0,74.0,0.0,21.0
ZAF.9.3_1,2017-2020,0.0,0.0,34.0,0.0,32.0
ZAF.9.3_1,2021-2024,0.0,0.0,15.0,0.0,15.0
ZAF.9.4_1,2005-2008,0.0,0.0,1.0,0.0,0.0
ZAF.9.4_1,2009-2012,0.0,0.0,1.0,0.0,0.0
ZAF.9.4_1,2017-2020,0.0,0.0,1.0,0.0,1.0
ZAF.9.5_1,1997-2000,0.0,0.0,8.0,0.0,0.0
ZAF.9.5_1,2017-2020,0.0,2.0,0.0,0.0,0.0
ZAF.9.5_1,2021-2024,0.0,0.0,1.0,0.0,1.0
ZAF.9.6_1,2009-2012,0.0,0.0,0.0,0.0,2.0
ZAF.9.6_1,2017-2020,0.0,0.0,4.0,0.0,4.0
ZMB.1.11_2,2013-2016,0.0,0.0,1.0,0.0,0.0
ZMB.1.1_2,2013-2016,0.0,0.0,0.0,0.0,1.0
ZMB.1.5_2,2013-2016,0.0,0.0,0.0,0.0,0.0
ZMB.1.5_2,2017-2020,0.0,0.0,1.0,0.0,0.0
ZMB.1.6_2,2009-2012,0.0,0.0,1.0,0.0,0.0
ZMB.1.9_2,2017-2020,0.0,0.0,1.0,0.0,1.0
ZMB.10.13_2,2017-2020,0.0,0.0,0.0,0.0,2.0
ZMB.10.2_2,1997-2000,0.0,0.0,0.0,0.0,1.0
ZMB.10.2_2,2017-2020,0.0,0.0,1.0,0.0,0.0
ZMB.2.10_2,2005-2008,0.0,0.0,0.0,0.0,9.0
ZMB.2.10_2,2009-2012,0.0,0.0,1.0,0.0,0.0
ZMB.2.10_2,2013-2016,0.0,0.0,2.0,0.0,1.0
ZMB.2.10_2,2017-2020,0.0,0.0,2.0,0.0,0.0
ZMB.2.1_2,2005-2008,0.0,0.0,12.0,0.0,0.0
ZMB.2.1_2,2017-2020,0.0,0.0,1.0,0.0,0.0
ZMB.2.2_2,2001-2004,0.0,0.0,3.0,0.0,3.0
ZMB.2.2_2,2017-2020,0.0,0.0,0.0,0.0,2.0
ZMB.2.2_2,2021-2024,0.0,0.0,1.0,0.0,1.0
ZMB.2.3_2,2009-2012,0.0,0.0,4.0,0.0,0.0
ZMB.2.3_2,2013-2016,0.0,0.0,1.0,0.0,0.0
ZMB.2.3_2,2017-2020,0.0,0.0,1.0,0.0,0.0
ZMB.2.4_2,2001-2004,0.0,0.0,2.0,0.0,5.0
ZMB.2.4_2,2009-2012,0.0,0.0,10.0,0.0,0.0
ZMB.2.4_2,2017-2020,0.0,0.0,1.0,0.0,1.0
ZMB.2.4_2,2021-2024,0.0,0.0,1.0,0.0,0.0
ZMB.2.7_2,2017-2020,0.0,0.0,0.0,0.0,1.0
ZMB.3.5_2,2017-2020,0.0,0.0,1.0,0.0,0.0
ZMB.3.6_2,2017-2020,0.0,0.0,1.0,0.0,0.0
ZMB.3.8_2,2005-2008,0.0,0.0,0.0,0.0,12.0
ZMB.3.8_2,2013-2016,0.0,0.0,2.0,0.0,0.0
ZMB.4.10_2,2017-2020,0.0,0.0,0.0,0.0,1.0
ZMB.4.12_2,2013-2016,0.0,0.0,1.0,0.0,0.0
ZMB.4.2_2,2017-2020,0.0,0.0,4.0,0.0,0.0
ZMB.5.3_2,2013-2016,0.0,0.0,0.0,0.0,1.0
ZMB.5.4_2,2013-2016,0.0,0.0,1.0,0.0,0.0
ZMB.5.6_2,1997-2000,1.0,0.0,0.0,0.0,1.0
ZMB.5.6_2,2001-2004,0.0,0.0,1.0,0.0,7.0
ZMB.5.6_2,2005-2008,0.0,0.0,5.0,0.0,37.0
ZMB.5.6_2,2009-2012,0.0,0.0,10.0,0.0,18.0
ZMB.5.6_2,2013-2016,1.0,2.0,4.0,0.0,5.0
ZMB.5.6_2,2017-2020,0.0,3.0,8.0,0.0,3.0
ZMB.5.6_2,2021-2024,0.0,0.0,0.0,0.0,3.0
ZMB.5.7_2,2009-2012,0.0,0.0,0.0,0.0,1.0
ZMB.6.3_2,2001-2004,0.0,0.0,1.0,0.0,0.0
ZMB.6.7_2,1997-2000,0.0,0.0,0.0,0.0,1.0
ZMB.6.8_2,2005-2008,0.0,0.0,0.0,0.0,3.0
ZMB.6.8_2,2013-2016,0.0,0.0,0.0,0.0,1.0
ZMB.6.8_2,2017-2020,0.0,0.0,1.0,0.0,0.0
ZMB.6.9_2,2017-2020,0.0,0.0,1.0,0.0,0.0
ZMB.7.10_2,2017-2020,0.0,0.0,1.0,0.0,1.0
ZMB.7.10_2,2021-2024,0.0,0.0,1.0,0.0,0.0
ZMB.7.11_2,2013-2016,0.0,0.0,1.0,0.0,0.0
ZMB.7.1_2,1997-2000,0.0,0.0,0.0,0.0,0.0
ZMB.7.6_2,2017-2020,0.0,0.0,0.0,0.0,1.0
ZMB.7.8_2,2017-2020,0.0,0.0,1.0,0.0,0.0
ZMB.7.9_2,2005-2008,0.0,0.0,1.0,0.0,0.0
ZMB.7.9_2,2017-2020,0.0,0.0,1.0,0.0,0.0
ZMB.8.12_2,2009-2012,0.0,0.0,0.0,0.0,1.0
ZMB.8.2_2,1997-2000,0.0,0.0,0.0,0.0,1.0
ZMB.8.3_2,2017-2020,0.0,0.0,2.0,0.0,0.0
ZMB.8.9_2,2021-2024,0.0,0.0,2.0,0.0,0.0
ZMB.9.10_2,2017-2020,0.0,0.0,1.0,0.0,0.0
ZMB.9.11_2,2017-2020,0.0,0.0,0.0,0.0,1.0
ZMB.9.12_2,1997-2000,0.0,0.0,0.0,0.0,1.0
ZMB.9.12_2,2009-2012,0.0,0.0,1.0,0.0,0.0
ZMB.9.3_2,2017-2020,0.0,0.0,3.0,0.0,0.0
ZMB.9.5_2,2013-2016,0.0,0.0,0.0,0.0,1.0
ZMB.9.6_2,2013-2016,0.0,0.0,0.0,0.0,0.0
ZMB.9.7_2,2013-2016,0.0,0.0,0.0,0.0,1.0
ZMB.9.7_2,2017-2020,0.0,0.0,2.0,0.0,0.0
ZWE.1.1_2,1997-2000,0.0,0.0,2.0,0.0,5.0
ZWE.1.1_2,2001-2004,0.0,0.0,0.0,0.0,5.0
ZWE.1.1_2,2005-2008,0.0,0.0,0.0,0.0,1.0
ZWE.1.1_2,2009-2012,0.0,0.0,0.0,0.0,2.0
ZWE.1.1_2,2013-2016,0.0,0.0,0.0,0.0,1.0
ZWE.1.1_2,2017-2020,2.0,0.0,3.0,0.0,1.0
ZWE.1.1_2,2021-2024,0.0,0.0,2.0,0.0,0.0
ZWE.10.12_2,2001-2004,0.0,0.0,0.0,0.0,1.0
ZWE.10.4_2,1997-2000,0.0,0.0,0.0,0.0,2.0
ZWE.10.4_2,2001-2004,0.0,0.0,0.0,0.0,3.0
ZWE.10.4_2,2005-2008,0.0,0.0,0.0,0.0,2.0
ZWE.10.4_2,2009-2012,0.0,0.0,0.0,0.0,2.0
ZWE.10.6_2,2009-2012,0.0,0.0,0.0,0.0,1.0
ZWE.10.6_2,2021-2024,0.0,0.0,0.0,0.0,1.0
ZWE.10.7_2,2001-2004,0.0,0.0,0.0,0.0,1.0
ZWE.10.7_2,2013-2016,0.0,0.0,0.0,0.0,1.0
ZWE.10.7_2,2017-2020,0.0,0.0,0.0,0.0,1.0
ZWE.10.8_2,1997-2000,0.0,0.0,0.0,0.0,2.0
ZWE.10.8_2,2001-2004,0.0,0.0,0.0,0.0,1.0
ZWE.10.8_2,2005-2008,0.0,0.0,0.0,0.0,1.0
ZWE.10.8_2,2013-2016,0.0,0.0,0.0,0.0,4.0
ZWE.10.8_2,2017-2020,0.0,0.0,1.0,0.0,3.0
ZWE.10.9_2,1997-2000,0.0,0.0,0.0,0.0,3.0
ZWE.10.9_2,2001-2004,0.0,0.0,0.0,0.0,1.0
ZWE.2.1_2,1997-2000,0.0,0.0,1.0,0.0,0.0
ZWE.2.1_2,2001-2004,0.0,0.0,0.0,0.0,2.0
ZWE.2.1_2,2005-2008,0.0,0.0,0.0,0.0,14.0
ZWE.2.1_2,2009-2012,0.0,0.0,0.0,0.0,3.0
ZWE.2.1_2,2013-2016,0.0,0.0,0.0,0.0,3.0
ZWE.2.1_2,2021-2024,0.0,0.0,1.0,0.0,0.0
ZWE.2.2_2,2001-2004,0.0,0.0,0.0,0.0,12.0
ZWE.2.2_2,2005-2008,0.0,0.0,0.0,0.0,1.0
ZWE.2.3_2,1997-2000,0.0,0.0,3.0,0.0,22.0
ZWE.2.3_2,2001-2004,0.0,0.0,0.0,0.0,15.0
ZWE.2.3_2,2005-2008,0.0,3.0,0.0,0.0,10.0
ZWE.2.3_2,2009-2012,0.0,0.0,1.0,0.0,24.0
ZWE.2.3_2,2013-2016,1.0,0.0,5.0,0.0,0.0
ZWE.2.3_2,2017-2020,0.0,0.0,16.0,0.0,10.0
ZWE.2.4_2,2005-2008,0.0,0.0,0.0,0.0,1.0
ZWE.3.1_2,1997-2000,0.0,0.0,0.0,0.0,2.0
ZWE.3.1_2,2001-2004,0.0,0.0,0.0,0.0,2.0
ZWE.3.2_2,2001-2004,0.0,0.0,0.0,0.0,1.0
ZWE.3.2_2,2005-2008,0.0,0.0,0.0,0.0,1.0
ZWE.3.2_2,2013-2016,0.0,0.0,0.0,0.0,1.0
ZWE.3.3_2,2009-2012,0.0,0.0,0.0,0.0,1.0
ZWE.3.4_2,2001-2004,0.0,0.0,0.0,0.0,4.0
ZWE.3.4_2,2013-2016,0.0,0.0,5.0,0.0,1.0
ZWE.3.5_2,2001-2004,0.0,0.0,0.0,0.0,1.0
ZWE.3.5_2,2005-2008,0.0,0.0,0.0,0.0,6.0
ZWE.3.5_2,2013-2016,0.0,0.0,0.0,0.0,2.0
ZWE.3.6_2,2001-2004,0.0,0.0,0.0,0.0,1.0
ZWE.3.6_2,2009-2012,0.0,0.0,0.0,0.0,1.0
ZWE.3.6_2,2013-2016,0.0,0.0,0.0,0.0,2.0
ZWE.3.6_2,2017-2020,0.0,0.0,0.0,0.0,0.0
ZWE.3.7_2,1997-2000,0.0,0.0,1.0,0.0,2.0
ZWE.3.7_2,2001-2004,0.0,0.0,0.0,0.0,1.0
ZWE.3.7_2,2009-2012,0.0,0.0,0.0,0.0,1.0
ZWE.3.7_2,2013-2016,0.0,0.0,1.0,0.0,0.0
ZWE.3.7_2,2017-2020,0.0,0.0,1.0,0.0,2.0
ZWE.3.8_2,2001-2004,0.0,0.0,0.0,0.0,1.0
ZWE.3.8_2,2005-2008,0.0,0.0,0.0,0.0,3.0
ZWE.3.8_2,2009-2012,0.0,0.0,0.0,0.0,1.0
ZWE.3.8_2,2017-2020,0.0,0.0,0.0,0.0,1.0
ZWE.3.9_2,2009-2012,0.0,0.0,0.0,0.0,2.0
ZWE.3.9_2,2017-2020,0.0,0.0,0.0,0.0,1.0
ZWE.4.10_2,2001-2004,0.0,0.0,0.0,0.0,1.0
ZWE.4.10_2,2005-2008,0.0,0.0,0.0,0.0,6.0
ZWE.4.10_2,2009-2012,0.0,0.0,0.0,0.0,1.0
ZWE.4.2_2,1997-2000,0.0,0.0,0.0,0.0,1.0
ZWE.4.2_2,2001-2004,0.0,0.0,0.0,0.0,7.0
ZWE.4.2_2,2017-2020,0.0,0.0,0.0,0.0,0.0
ZWE.4.3_2,1997-2000,0.0,0.0,0.0,0.0,2.0
ZWE.4.3_2,2005-2008,0.0,0.0,0.0,0.0,17.0
ZWE.4.4_2,2001-2004,0.0,0.0,0.0,0.0,4.0
ZWE.4.4_2,2017-2020,0.0,0.0,1.0,0.0,0.0
ZWE.4.5_2,1997-2000,0.0,0.0,0.0,0.0,1.0
ZWE.4.5_2,2005-2008,0.0,0.0,0.0,0.0,5.0
ZWE.4.5_2,2009-2012,0.0,0.0,0.0,0.0,2.0
ZWE.4.5_2,2017-2020,0.0,0.0,0.0,0.0,1.0
ZWE.4.5_2,2021-2024,0.0,0.0,1.0,0.0,0.0
ZWE.4.7_2,2001-2004,0.0,0.0,0.0,0.0,2.0
ZWE.5.10_2,2005-2008,0.0,0.0,0.0,0.0,3.0
ZWE.5.10_2,2009-2012,0.0,0.0,0.0,0.0,1.0
ZWE.5.10_2,2013-2016,0.0,0.0,1.0,0.0,0.0
ZWE.5.11_2,2005-2008,0.0,0.0,0.0,0.0,6.0
ZWE.5.11_2,2013-2016,0.0,0.0,0.0,0.0,1.0
ZWE.5.1_2,2017-2020,0.0,0.0,0.0,0.0,0.0
ZWE.5.3_2,2013-2016,0.0,0.0,1.0,0.0,0.0
ZWE.5.5_2,1997-2000,0.0,0.0,0.0,0.0,2.0
ZWE.5.5_2,2005-2008,0.0,0.0,0.0,0.0,2.0
ZWE.5.5_2,2013-2016,0.0,0.0,0.0,0.0,1.0
ZWE.5.5_2,2017-2020,0.0,0.0,1.0,0.0,0.0
ZWE.5.6_2,1997-2000,0.0,0.0,0.0,0.0,2.0
ZWE.5.6_2,2001-2004,0.0,0.0,0.0,0.0,1.0
ZWE.5.6_2,2005-2008,0.0,0.0,0.0,0.0,3.0
ZWE.5.6_2,2009-2012,0.0,0.0,0.0,0.0,1.0
ZWE.5.7_2,1997-2000,0.0,0.0,0.0,0.0,3.0
ZWE.5.7_2,2001-2004,0.0,0.0,0.0,0.0,3.0
ZWE.5.7_2,2005-2008,0.0,0.0,0.0,0.0,4.0
ZWE.5.7_2,2009-2012,0.0,0.0,0.0,0.0,0.0
ZWE.5.8_2,2001-2004,0.0,0.0,0.0,0.0,2.0
ZWE.5.8_2,2005-2008,0.0,0.0,0.0,0.0,1.0
ZWE.5.8_2,2017-2020,0.0,0.0,0.0,0.0,1.0
ZWE.6.11_2,2005-2008,0.0,0.0,0.0,0.0,1.0
ZWE.6.12_2,2001-2004,0.0,0.0,0.0,0.0,2.0
ZWE.6.13_2,2005-2008,0.0,0.0,0.0,0.0,1.0
ZWE.6.13_2,2009-2012,0.0,0.0,0.0,0.0,2.0
ZWE.6.1_2,2001-2004,0.0,0.0,0.0,0.0,2.0
ZWE.6.1_2,2005-2008,0.0,0.0,0.0,0.0,1.0
ZWE.6.1_2,2013-2016,0.0,0.0,1.0,0.0,0.0
ZWE.6.2_2,1997-2000,0.0,0.0,1.0,0.0,0.0
ZWE.6.2_2,2009-2012,0.0,0.0,0.0,0.0,2.0
ZWE.6.2_2,2017-2020,0.0,0.0,1.0,0.0,0.0
ZWE.6.3_2,2017-2020,0.0,0.0,2.0,0.0,0.0
ZWE.6.4_2,2001-2004,0.0,0.0,0.0,0.0,3.0
ZWE.6.4_2,2005-2008,0.0,0.0,0.0,0.0,5.0
ZWE.6.5_2,2009-2012,0.0,0.0,0.0,0.0,1.0
ZWE.6.7_2,1997-2000,0.0,0.0,0.0,0.0,2.0
ZWE.6.8_2,2001-2004,0.0,0.0,0.0,0.0,2.0
ZWE.6.8_2,2005-2008,0.0,0.0,0.0,0.0,1.0
ZWE.6.8_2,2013-2016,0.0,0.0,0.0,0.0,2.0
ZWE.7.1_2,1997-2000,0.0,0.0,0.0,0.0,1.0
ZWE.7.1_2,2001-2004,0.0,0.0,0.0,0.0,2.0
ZWE.7.3_2,2005-2008,0.0,0.0,0.0,0.0,1.0
ZWE.7.4_2,1997-2000,0.0,0.0,0.0,0.0,1.0
ZWE.7.5_2,2001-2004,0.0,0.0,0.0,0.0,2.0
ZWE.7.7_2,2001-2004,0.0,0.0,0.0,0.0,2.0
ZWE.7.8_2,2001-2004,0.0,0.0,2.0,0.0,1.0
ZWE.7.8_2,2009-2012,0.0,0.0,0.0,0.0,2.0
ZWE.7.8_2,2013-2016,0.0,0.0,0.0,0.0,1.0
ZWE.7.8_2,2017-2020,0.0,0.0,1.0,0.0,0.0
ZWE.7.9_2,2001-2004,0.0,0.0,0.0,0.0,4.0
ZWE.7.9_2,2005-2008,0.0,0.0,0.0,0.0,4.0
ZWE.7.9_2,2009-2012,0.0,0.0,0.0,0.0,2.0
ZWE.7.9_2,2013-2016,0.0,0.0,0.0,0.0,1.0
ZWE.8.2_2,2013-2016,0.0,0.0,1.0,0.0,0.0
ZWE.8.4_2,2001-2004,0.0,0.0,0.0,0.0,1.0
ZWE.8.5_2,2001-2004,0.0,0.0,0.0,0.0,2.0
ZWE.8.5_2,2017-2020,0.0,0.0,0.0,0.0,0.0
ZWE.8.7_2,1997-2000,0.0,0.0,0.0,0.0,1.0
ZWE.8.7_2,2009-2012,0.0,0.0,0.0,0.0,1.0
ZWE.8.8_2,2013-2016,0.0,0.0,0.0,0.0,1.0
ZWE.8.8_2,2017-2020,2.0,0.0,0.0,0.0,0.0
ZWE.8.9_2,2013-2016,0.0,0.0,0.0,0.0,2.0
ZWE.8.9_2,2017-2020,0.0,0.0,0.0,0.0,1.0
ZWE.9.10_2,2017-2020,0.0,0.0,0.0,0.0,1.0
ZWE.9.2_2,2017-2020,0.0,0.0,3.0,0.0,2.0
ZWE.9.5_2,2017-2020,0.0,0.0,1.0,0.0,1.0
ZWE.9.6_2,2017-2020,0.0,0.0,1.0,0.0,0.0
ZWE.9.8_2,2005-2008,0.0,0.0,0.0,0.0,2.0
ZWE.9.9_2,2017-2020,0.0,0.0,1.0,0.0,0.0
